:100000000C94E24E0C94134F0C94134F0C94134F1A
:100010000C94134F0C94134F0C94134F0C94134FD8
:100020000C94134F0C94134F0C94134F0C94134FC8
:100030000C940A690C94134F0D9418060C94DC80F0
:100040000C94134F0D94D70B0C94134F0C94134F27
:100050000C94134F0C94134F0C94134F0C943B5A65
:100060000C94134F0C94134F0C94134F0C94134F88
:100070000C94134F0C94DA5C0C94134F0C94134FA4
:100080000D944C080C94134F0C94134F0C94134F75
:100090000C945D630C94134F0C94134F0C94134FFA
:1000A0000C94134F0C94134F0C94E2690C94134F5F
:1000B0000C94134F0C94C4690C94134F0C94134F6D
:1000C0000C94134F0C94134F0C94134F0C94A16386
:1000D0000C94134F0C94134F0C94134F0C94134F18
:1000E0000C94134F0000000000000000000000000E
:1000F0000000000000000000000000000000000000
:10010000A55AB44B9C306C01EFE372668FC4931D0B
:10011000E9022C035E039303F40332048404C10454
:100120001F055C058D05A605BA05CD05E105F6059B
:100130000B061E06520673068806AB06D806EB06AB
:10014000FD0612075E078A07C507E802D807E10720
:100150004D087A08D5083209C909060A680ABB0A97
:10016000280B490B910B020C380C8B0CE30CF70C91
:100170002B0D570D960DC40D140E6B0EE00EA10F36
:10018000A90FB70FBF0FCB0FD20FDA0FE00FE50F9C
:10019000F30FFE0FE80204100810E8020E1017100B
:1001A00026103910431054106710E802761083109F
:1001B0009610A610B610E802C610D110DE10E81096
:1001C000F210FF1021112F11381149115611E802B8
:1001D00067117911E80286119711A611B611C6119F
:1001E000D611E911FC110D121A1221123312E80274
:1001F000401247124B125012611266126E127C129C
:100200008012E8028F1298129C12A012B312C4122C
:10021000EA12F61205133413411351135E137113CE
:1002200077137E1385139713A913B613CB13D51326
:10023000E713F41300140E141E143314441458144A
:100240006914781487149614A514B514C314CA1429
:10025000D514E802DC14E71424155A156E15791527
:100260008D15A015BA15EC15E802E8023B16AC1680
:100270001A176517B017E8170D18341845184C18D9
:100280005A186118711885189918D31826196D19FC
:10029000C4191D1A6F1AC31AEF1A3D1B671BD31B13
:1002A000661C8D1CAB1CD21C0A1D471D591D7F1DD1
:1002B000CD1DFE1D781ECC1E2E1F611FE21F362095
:1002C0007E20B920D32043217321E8216F22072308
:1002D0008823EC237124FF249B252126E80229266C
:1002E00031263926E8023F264426A226AE26B3262A
:1002F000C626DA26EF26FD260D27202732273A27A5
:10030000412752276727782783279327A227E802C8
:10031000B427C127D127E427F727FF27E8020C28B5
:100320002028352849285D28722887289C28AC2851
:10033000D428E528F828072919292E2936294829FB
:100340004F29562963296F297B298E299829A529A8
:10035000B029BC29C829D629002A7A2AF22A132BC7
:10036000812B8B2B962BA12BAC2BC12BD52BE12BCF
:10037000F52B052C182C2D2C3C2C502C612C732C7F
:10038000852C932CA62CB22CC72CD72CE82CFD2C1A
:10039000122D272D3C2D512D662DE8027B2D8B2D06
:1003A000A02DB02DC32DD72DEA2DF62D052E1A2EFA
:1003B0002F2E442E532E672E782E8D2EA22EB72E42
:1003C000CA2EDD2EF02E052F1A2F2E2F432F532F3E
:1003D000662F7A2F8F2FA42FB82FCD2FDC2FEB2F46
:1003E000FE2F3830493094300050726F626C656D6A
:1003F000652072656E636F6E7472652C20636C6924
:100400007175657A20737572206C6520626F7574E2
:100410006F6E20706F7572206E6976656C6C657298
:10042000206C27617865205A2E2E2E004368617556
:100430006666616765206465736163746976656586
:1004400020706172206C6520636F6D7074657572C9
:100450002064652073656375726974652E00472D8D
:10046000636F6465206120657465207072657061DA
:10047000726520706F757220756E206E6976656189
:100480007520646966662E20436F6E74696E7565AB
:10049000723F00472D636F6465206120657465209D
:1004A0007072657061726520706F757220756E2054
:1004B0006E697665617520646966666572656E74DD
:1004C0002E204465636F75706572206C65206D6FBA
:1004D00064656C652061206E6F75766561752E2090
:1004E000496D7072657373696F6E20616E6E756CA5
:1004F00065652E00472D636F646520612065746516
:10050000207072657061726520706F757220756EF3
:10051000652046572076657273696F6E20706C7522
:100520007320726563656E74652E20436F6E742E42
:100530003F00472D636F64652061206574652070FE
:1005400072657061726520706F757220756E206EB5
:100550006F75766561752046572E204D65747472EF
:10056000652061206A6F7572206C652046572E20C9
:10057000496D7072657373696F6E20616E6E756C14
:1005800065652E00472D636F646520612065746585
:10059000207072657061726520706F757220756E63
:1005A0002074797065206427696D2D207072696DE3
:1005B000616E7465206469662E20436F6E742E3FF1
:1005C00000472D636F646520706F757220756E2013
:1005D00074797065206427696D7072696D616E74DD
:1005E0006520646966666572656E742E2044656375
:1005F0006F75706572206C65206D6F64656C652029
:1006000061206E6F75766561752E20496D7072651B
:100610007373696F6E20616E6E756C65652E004137
:1006200070707579657A20737572206C6520626FC1
:1006300075746F6E20706F7572207072656368617B
:100640007566666572206C612062757365206574DD
:1006500020636F6E74696E7565722E0041707075DF
:1006600079657A20737572206C6520626F75746F7E
:100670006E20706F75722064656368617267657261
:10068000206C652066696C616D656E740065742010
:100690006170707579657A20737572206C6520625F
:1006A0006F75746F6E00496E736572657A206C6544
:1006B0002066696C616D656E7400436F756C65755D
:1006C0007220696E636F7272656374650046696C4F
:1006D000616D656E74206E6F6E2063686172676510
:1006E000004368616E676520636F7272656374654D
:1006F0006D656E743F0043686172672E20646520EB
:100700006C6120636F756C657572004368616E671C
:10071000656D656E742072657573736921004F7520
:100720007672657A206C2769646C65722065742026
:100730007265746972657A206C652066696C616D9A
:10074000656E74206D616E75656C6C656D656E743B
:100750002E0044656368617267656D656E74206420
:10076000752066696C616D656E7420726575737352
:10077000693F004D657474657A2061206A6F7572F7
:10078000206C652046572E004E6F7576656C6C6543
:100790002076657273696F6E206465204657206409
:1007A0006973706F6E69626C653A00417474656E4E
:1007B000746520647520726566726F69646973730D
:1007C000656D656E74206465206C6120736F6E6466
:1007D000652050494E4441004D657263692064654F
:1007E0002070617469656E74657200506173206475
:1007F00065206D6F7576656D656E742E004174743D
:10080000656E7465207574696C6973617465757261
:100810002E00556E652074656D7065726174757219
:100820006520616D6269616E746520737461626CCC
:10083000652064652032312D323643206574207581
:100840006E20737570706F727420737461626C6562
:1008500020736F6E74207265717569732E00566512
:1008600075696C6C657A20642761626F7264206CB4
:10087000616E636572206C612063616C6962726194
:1008800074696F6E2058595A2E00506C61717565ED
:1008900020252E37730A5A206F66667365743A20D6
:1008A000252B312E33666D6D0A2563436F6E746997
:1008B0006E7565720A25635265696E697469616C4B
:1008C000697365720043686F697820647520666992
:1008D0006C616D656E743A003E416E6E756C65724A
:1008E000004C616E63656D656E74206465206C27D5
:1008F000417373697374616E74207375707072697B
:100900006D657261206C657320726573756C7461BE
:1009100074732061637475656C7320646520636112
:100920006C6962726174696F6E20657420636F6DAB
:100930006D656E63657261206475206465627574AF
:100940002E20436F6E74696E7565723F005072653C
:10095000636861756666616765206465206C612007
:10096000627573652E204D65726369206465207021
:10097000617469656E7465722E00566575696C6C7C
:10098000657A20696E7365726572206C6520666990
:100990006C616D656E742064616E73206C27657880
:1009A000747275646575722C20707569732061703E
:1009B000707579657A20737572206C6520626F7529
:1009C000746F6E20706F7572206C65206368617241
:1009D0006765722E00496E7365726572206C6520C2
:1009E00066696C616D656E742064616E73206C6500
:1009F000207072656D69657220747562652064751A
:100A0000204D4D552C20707569732061707075797B
:100A1000657A20737572206C6520626F75746F6ED5
:100A200020706F7572206C652063686172676572F3
:100A30002E004C27696D7072696D616E746520635C
:100A40006F6D6D656E63657261206120696D707296
:100A5000696D657220756E65206C69676E652065CD
:100A60006E207A69672D7A61672E20546F75726ED9
:100A7000657A206C6520626F75746F6E206A75737D
:100A8000717527612061747465696E647265206C8C
:100A9000612068617574657572206F7074696D612D
:100AA0006C652E20436F6E73756C74657A206C656F
:100AB000732070686F746F732064616E73206C654F
:100AC000206D616E75656C2E0053656C656374698D
:100AD0006F6E6E657A206C612074656D70657261F1
:100AE000747572652071756920636F7272657370B9
:100AF0006F6E64206120766F747265206D6174651D
:100B0000726961752E0043686F6973697373657AE2
:100B100020756E2066696C616D656E7420706F75EE
:100B200072206C612043616C6962726174696F6EDE
:100B3000206465206C61205072656D696572652066
:100B4000436F756368652065742073656C656374B5
:100B5000696F6E6E657A2D6C652064616E73206CB2
:100B600065206D656E752E004D61696E74656E61F0
:100B70006E74206A6520766169732063616C6962B6
:100B8000726572206C612064697374616E636520A4
:100B9000656E747265206465206C61206275736592
:100BA000206574206C6120737572666163652064D2
:100BB0007520706C61746561752E00436F6E73757E
:100BC0006C74657A206E6F747265206D616E7565E8
:100BD0006C20657420646520636F7272696765724A
:100BE000206C652070726F626C656D652E20506F91
:100BF000757273756976657A20616C6F7273206C9B
:100C000027617373697374616E7420656E207265F9
:100C100064656D617272616E74206C27696D7072AB
:100C2000696D616E74652E00546F75742065737400
:100C300020707265742E20426F6E6E6520696D7033
:100C400072657373696F6E2100566F757320706FD4
:100C50007576657A20746F756A6F75727320726528
:100C60006C616E636572206C274173736973746184
:100C70006E742064616E732043616C69627261748A
:100C8000696F6E203E20417373697374616E742EB8
:100C900000536920766F7573206176657A2064272A
:100CA00061757472657320666575696C6C65732017
:100CB000642761636965722C2063616C6962726587
:100CC0007A206C65757273207072652D7265676C21
:100CD000616765732064616E73205265676C61673C
:100CE0006573202D20436F6E666967204857202D5D
:100CF00020506C6171756520656E20616369657255
:100D00002E004E6574746F79657A206C6120706C6A
:100D10006171756520656E20616369657220657417
:100D2000206170707579657A20737572206C65200A
:100D3000626F75746F6E2E00566F756C657A2D76C6
:100D40006F75732072656661697265206C276574C2
:100D500061706520706F7572207265616A75737459
:100D60006572206C61206861757465757220656EAE
:100D7000747265206C612062757365206574206CE7
:100D80006520706C61746561753F0053656C6563C7
:100D900074696F6E6E657A206C612074656D706524
:100DA0007261747572652064652070726563686134
:100DB000756666616765206465206C612062757385
:100DC000652071756920636F72726573706F6E64F0
:100DD000206120766F747265206D6174657269613F
:100DE000752E0046696C2E206573742D696C206326
:100DF00068617267653F004D61696E74656E616E12
:100E000074206A6520766169732070726563686119
:100E10007566666572206C61206275736520706FFF
:100E2000757220647520504C412E004A6520766111
:100E30006973206D61696E74656E616E74206C619A
:100E40006E636572206C612063616C6962726174AB
:100E5000696F6E205A2E005265746972657A206D32
:100E600061696E74656E616E74206C27696D707255
:100E7000657373696F6E2064652074657374206494
:100E800065206C6120706C6171756520656E2061F4
:100E9000636965722E005265746972657A206427F1
:100EA00061626F7264206C65732070726F74656329
:100EB00074696F6E73206465207472616E73706FF5
:100EC00072742E004A652076616973206D61696EC7
:100ED00074656E616E74206C616E636572206C6106
:100EE0002063616C6962726174696F6E2058595A2F
:100EF0002E2043656C612070657574207072656E7C
:100F0000647265206A757371752761203234206DB3
:100F1000696E2E004A652076616973206C616E638C
:100F20006572206C65204175746F2D746573742033
:100F3000706F7572207665726966696572206C657E
:100F4000732070726F626C656D65732064276173C6
:100F500073656D626C616765206C657320706C757C
:100F60007320636F6D6D756E732E00426F6E6A6FC6
:100F700075722C206A65207375697320766F7472A0
:100F80006520696D7072696D616E7465204F72695C
:100F900067696E616C2050727573612069332E2011
:100FA000566F756C657A2D766F7573207175652037
:100FB0006A6520766F757320677569646520646162
:100FC0006E73206C652070726F6365737375732028
:100FD0006427696E7374616C6C6174696F6E3F0035
:100FE000426F6E6A6F75722C206A65207375697323
:100FF00020766F74726520696D7072696D616E74B0
:1010000065204F726967696E616C205072757361FB
:101010002069332E204A65207661697320766F75CA
:10102000732067756964657220617520636F7572DE
:1010300073206427756E20627265662070726F631C
:101040006573737573206465207265676C6167658D
:101050002C20717569207065726D657474726120E1
:1010600064652063616C6962726572206C65205AE8
:101070002D617869732E2041707265732063656CF1
:10108000612C20746F7574207365726120707265B5
:101090007420706F757220696D7072696D65722E43
:1010A00000436F757065757200566974657373657A
:1010B0002076656E742E00506C6174656175005603
:1010C000657269662076656E742E004D6F64656C7E
:1010D00065005374726963746500417665727400CB
:1010E0004275736500566572696669636174696FFC
:1010F0006E73004469616D2E2062757365004175E1
:1011000063756E00547269004865757265004361CD
:101110007274652053440043686F69736972206C70
:10112000616E677565004368616E67656D656E74B5
:10113000206465206275736500436F6E6669672081
:101140004857004573736169206465206368617264
:1011500067652E0044657361637469766572206DFE
:101160006F7465757273004465706C61636572209D
:101170006C276178650043616C69622E2050494E8E
:101180004441005265696E69742E2063616C696226
:101190002E2058595A00416666696368657220625C
:1011A00075746565730043616C6962726174696F1F
:1011B0006E20504944005265676C61676520706C11
:1011C00061746561750043616C6962726572205A71
:1011D0000043616C69627265722058595A0041750A
:1011E000746F2D7465737400417373697374616EE9
:1011F0007400546F757420436861726765720052A1
:1012000065746972657A20696D6D6564696174657C
:101210006D656E74206C652066696C616D656E74B9
:10122000005265696E697469616C69736572005218
:10123000656E6F6D6D65720043616C2E2031657255
:101240006520636F756368650053656C65637469D9
:101250006F6E6E657200506C617175657320656E9E
:1012600020616369657200537461742E2064276580
:1012700063686563204D4D550053746174697374E0
:10128000697175657300436861726765722066698C
:101290006C616D656E740044656368617267657248
:1012A0002066696C2E0043686172676572206C610C
:1012B00020627573650050726563686172676520AE
:1012C00061204D4D5500506173206465206361724B
:1012D000746520534400496D70722E2064657075EA
:1012E0006973206C612053440052657072697365A4
:1012F00020696D7072657373696F6E0050617573EC
:1013000065206465206C27696D70722E00507265CF
:10131000636861756666616765005265676C6572D2
:1013200000416A7573746572205A20656E20646985
:10133000722E00456372616E206427696E666F00CD
:101340003120666F697300536F6E00466F727400D0
:101350004368616E6765722066696C616D656E7465
:1013600000466C7578005669746573736500436F49
:101370006D70656E732E2061696D2E00492F4400DB
:101380004D65737572657220782D666F69730052B2
:1013900065676C61676573004F7569004E6F6E001D
:1013A0004172726574657220696D707265737369DC
:1013B0006F6E00566572696669632E2066696368A0
:1013C000696572004669636869657220696E636F5A
:1013D0006D706C65742E20436F6E74696E756572E6
:1013E000207164206D656D653F0004526166726115
:1013F0006963686972004D656E75207072696E630D
:101400006970616C00417474656E74652064752048
:10141000726566726F6964697373656D656E742059
:10142000646573206275736520657420706C6174E7
:10143000656175004175746F2D74657374204F4B31
:10144000004465627574206175746F2D74657374E2
:1014500000506F756C6965206C616368650042754A
:10146000746565206E6F6E2061747465696E746555
:10147000004275746565004D6F7465757200427544
:1014800074656573004572726575722064652063CA
:1014900061626C61676500506C61746561752F43B2
:1014A0006861756666616765004E6F6E20636F6E7A
:1014B0006E65637465004368617566666167652F74
:1014C000546865726D6973746F72005665726966EF
:1014D00069657A3A00457272657572206175746F3C
:1014E0002D746573742100436170746575722046B4
:1014F000696C2E0056656E742E20696D70723A000C
:1015000056656E742E20686F74656E643A00436190
:101510006C69622E206D697365206120300045631F
:10152000686563206465206C276175746F2D746530
:10153000737400546F75742065737420636F7272D6
:101540006563740056657269662E20646573206356
:10155000617074657572730056657269662E2064D9
:101560007520686F74656E640056657269662E201A
:10157000706C617465617500566572696669632E89
:1015800020617865205A00566572696669632E206D
:10159000617865205900566572696669632E20611D
:1015A0007865205800566572696669632E206275F9
:1015B0007465657300436172746520726574697245
:1015C0006565005265746F75720050756973732E8E
:1015D0006175746F00467572746966004861757450
:1015E0002E707569737300486F74656E6420612096
:1015F00032383043212042757365206368616E671D
:101600006565206574207265737365727265652007
:101610006175782073706563696669636174696F69
:101620006E733F00506F757220756E206368616E37
:1016300067656D656E7420646520627573652C2026
:101640006C6972650A70727573612E696F2F6E6FA7
:101650007A7A6C652D6D6B33730043616C69622E11
:1016600020504944207465726D696E656500436160
:101670006C69622E2050494400496D707265737325
:10168000696F6E20656E20706175736500496D70BD
:1016900072657373696F6E20616E6E756C6565003F
:1016A000436F70696572206C61206C616E6775654F
:1016B0002063686F697369653F004469616D657493
:1016C0007265206465206C612062757365206469B1
:1016D000666665726520647520472D436F64652ECC
:1016E00020436F6E74696E7565723F004469616D69
:1016F00065747265206465206C6120627573652075
:101700006469666665726520647520472D436F6461
:10171000652E20566572696669657A206C6120764F
:10172000616C6575722E20496D7072657373696F97
:101730006E20616E6E756C65652E00496C20666169
:10174000757420746F756A6F75727320656666654F
:101750006374756572206C612043616C69627261AB
:1017600074696F6E205A2E20537569767265206CED
:1017700065206D616E75656C2C206368617069749D
:101780007265205072656D69657273207061732097
:101790002D2050726F6365737375732064652063C9
:1017A000616C6962726174696F6E2E004C27696D9D
:1017B0007072696D616E7465206E2761207061734F
:1017C00020656E636F7265206574652063616C6966
:1017D000627265652E2053756976657A206C652086
:1017E0006D616E75656C2C206368617069747265DB
:1017F000205072656D6965727320706173202D20B1
:1018000050726F6365737375732064652063616CD8
:101810006962726174696F6E2E004C652053656C4D
:1018200066746573742073657261206C616E6365A4
:1018300020706F75722063616C6962726572206CD2
:10184000612072656D6973652061207A65726F2011
:10185000707265636973652073616E732063617074
:101860007465757200416E6369656E732072656799
:101870006C616765732074726F757665732E204C8A
:1018800065205049442C206C657320457374657045
:1018900073206574632E20706172206465666175C3
:1018A00074207365726F6E74207265676C65730067
:1018B000417474656E74696F6E3A20547970657303
:1018C000206427696D7072696D616E74652065743E
:1018D000206465206361727465206D657265206D9A
:1018E0006F64696669657300417474656E74696FCD
:1018F0006E3A2054797065206427696D7072696D45
:10190000616E7465206D6F64696669650041747409
:10191000656E74696F6E3A20547970652064652035
:101920006361727465206D657265206D6F646966B0
:1019300069652E00546573742064752066696C6156
:101940006D656E7400506C61717565004E65207434
:101950006F75726E652070617300546F75726E657D
:101960000056656E74696C6F206761756368653FCA
:101970000056656E74696C6F20696D7072206176B7
:10198000616E743F00546573742064752076656ED3
:1019900074696C61746575720043616C696272612F
:1019A00074696F6E2058595A204F4B2E204C276572
:1019B00063617274207365726120636F727269670C
:1019C00065206175746F6D6174697175656D656EA3
:1019D000742E0043616C6962726174696F6E205885
:1019E000595A204F4B2E204C657320617865732027
:1019F000582F5920736F6E74206C65676572656D22
:101A0000656E74206E6F6E2070657270656E6469AD
:101A100063756C61697265732E20426F6E20626F10
:101A2000756C6F74210043616C6962726174696FD7
:101A30006E2058595A204F4B2E204C6573206178E8
:101A4000657320582F5920736F6E74207065727003
:101A5000656E646963756C61697265732E20466595
:101A60006C696369746174696F6E73210043616CA2
:101A70006962726174696F6E2058595A20636F6D84
:101A800070726F6D6973652E204C6520706F696E82
:101A9000742064652063616C6962726174696F6E41
:101AA000206176616E742064726F6974206E2765A0
:101AB000737420706173206174746569676E61620C
:101AC0006C652E0043616C6962726174696F6E208F
:101AD00058595A20636F6D70726F6D6973652E204F
:101AE0004C657320706F696E747320646520636148
:101AF0006C6962726174696F6E20656E20617661D7
:101B00006E74206E6520736F6E7420706173206137
:101B100074746569676E61626C65732E00456368F5
:101B200065632063616C6962726174696F6E2058CD
:101B3000595A2E204C6520706F696E7420646520A0
:101B400063616C6962726174696F6E206176616E47
:101B5000742064726F6974206E27657374207061DD
:101B600073206174746569676E61626C652E0045EF
:101B7000636865632063616C6962726174696F6E2A
:101B80002058595A2E204C657320706F696E7473FB
:101B90002064652063616C6962726174696F6E2094
:101BA000656E206176616E74206E6520736F6E7451
:101BB00020706173206174746569676E61626C6521
:101BC000732E0045636865632063616C69627261AE
:101BD00074696F6E2058595A2E20436F6E73756C5E
:101BE00074657A206C65206D616E75656C2E00459C
:101BF000636865632063616C6962726174696F6EAA
:101C00002058595A2E204C6520706F696E742064DC
:101C1000652063616C6962726174696F6E206475BE
:101C200020706C6174656175206E2761207061732E
:101C3000206574652074726F7576652E00506C6136
:101C400063657A206C6120706C6171756520656ECA
:101C500020616369657220737572206C6520706CF9
:101C600061746561752E004C612064697374616EE6
:101C7000636520656E747265206465206C61206206
:101C800075736520657420647520706C617465617E
:101C900075206E27612070617320656E636F7265B9
:101CA00020657465207265676C65652E20537569C3
:101CB00076657A206C65206D616E75656C2C20638D
:101CC0006861702E205072656D6965727320706155
:101CD000732E00506C6163657A20756E65206665B1
:101CE00075696C6C6520646520706170696572202F
:101CF000736F7573206C6120627573652070656EFB
:101D000064616E74206C612063616C6962726174DD
:101D1000696F6E206465732034207072656D69652B
:101D2000727320706F696E74732E205369206C611A
:101D3000206275736520616363726F636865206CF0
:101D400065207061706965722C2065746569676EC5
:101D5000657A2076697465206C27696D7072696D8B
:101D6000616E74652E005265746972657A206C61CB
:101D700020706C6171756520656E206163696572A4
:101D800020647520706C61746561752E00457374F4
:101D9000206C6120706C6171756520737572206CA8
:101DA0006520706C61746561753F0052656368659C
:101DB0007263686520706F696E742063616C69621C
:101DC000726174696F6E20647520706C61746561F6
:101DD00075004A65206D6573757265206C612068B9
:101DE00061757465757220646520726566657265DB
:101DF0006E636520647520706F696E742064652061
:101E000063616C696272616765004E6574746F79B5
:101E1000657A206C61206275736520706F75722021
:101E20006C612063616C6962726174696F6E2E20EF
:101E3000436C697175657A20756E6520666F69738C
:101E400020666169742E004D697365206120302021
:101E5000646573206178657300556E6520657272E4
:101E600065757220696E617474656E647565207342
:101E7000276573742070726F64756974652E0043F2
:101E800068616E67656D656E742064652066696C57
:101E9000616D656E74204D3630302E20436861725E
:101EA00067657A20756E206E6F7576656175206640
:101EB000696C616D656E74206F7520656A65637409
:101EC000657A206C27616E6369656E2E00526574B9
:101ED0006972657A206C652066696C616D656E74E7
:101EE00020656A65637465206465206C276176618E
:101EF0006E74206465206C61204D4D552E0046693E
:101F00006C616D656E7420646574656374652064CE
:101F100065206D616E6965726520696E61747465B6
:101F20006E6475652E204173737572657A2D766FB8
:101F3000757320717527617563756E2066696C61B4
:101F40006D656E74206E27657374206368617267B7
:101F5000652E20566572696669657A206C65732006
:101F60006361707465757273206574206C6520639D
:101F700061626C6167652E004572726575722064DE
:101F800027657865637574696F6E20696E74657214
:101F90006E652E204573736179657A2064652072C1
:101FA00065696E697469616C69736572204D4D5520
:101FB000206F75206465206D6574747265206120E2
:101FC0006A6F7572206C652046572E004C61207632
:101FD000657273696F6E206475204D4D5520657371
:101FE0007420696E636F6D70617469626C652061E5
:101FF000766563206C65204657206465206C2769F0
:102000006D7072696D616E74652E204D6973652007
:1020100061206A6F75722076657273206C6120761C
:10202000657273696F6E20332E302E312E0045722B
:102030007265757220696E7465726E6520647520B4
:102040004657206475204D4D552C207265696E6988
:102050007469616C69736572206C65204D4D552EF5
:10206000004C276F7574696C2064652066696C612B
:102070006D656E742064656D616E6465206E2765A4
:1020800073742070617320646973706F6E69626C21
:102090006520737572206365206D61746572696176
:1020A000752E205265636865726368657A20646185
:1020B0006E73206C6520472D636F646520756E20FC
:1020C000696E6465782064276F7574696C20686F29
:1020D000727320706C616765202854302D54342948
:1020E0002E00496D706F737369626C65206427659B
:1020F0006666656374756572206C27616374696FC9
:102100006E2C206C652066696C616D656E7420654F
:1021100073742064656A61206368617267652E204C
:1021200044656368617267657A2D6C652064276118
:10213000626F72642E004D4D55206E652072657081
:102140006F6E642070617320636F72726563746573
:102150006D656E742E20566572696669657A206CAD
:1021600065206361626C616765206574206C6573CE
:1021700020636F6E6E656374657572732E004D4DCE
:1021800055206E65207265706F6E64207061732ECD
:1021900020566572696669657A206C6520636162A4
:1021A0006C616765206574206C657320636F6E6E6B
:1021B000656374657572732E00506C757320646569
:1021C0002064657461696C7320656E206C69676E4C
:1021D000652E004C2749646C6572206E6520706521
:1021E000757420706173207365206D6574747265F9
:1021F00020636F7272656374656D656E7420612013
:102200007A65726F2E20566572696669657A2073E9
:1022100027696C207920612071756F69207175655F
:1022200020636520736F69742071756920626C6F1B
:1022300071756520736F6E206D6F7576656D656E57
:10224000742E00496D706F737369626C65206465EC
:10225000206465706C61636572206C652053656CE9
:10226000656374657572206F75206C2749646C65B1
:10227000722E004C652073656C6563746575722001
:102280006E65207065757420706173207365206DB4
:10229000657474726520636F7272656374656D65D1
:1022A0006E742061207A65726F2E205665726966A1
:1022B00069657A207327696C207920612071756FB8
:1022C000692071756520636520736F69742071756D
:1022D0006920626C6F71756520736F6E206D6F750C
:1022E00076656D656E742E004C652063686172675B
:1022F000656D656E742064616E73206C27657874FB
:10230000727564657573652061206563686F7565B6
:102310002E20496E7370656374657A206C61206647
:102320006F726D65206465206C6120706F696E74DA
:10233000652064752066696C616D656E742E204140
:102340006666696E6572206C276574616C6F6E6E6F
:1023500061676520647520636170746575722C20F7
:102360007369206E6563657373616972652E004CD5
:10237000652073656C656374657572206E65207089
:102380006575742070617320626F75676572206374
:1023900061722046494E44412064657465637465EA
:1023A00020756E2066696C616D656E742E204173B8
:1023B000737572657A2D766F7573207175276175E7
:1023C00063756E2066696C2E206E276573742064B9
:1023D000616E73206C652073656C656374657572DE
:1023E000206574207175652046494E444120666F12
:1023F0006E6374696F6E6E6520636F72726563746D
:10240000656D656E742E004361707465757220642D
:102410006520662E206465636C656E636865207454
:10242000726F7020746F74206C6F727320647520EB
:102430006368617267656D656E742064616E732098
:102440006C276578747275646575722E2056657296
:10245000696669657A206C652074756265205054E0
:1024600046452E20566572696669657A20717565E4
:10247000206C65206361707465757220666F6E6391
:1024800074696F6E6E652E004C65206D6F74657596
:1024900072206465206C6120706F756C69652073B3
:1024A0002765737420626C6F7175652E204173739C
:1024B0007572657A2D766F757320717565206C6104
:1024C00020706F756C6965207065757420626F751A
:1024D00067657220657420766572696669657A2021
:1024E0006C65206361626C6167652E004361707486
:1024F00065757220646520662E206E6F6E2064659F
:1025000073616374697665206C6F727320647520E3
:1025100064656368617267656D656E7420647520BB
:1025200066696C616D656E742E204173737572659A
:102530007A2D766F757320717565206C65206669DC
:102540006C616D656E74207065757420626F75675F
:10255000657220657420717565206C6520636170FB
:102560007465757220666F6E6374696F6E6E652E2A
:10257000004361707465757220646520662E206E5C
:102580006F6E206465636C656E636865206C6F7246
:1025900073206475206368617267656D656E742071
:1025A00064752066696C616D656E742E204173736D
:1025B0007572657A2D766F757320717565206C65FF
:1025C0002066696C616D656E74206120617474654C
:1025D000696E74206C652063617074657572206625
:1025E00020657420717565206C6520636170746569
:1025F000757220666F6E6374696F6E6E652E00462D
:10260000494E4441206E6F6E206465736163746946
:10261000766565206C6F72732064752064656368ED
:10262000617267656D656E742064752066696C61A2
:102630006D656E742E204573736179657A206465CB
:10264000206465636861726765722061206C612037
:102650006D61696E2E204173737572657A2D766F88
:10266000757320717565206C652066696C616D6598
:102670006E74207065757420626F75676572206571
:102680007420717565206C612046494E4441206676
:102690006F6E6374696F6E6E652E004C61204649E3
:1026A0004E4441206E6520732765737420706173FA
:1026B000206465636C656E63686565206C6F72731A
:1026C000206475206368617267656D656E7420644F
:1026D000752066696C616D656E742E20417373752B
:1026E00072657A2D766F757320717565206C652023
:1026F00066696C616D656E74207065757420626FBB
:102700007567657220657420717565206C6120465F
:10271000494E444120666F6E6374696F6E6E652E1C
:10272000004465736163742E00456A656374657265
:10273000004368617267657200446563682E0052E9
:1027400065662E00436170742E206E6F6E20646586
:10275000636C656E6368652070656E64616E74207D
:10276000717565206A65206E6976656C65206C659B
:1027700020706C61746561752E20446562726973A6
:102780002073757220627573653F20456E206174F9
:1027900074656E7465206427756E20726573657448
:1027A0002E0053656E736962696C697465004661D9
:1027B00069740052657072697365206465206C27C6
:1027C000696D70722E004368617566666520646588
:1027D000206C612050494E44410043616C69627233
:1027E0006174696F6E207465726D696E6565004312
:1027F000616C6962726174696F6E205A00506C611D
:1028000074656175207465726D696E6500436861F9
:102810007566666520647520706C6174656175000D
:1028200043686175666665207465726D696E65657D
:102830002E004368617566666500546F74616C654F
:10284000004465726E6965726520696D70726573AA
:102850002E00456368656373206465726E696572F6
:102860006520696D702E00546F74616C206465730F
:102870002065636865637300456368656373204D15
:102880004D55004465662E2063686172672E204DA9
:102890004D55004465662E20616C696D2E204D4DAE
:1028A00055004368616E676573206D617465726978
:1028B000656C7300496E666F206361707465757234
:1028C00000496E666F732065787472756465757201
:1028D0000044657461696C732063616C69622E20C9
:1028E00058595A004164722E495020696D707269BE
:1028F0006D616E74653A00696E636F6E6E75004D42
:102900004D5520636F6E6E6563746500706F7572F0
:10291000206465636861726765722066696C2E0069
:10292000706F75722063686172676572206C6520D4
:1029300066696C2E004170702E207375722073755D
:102940007220626F75746F6E0043686175666665AC
:1029500020706F757220636F7570657200436861D7
:1029600075662E20706F75722072656D6F6E74655E
:10297000720043686175662E706F757220646563BE
:10298000686172676572004368617566666520708C
:102990006F75722063686172676572005265667256
:1029A0006F6964697373656D656E740046696C6107
:1029B0006D656E7420657874727564652065742029
:1029C0006176656320626F6E6E6520636F756C65FE
:1029D00075723F0046696C616D656E74207574692F
:1029E0006C6973650054656D7073206427696D7040
:1029F00072657373696F6E0046696C616D656E74A4
:102A000020746F74616C0054656D707320746F7402
:102A1000616C20696D70722E00507265636861751B
:102A20006666657A206C6120627573652100455287
:102A3000524555523A0044697374616E636520597A
:102A4000206475206D696E00476175636865004498
:102A5000726F697465005661722E206D65737572B0
:102A60006565004465766961742E6C65672E004467
:102A700065766961742E7365762E004F66667365A0
:102A80007420706F696E74205B303B305D00416A6A
:102A90007573746572205A0041727269657265209F
:102AA0005BE46D5D004176616E74205BE46D5D00FA
:102AB00044726F697465205BE46D5D004761756306
:102AC0006865205BE46D5D005265676C657220741B
:102AD000656D702E3A005A7E636172726961676536
:102AE0007320676175636865202B2064726F697459
:102AF0006520746F757420656E20686175743F0081
:102B000043616C6962726174696F6E2064652058FC
:102B1000595A2E20546F75726E657A206C6520624A
:102B20006F75746F6E20706F757220666169726563
:102B3000206D6F6E746572206C2765787472756491
:102B40006575722064616E73206C27617865205A08
:102B5000206A757371752761757820627574656573
:102B6000732E20436C697175657A20756E652066D9
:102B70006F697320666169742E0043616C696272CB
:102B80006174696F6E206465205A2E20546F7572CF
:102B90006E657A206C6520626F75746F6E20706F41
:102BA0007572206661697265206D6F6E7465722042
:102BB0006C276578747275646575722064616E73D4
:102BC000206C27617865205A206A757371752761BA
:102BD0007578206275746565732E20436C69717514
:102BE000657A20756E6520666F6973206661697409
:102BF0002E004563686563206465206C6120636115
:102C00006C6962726174696F6E20656E2050494E06
:102C10004441004C612063616C6962726174696F48
:102C20006E20656E2050494E4441206573742074B7
:102C300065726D696E65652065742061637469767F
:102C400065652E20496C2070657574206574726509
:102C500020646573616374697665652064616E7371
:102C6000206C65206D656E75205265676C616765C7
:102C7000732D3E2043616C69622E2050494E4441C1
:102C800000457874727564657572004465706C6196
:102C9000636572205A004465706C616365722059E7
:102CA000004465706C61636572205800436861720E
:102CB000672E7420762E20436170746575722046ED
:102CC000004465706C6163656D656E742073656C3E
:102CD0006563742E004D6973652061207A65726F9B
:102CE0000052657472616374696F6E20646520467A
:102CF000494E4441004C652066696C2E2072656D1A
:102D00006F6E7465005061727175616765207365DF
:102D10006C656374657572005265746F75726E656B
:102D20006D656E742073656C6563742E00436F75FA
:102D3000706520656E20636F757273004368617201
:102D400067656D656E742066696C616D656E740093
:102D50005072657061726174696F6E206C616D652F
:102D60000053656C656374696F6E206475206669D5
:102D70006C2E0044656368617267656D656E7420D2
:102D800066696C2E00455252204563686563205485
:102D90004D43004552522041696465722066696C5A
:102DA000616D656E740045525220496E7465726E95
:102DB0006500455252204174742E205574696C6927
:102DC000736174657572004D6F7576656D656E74AF
:102DD0002066696E616C0045766974657220627266
:102DE0006F69656D656E74004368617267656D65D6
:102DF0006E74207665727320627573650043686136
:102E000072672E74207665727320657874727564AB
:102E10002E004368617267656D2E7420766572734B
:102E20002046494E4441004465636861722E742017
:102E30007665727320706F756C69650044656368B0
:102E40006172672E7420766572732046494E444144
:102E500000446573656E67612E74206465206C277D
:102E600069646C657200456E676167656D2E7420DC
:102E70006465206C2769646C657200455252455543
:102E80005220494E434F4E4E5545004348414E4710
:102E9000454D454E542044452046494C414D2E0059
:102EA00046494C414D454E5420454A454354450002
:102EB000444543484152474552204D414E55454CAB
:102EC0002E540045525245555220455845435554BD
:102ED000494F4E204657004D414A204657204D4D00
:102EE00055204E45434553532E0046494C452050EE
:102EF0004C45494E45004F5554494C20494E56418A
:102F00004C4944450046494C414D454E54204445AA
:102F10004A41204348415247450045525245555287
:102F200020434F4D4D554E49434154494F4E004C5F
:102F300045204D4D55204E45205245504F4E442082
:102F4000504153004D4D55204D435520455252455B
:102F50005552004D4D55204155544F2D5445535415
:102F600020454348454300434320445520445249AB
:102F700056455220544D430045525220534F55530D
:102F80002054454E53494F4E20544D43005245491D
:102F90004E49542044552044524956455220544DE0
:102FA00043004552524555522044552044524956FB
:102FB000455220544D4300455252205355524348E8
:102FC000415546464520544D430041545420544DEC
:102FD000432054524F5020434841554400454348F4
:102FE0004543204D4F55562E542049444C455200E0
:102FF00052415A2049444C455220494D504F535359
:1030000049424C45004543484543204D4F55562EB7
:10301000542053454C4543542E00454348454320D6
:1030200052415A2053454C4543544555520045435F
:10303000484F554520434841524745204120455877
:10304000545200494E535045435445522046494E30
:103050004441004341505445555220462054524F5C
:103060005020544F54004543484543204D4F55563A
:103070002E5420504F554C4945004341505445551E
:103080005220463A20462E20424C4F51554500438F
:1030900041505445555220462E204E4F4E20444517
:1030A000434C2E0046494E44412046494C414D2E4A
:1030B00020424C4F5155450046494E4441204E4F09
:1030C0004E204445434C454E4348454500436F75AB
:1030D00070652066696C616D656E7400456A656334
:1030E000746572206475204D4D55004368617267A8
:1030F000656D656E742064752066696C2E004E6F78
:103100007576656C6C652074656E7461746976653E
:10311000204D4D553A205265737461757261746922
:103120006F6E206465206C612074656D70657261DE
:10313000747572652E2E2E0054726920646573209A
:103140006669636869657273004365727461696E6C
:1031500073206669636869657273206E65207365A4
:10316000726F6E74207061732074726965732E20A3
:103170004D6178203130302066696368696572730B
:103180002074726965732070617220646F73736953
:1031900065722E004152524554452E000000000039
:1031A000000000000000000000000000000000001F
:1031B000000000000000000000000000000000000F
:1031C00000000000000000000000000000000000FF
:1031D00000000000000000000000000000000000EF
:1031E00000000000000000000000000000000000DF
:1031F00000000000000000000000000000000000CF
:1032000000000000000000000000000000000000BE
:1032100000000000000000000000000000000000AE
:10322000000000000000000000000000000000009E
:10323000000000000000000000000000000000008E
:10324000000000000000000000000000000000007E
:10325000000000000000000000000000000000006E
:10326000000000000000000000000000000000005E
:10327000000000000000000000000000000000004E
:10328000000000000000000000000000000000003E
:10329000000000000000000000000000000000002E
:1032A000000000000000000000000000000000001E
:1032B000000000000000000000000000000000000E
:1032C00000000000000000000000000000000000FE
:1032D00000000000000000000000000000000000EE
:1032E00000000000000000000000000000000000DE
:1032F00000000000000000000000000000000000CE
:1033000000000000000000000000000000000000BD
:1033100000000000000000000000000000000000AD
:10332000000000000000000000000000000000009D
:10333000000000000000000000000000000000008D
:10334000000000000000000000000000000000007D
:10335000000000000000000000000000000000006D
:10336000000000000000000000000000000000005D
:10337000000000000000000000000000000000004D
:10338000000000000000000000000000000000003D
:10339000000000000000000000000000000000002D
:1033A000000000000000000000000000000000001D
:1033B000000000000000000000000000000000000D
:1033C00000000000000000000000000000000000FD
:1033D00000000000000000000000000000000000ED
:1033E00000000000000000000000000000000000DD
:1033F00000000000000000000000000000000000CD
:1034000000000000000000000000000000000000BC
:1034100000000000000000000000000000000000AC
:10342000000000000000000000000000000000009C
:10343000000000000000000000000000000000008C
:10344000000000000000000000000000000000007C
:10345000000000000000000000000000000000006C
:10346000000000000000000000000000000000005C
:10347000000000000000000000000000000000004C
:10348000000000000000000000000000000000003C
:10349000000000000000000000000000000000002C
:1034A000000000000000000000000000000000001C
:1034B000000000000000000000000000000000000C
:1034C00000000000000000000000000000000000FC
:1034D00000000000000000000000000000000000EC
:1034E00000000000000000000000000000000000DC
:1034F00000000000000000000000000000000000CC
:1035000000000000000000000000000000000000BB
:1035100000000000000000000000000000000000AB
:10352000000000000000000000000000000000009B
:10353000000000000000000000000000000000008B
:10354000000000000000000000000000000000007B
:10355000000000000000000000000000000000006B
:10356000000000000000000000000000000000005B
:10357000000000000000000000000000000000004B
:10358000000000000000000000000000000000003B
:10359000000000000000000000000000000000002B
:1035A000000000000000000000000000000000001B
:1035B000000000000000000000000000000000000B
:1035C00000000000000000000000000000000000FB
:1035D00000000000000000000000000000000000EB
:1035E00000000000000000000000000000000000DB
:1035F00000000000000000000000000000000000CB
:103600000000536F6D652070726F626C656D206590
:103610006E636F756E74657265642C205A2D6C65CF
:1036200076656C696E6720656E666F72636564208F
:103630002E2E2E00010048656174696E6720646952
:103640007361626C65642062792073616665747968
:103650002074696D65722E000200472D636F6465EA
:1036600020736C6963656420666F722061206469F1
:1036700066666572656E74206C6576656C2E204397
:103680006F6E74696E75653F000300472D636F644C
:103690006520736C6963656420666F7220612064C5
:1036A0006966666572656E74206C6576656C2E2041
:1036B000506C656173652072652D736C696365205C
:1036C000746865206D6F64656C20616761696E2E3A
:1036D000205072696E742063616E63656C6C656402
:1036E0002E000400472D636F646520736C69636569
:1036F0006420666F722061206E657765722066694E
:10370000726D776172652E20436F6E74696E756598
:103710003F000500472D636F646520736C69636526
:103720006420666F722061206E657765722066691D
:10373000726D776172652E20506C656173652075BE
:10374000706461746520746865206669726D776164
:1037500072652E205072696E742063616E63656CB1
:103760006C65642E000600472D636F646520736CE2
:103770006963656420666F722061206469666665AE
:1037800072656E74207072696E74657220747970DF
:10379000652E20436F6E74696E75653F00070047A4
:1037A0002D636F646520736C6963656420666F7256
:1037B000206120646966666572656E742070726946
:1037C0006E74657220747970652E20506C6561731B
:1037D000652072652D736C69636520746865206D62
:1037E0006F64656C20616761696E2E205072696E2E
:1037F000742063616E63656C6C65642E0008005014
:103800007265737320746865206B6E6F6220746FCD
:103810002070726568656174206E6F7A7A6C6520BD
:10382000616E6420636F6E74696E75652E000900A9
:10383000506C656173652070726573732074686580
:10384000206B6E6F6220746F20756E6C6F616420E8
:1038500066696C616D656E74000A00616E6420704B
:103860007265737320746865206B6E6F62000B0065
:10387000496E736572742066696C616D656E740063
:103880000C00436F6C6F72206E6F7420636F7272E6
:10389000656374000D0046696C616D656E74206E21
:1038A0006F74206C6F61646564000E004368616E24
:1038B00067656420636F72726563746C793F000F93
:1038C000004C6F6164696E6720636F6C6F720010EB
:1038D000004368616E676520737563636573732168
:1038E000001100506C65617365206F70656E206912
:1038F000646C657220616E642072656D6F76652000
:1039000066696C616D656E74206D616E75616C6C5D
:10391000792E0012005761732066696C616D656EC7
:103920007420756E6C6F6164207375636365737367
:1039300066756C3F001300506C656173652075708F
:1039400067726164652E0014004E657720666972A7
:103950006D776172652076657273696F6E2061762E
:1039600061696C61626C653A001500576169746940
:103970006E6720666F722050494E44412070726F0E
:10398000626520636F6F6C696E67001600506C652E
:1039900061736520776169740017004E6F206D6F49
:1039A00076652E0018005761697420666F72207565
:1039B0007365722E2E2E001900537461626C65209F
:1039C000616D6269656E742074656D706572617495
:1039D0007572652032312D323643206973206E6551
:1039E000656465642061207269676964207374612D
:1039F0006E642069732072657175697265642E004A
:103A00001A00506C656173652072756E2058595AA2
:103A10002063616C6962726174696F6E206669729D
:103A200073742E001B00536865657420252E377350
:103A30000A5A206F66667365743A20252B312E333F
:103A4000666D6D0A2563436F6E74696E75650A2530
:103A5000635265736574001C0053656C6563742064
:103A600066696C616D656E743A001D0046696C6133
:103A70006D656E74001E003E43616E63656C001FD1
:103A80000052756E6E696E672057697A61726420A4
:103A900077696C6C2064656C6574652063757272FF
:103AA000656E742063616C6962726174696F6E2007
:103AB000726573756C747320616E642073746172C7
:103AC000742066726F6D2074686520626567696E28
:103AD0006E696E672E20436F6E74696E75653F0068
:103AE000200050726568656174696E67206E6F7A38
:103AF0007A6C652E20506C656173652077616974FE
:103B00002E002100506C6561736520696E736572CB
:103B1000742066696C616D656E7420696E746F20C7
:103B20007468652065787472756465722C20746899
:103B3000656E20707265737320746865206B6E6F9C
:103B40006220746F206C6F61642069742E00220003
:103B5000506C6561736520696E7365727420666967
:103B60006C616D656E7420696E746F207468652079
:103B700066697273742074756265206F662074685C
:103B800065204D4D552C207468656E2070726573EC
:103B90007320746865206B6E6F6220746F206C6F89
:103BA00061642069742E0023005468652070726976
:103BB0006E7465722077696C6C2073746172742006
:103BC0007072696E74696E672061207A69672D7AF8
:103BD0006167206C696E652E20526F746174652078
:103BE000746865206B6E6F6220756E74696C2079E5
:103BF0006F7520726561636820746865206F7074EA
:103C0000696D616C206865696768742E204368651A
:103C1000636B2074686520706963747572657320C6
:103C2000696E207468652068616E64626F6F6B20D6
:103C30002843616C6962726174696F6E20636861A8
:103C400070746572292E00240053656C65637420BE
:103C500074656D70657261747572652077686963EB
:103C600068206D61746368657320796F7572206D6B
:103C70006174657269616C2E00250053656C656323
:103C80007420612066696C616D656E7420666F7268
:103C900020746865204669727374204C617965727E
:103CA0002043616C6962726174696F6E20616E6439
:103CB0002073656C65637420697420696E20746874
:103CC00065206F6E2D73637265656E206D656E7510
:103CD0002E0026004E6F7720492077696C6C206398
:103CE000616C6962726174652064697374616E638A
:103CF00065206265747765656E20746970206F66F3
:103D000020746865206E6F7A7A6C6520616E64201D
:103D10006865617462656420737572666163652E9F
:103D2000002700506C6561736520636865636B20D4
:103D30006F75722068616E64626F6F6B20616E6474
:103D400020666978207468652070726F626C656D9A
:103D50002E205468656E20726573756D65207468D9
:103D6000652057697A617264206279207265626F9A
:103D70006F74696E6720746865207072696E74650F
:103D8000722E002800416C6C20697320646F6E6590
:103D90002E204861707079207072696E74696E6748
:103DA00021002900596F752063616E20616C776175
:103DB000797320726573756D652074686520576925
:103DC0007A6172642066726F6D2043616C69627201
:103DD0006174696F6E202D3E2057697A6172642E7E
:103DE000002A00496620796F752068617665206138
:103DF00064646974696F6E616C20737465656C20AE
:103E00007368656574732C2063616C696272617498
:103E100065207468656972207072657365747320BB
:103E2000696E2053657474696E6773202D2048573E
:103E3000205365747570202D20537465656C207354
:103E400068656574732E002B00506C656173652086
:103E5000636C65616E206865617462656420616E83
:103E600064207468656E2070726573732074686571
:103E7000206B6E6F622E002C00446F20796F7520CE
:103E800077616E7420746F20726570656174206C48
:103E9000617374207374657020746F20726561643F
:103EA0006A7573742064697374616E6365206265FA
:103EB000747765656E206E6F7A7A6C6520616E64CA
:103EC00020686561746265643F002D0053656C6510
:103ED0006374206E6F7A7A6C6520707265686561B4
:103EE000742074656D706572617475726520776891
:103EF000696368206D61746368657320796F75729A
:103F0000206D6174657269616C2E002E004973200A
:103F100066696C616D656E74206C6F616465643F89
:103F2000002F004E6F7720492077696C6C207072EB
:103F30006568656174206E6F7A7A6C6520666F7251
:103F400020504C412E003000492077696C6C207263
:103F5000756E207A2063616C6962726174696F6E3C
:103F6000206E6F772E0031004E6F772072656D6F77
:103F70007665207468652074657374207072696E4C
:103F8000742066726F6D20737465656C207368654C
:103F900065742E003200506C656173652072656D2A
:103FA0006F7665207368697070696E672068656CEC
:103FB000706572732066697273742E003300492035
:103FC00077696C6C2072756E2078797A2063616CE9
:103FD0006962726174696F6E206E6F772E2049740A
:103FE0002077696C6C2074616B6520757020746F2C
:103FF000203234206D696E732E003400466972736E
:10400000742C20492077696C6C2072756E2074685E
:10401000652073656C667465737420746F206368C3
:1040200065636B206D6F737420636F6D6D6F6E20B1
:10403000617373656D626C792070726F626C656D0F
:10404000732E00350048692C204920616D20796F5E
:104050007572204F726967696E616C20507275735A
:1040600061206933207072696E7465722E20576FFB
:10407000756C6420796F75206C696B65206D6520A7
:10408000746F20677569646520796F752074687234
:104090006F7567682074686520736574757020702B
:1040A000726F636573733F00360048692C204920A6
:1040B000616D20796F7572204F726967696E616CEE
:1040C000205072757361206933207072696E746557
:1040D000722E20492077696C6C20677569646520B1
:1040E000796F75207468726F7567682061207368D6
:1040F0006F72742073657475702070726F6365736E
:10410000732C20696E207768696368207468652065
:104110005A2D617869732077696C6C206265206321
:10412000616C696272617465642E205468656E2CDE
:1041300020796F752077696C6C20626520726561EB
:10414000647920746F207072696E742E003700439A
:10415000757474657200380046616E207370656511
:1041600064003900426564003A0046616E73206362
:104170006865636B003B004D6F64656C003C0053E9
:104180007472696374003D005761726E003E004EA8
:104190006F7A7A6C65003F00436865636B7300401B
:1041A000004E6F7A7A6C6520642E0041004E6F6E6F
:1041B00065004200416C70686162657400430053A1
:1041C0006F727400440054696D650045004E6F7253
:1041D0006D616C00460053442063617264004700C7
:1041E00053656C656374206C616E6775616765000B
:1041F00048004E6F7A7A6C65206368616E6765006F
:1042000049004857205365747570004A004C6F612F
:1042100064696E672054657374004B004469736170
:10422000626C65207374657070657273004C004D2C
:104230006F76652061786973004D0054656D706517
:10424000726174757265004E0050494E444120639E
:10425000616C2E004F0052657365742058595A20C6
:1042600063616C6962722E00500053686F7720653D
:104270006E642073746F7073005100504944206362
:10428000616C6962726174696F6E005200426564AC
:10429000206C6576656C20636F7272656374005381
:1042A000004D65736820426564204C6576656C69D5
:1042B0006E6700540043616C696272617465205AD4
:1042C00000550043616C6962726174652058595AE7
:1042D00000560053656C6674657374005700576927
:1042E0007A6172640058004C6F616420416C6C000C
:1042F0005900506C656173652070756C6C206F752A
:10430000742066696C616D656E7420696D6D65649D
:10431000696174656C79005A005265736574005B5D
:104320000052656E616D65005C00466972737420B1
:104330006C617965722063616C2E005D0053656C61
:10434000656374005E00537465656C207368656511
:104350007473005F00537570706F72740060004674
:1043600061696C207374617473204D4D5500610058
:104370005374617469737469637300620043616CA0
:104380006962726174696F6E0063004C6F616420D2
:1043900066696C616D656E74006400556E6C6F616A
:1043A000642066696C616D656E740065004C6F61B8
:1043B0006420746F206E6F7A7A6C650066005072AC
:1043C000656C6F616420746F204D4D550067004E21
:1043D0006F20534420636172640068005072696EFC
:1043E000742066726F6D20534400690052657375C6
:1043F0006D65207072696E74006A00506175736536
:10440000207072696E74006B00507265686561742B
:10441000006C0054756E65006D004C697665206116
:10442000646A757374205A006E00496E666F20735B
:10443000637265656E006F00417373697374007019
:10444000004F6E6365007100536F756E64007200FB
:104450004C6F75640073004368616E676520666920
:104460006C616D656E74007400466C6F770075004A
:1044700053706565640076004D61676E65747320E6
:10448000636F6D702E0077004E2F410078005A2D1B
:1044900070726F6265206E722E0079004D657368D0
:1044A000007A0053657474696E6773007B00596508
:1044B00073007C004E6F007D0053746F702070722B
:1044C000696E74007E00436865636B696E67206681
:1044D000696C65007F0046696C6520696E636F6D6D
:1044E000706C6574652E20436F6E74696E756520FF
:1044F000616E797761793F0080000452656672656C
:1045000073680081004D61696E00820057616974B3
:10451000696E6720666F72206E6F7A7A6C652061B3
:104520006E642062656420636F6F6C696E670083E0
:104530000053656C662074657374204F4B008400D3
:1045400053656C66207465737420737461727400B3
:1045500085004C6F6F73652070756C6C6579008693
:1045600000456E6473746F70206E6F742068697498
:10457000008700456E6473746F700088004D6F741F
:104580006F72008900456E6473746F7073008A00E7
:10459000576972696E67206572726F72008B004294
:1045A00065642F486561746572008C004E6F7420DD
:1045B000636F6E6E6563746564008D004865617439
:1045C00065722F546865726D6973746F72008E0026
:1045D000506C6561736520636865636B3A008F009A
:1045E00053656C6674657374206572726F72210016
:1045F000900046696C616D656E742073656E736FB3
:10460000720091005072696E742066616E3A009279
:1046100000486F74656E642066616E3A00930043D3
:10462000616C6962726174696E6720686F6D6500A4
:10463000940053656C6674657374206661696C657B
:1046400064009500416C6C20636F72726563740046
:104650009600436865636B696E672073656E736F60
:104660007273009700436865636B696E6720686FBB
:1046700074656E64009800436865636B696E6720BB
:10468000626564009900436865636B696E67205AD0
:104690002061786973009A00436865636B696E678F
:1046A00020592061786973009B00436865636B69DA
:1046B0006E6720582061786973009C0043686563C9
:1046C0006B696E6720656E6473746F7073009D0014
:1046D000436172642072656D6F766564009E00426E
:1046E00061636B009F004175746F20706F77657216
:1046F00000A00053696C656E7400A1004D6F646585
:1047000000A2004869676820706F77657200A30097
:10471000486F74656E642061742032383043212004
:104720004E6F7A7A6C65206368616E67656420619C
:104730006E64207469676874656E656420746F20A8
:1047400073706563733F00A400466F722061204E52
:104750006F7A7A6C65206368616E676520706C653E
:1047600061736520726561640A70727573612E6988
:104770006F2F6E6F7A7A6C652D6D6B337300A500A9
:104780005049442063616C2E2066696E69736865C8
:104790006400A6005049442063616C2E00A70050BD
:1047A00072696E742070617573656400A800507240
:1047B000696E742061626F7274656400A900436F52
:1047C00070792073656C6563746564206C616E67D5
:1047D000756167653F00AA004E6F7A7A6C65206448
:1047E00069616D65746572206469666665727320BF
:1047F00066726F6D2074686520472D636F64652E47
:1048000020436F6E74696E75653F00AB004E6F7A22
:104810007A6C65206469616D65746572206469668F
:10482000666572732066726F6D2074686520472D0F
:10483000636F64652E20506C6561736520636865E5
:10484000636B207468652076616C756520696E20E5
:1048500073657474696E67732E205072696E74206C
:1048600063616E63656C6C65642E00AC004F6666B8
:1048700000AD004F6E00AE0054686572652069732C
:10488000207374696C6C2061206E65656420746FA0
:10489000206D616B65205A2063616C69627261747E
:1048A000696F6E2E20506C6561736520666F6C6C4D
:1048B0006F7720746865206D616E75616C2C206364
:1048C00068617074657220466972737420737465D0
:1048D00070732C2073656374696F6E2043616C691B
:1048E00062726174696F6E20666C6F772E00AF0024
:1048F0005072696E74657220686173206E6F7420E7
:104900006265656E2063616C6962726174656420C2
:104910007965742E20506C6561736520666F6C6CD0
:104920006F7720746865206D616E75616C2C2063F3
:10493000686170746572204669727374207374655F
:1049400070732C2073656374696F6E2043616C69AA
:1049500062726174696F6E20666C6F772E00B000B2
:1049600053656C66746573742077696C6C2062653E
:104970002072756E20746F2063616C69627261745D
:10498000652061636375726174652073656E736F12
:10499000726C657373207265686F6D696E672E0047
:1049A000B1004F6C642073657474696E6773206620
:1049B0006F756E642E2044656661756C7420504975
:1049C000442C20457374657073206574632E2077C2
:1049D000696C6C206265207365742E00B2005761AB
:1049E000726E696E673A20626F7468207072696EC9
:1049F000746572207479706520616E64206D6F74C7
:104A0000686572626F617264207479706520636892
:104A1000616E6765642E00B3005761726E696E67E0
:104A20003A207072696E74657220747970652063C3
:104A300068616E6765642E00B4005761726E696EBE
:104A4000673A206D6F74686572626F61726420747A
:104A5000797065206368616E6765642E00B50054E7
:104A6000657374696E672066696C616D656E74004C
:104A7000B600536865657400B7004E6F742073709C
:104A8000696E6E696E6700B8005370696E6E696E0C
:104A90006700B9004C65667420686F74656E6420A9
:104AA00066616E3F00BA0046726F6E742070726964
:104AB0006E742066616E3F00BB0046616E207465B7
:104AC000737400BC0058595A2063616C696272614A
:104AD00074696F6E20616C6C2072696768742E2037
:104AE000536B65772077696C6C20626520636F7209
:104AF000726563746564206175746F6D6174696358
:104B0000616C6C792E00BD0058595A2063616C6944
:104B100062726174696F6E20616C6C207269676883
:104B2000742E20582F59206178657320617265209A
:104B3000736C696768746C7920736B657765642E34
:104B400020476F6F64206A6F622100BE0058595A77
:104B50002063616C6962726174696F6E206F6B2E85
:104B600020582F5920617865732061726520706527
:104B70007270656E646963756C61722E20436F6E2E
:104B800067726174756C6174696F6E732100BF0028
:104B900058595A2063616C6962726174696F6E2042
:104BA000636F6D70726F6D697365642E20526967F3
:104BB00068742066726F6E742063616C69627261E2
:104BC00074696F6E20706F696E74206E6F742072DE
:104BD0006561636861626C652E00C00058595A2097
:104BE00063616C6962726174696F6E20636F6D706E
:104BF000726F6D697365642E2046726F6E742063E8
:104C0000616C6962726174696F6E20706F696E7435
:104C100073206E6F7420726561636861626C652ECB
:104C200000C10058595A2063616C696272617469ED
:104C30006F6E206661696C65642E205269676874C6
:104C40002066726F6E742063616C69627261746950
:104C50006F6E20706F696E74206E6F742072656164
:104C6000636861626C652E00C20058595A20636106
:104C70006C6962726174696F6E206661696C6564EB
:104C80002E2046726F6E742063616C69627261746B
:104C9000696F6E20706F696E7473206E6F7420720E
:104CA0006561636861626C652E00C30058595A20C3
:104CB00063616C6962726174696F6E206661696CB0
:104CC00065642E20506C6561736520636F6E73752B
:104CD0006C7420746865206D616E75616C2E00C403
:104CE0000058595A2063616C6962726174696F6E11
:104CF000206661696C65642E204265642063616C86
:104D00006962726174696F6E20706F696E7420776A
:104D10006173206E6F7420666F756E642E00C5001F
:104D2000506C6561736520706C6163652073746598
:104D3000656C207368656574206F6E2068656174AA
:104D40006265642E00C60044697374616E636520F9
:104D50006265747765656E20746970206F66207473
:104D60006865206E6F7A7A6C6520616E6420746865
:104D70006520626564207375726661636520686191
:104D800073206E6F74206265656E20736574207980
:104D900065742E20506C6561736520666F6C6C6F56
:104DA0007720746865206D616E75616C2C20636876
:104DB00061707465722046697273742073746570D3
:104DC000732C2073656374696F6E20466972737407
:104DD000206C617965722063616C696272617469CB
:104DE0006F6E2E00C700506C616365206120736890
:104DF000656574206F6620706170657220756E64E1
:104E0000657220746865206E6F7A7A6C65206475AF
:104E100072696E67207468652063616C6962726193
:104E200074696F6E206F6620666972737420342017
:104E3000706F696E74732E20496620746865206EE9
:104E40006F7A7A6C65206361746368657320746837
:104E5000652070617065722C20706F776572206FAD
:104E6000666620746865207072696E746572206968
:104E70006D6D6564696174656C792E00C800506C55
:104E8000656173652072656D6F7665207374656505
:104E90006C2073686565742066726F6D206865614B
:104EA000746265642E00C900497320737465656C73
:104EB000207368656574206F6E2068656174626533
:104EC000643F00CA00536561726368696E6720625F
:104ED00065642063616C6962726174696F6E2070D1
:104EE0006F696E7400CB004D6561737572696E6792
:104EF000207265666572656E6365206865696768BE
:104F000074206F662063616C6962726174696F6E90
:104F100020706F696E7400CC00506C656173652001
:104F2000636C65616E20746865206E6F7A7A6C655B
:104F300020666F722063616C6962726174696F6E62
:104F40002E20436C69636B207768656E20646F6EFA
:104F5000652E00CD004175746F20686F6D6500CEC1
:104F600000556E6578706563746564206572726F54
:104F700072206F636375727265642E00CF004D36C8
:104F800030302046696C616D656E74204368616ED7
:104F900067652E204C6F61642061206E6577206606
:104FA000696C616D656E74206F7220656A656374EB
:104FB00020746865206F6C64206F6E652E00D000D1
:104FC00052656D6F76652074686520656A656374E7
:104FD00065642066696C616D656E742066726F6DC4
:104FE000207468652066726F6E74206F6620746826
:104FF00065204D4D552E00D10046696C616D656E82
:105000007420646574656374656420756E6578707A
:1050100065637465646C792E20456E7375726520C6
:105020006E6F2066696C616D656E74206973206CAB
:105030006F616465642E20436865636B20746865E6
:105040002073656E736F727320616E64207769726E
:10505000696E672E00D200496E7465726E616C20B5
:1050600072756E74696D65206572726F722E205450
:10507000727920726573657474696E6720746865EF
:10508000204D4D55206F72207570646174696E6794
:1050900020746865206669726D776172652E00D331
:1050A000004D4D552046572076657273696F6E200E
:1050B000697320696E636F6D70617469626C6520DD
:1050C00077697468207072696E7465722046572E15
:1050D00055706461746520746F2076657273696FB2
:1050E0006E20332E302E312E00D4004D4D552046EB
:1050F00069726D7761726520696E7465726E616C3C
:10510000206572726F722C20706C656173652072FD
:105110006573657420746865204D4D552E00D5006B
:105120005265717565737465642066696C616D653F
:105130006E7420746F6F6C206973206E6F742061C1
:105140007661696C61626C65206F6E20746869734A
:105150002068617264776172652E20436865636BB5
:105160002074686520472D636F646520666F722028
:10517000746F6F6C20696E646578206F7574206F32
:10518000662072616E6765202854302D5434292EB4
:1051900000D60043616E6E6F7420706572666F7228
:1051A0006D2074686520616374696F6E2C20666978
:1051B0006C616D656E7420697320616C72656164E9
:1051C00079206C6F616465642E20556E6C6F61642C
:1051D0002069742066697273742E00D7004D4D5596
:1051E000206E6F7420726573706F6E64696E6720D5
:1051F000636F72726563746C792E20436865636BAC
:105200002074686520776972696E6720616E64201A
:10521000636F6E6E6563746F72732E00D8004D4DB0
:1052200055206E6F7420726573706F6E64696E675F
:105230002E20436865636B20746865207769726906
:105240006E6720616E6420636F6E6E6563746F724B
:10525000732E00D9004D6F72652064657461696CAE
:1052600073206F6E6C696E652E00DA0054686520DD
:1052700049646C65722063616E6E6F7420686F6D37
:10528000652070726F7065726C792E20436865635B
:105290006B20666F7220616E797468696E67206238
:1052A0006C6F636B696E6720697473206D6F7665D0
:1052B0006D656E742E00DB0043616E2774206D6F88
:1052C00076652053656C6563746F72206F72204938
:1052D000646C65722E00DC005468652053656C6553
:1052E00063746F722063616E6E6F7420686F6D659A
:1052F0002070726F7065726C792E20436865636BE5
:1053000020666F7220616E797468696E6720626CC6
:105310006F636B696E6720697473206D6F76656D5E
:10532000656E742E00DD004C6F6164696E672074D9
:105330006F206578747275646572206661696C654A
:10534000642E20496E7370656374207468652066EE
:10535000696C616D656E742074697020736861702A
:10536000652E20526566696E6520746865207365D8
:105370006E736F722063616C6962726174696F6EC3
:105380002C206966206E65656465642E00DE00531E
:10539000656C6563746F722063616E2774206D6F36
:1053A00076652064756520746F2046494E4441201F
:1053B000646574656374696E6720612066696C61F9
:1053C0006D656E742E204D616B652073757265205E
:1053D0006E6F2066696C616D656E742069732069FB
:1053E0006E2053656C6563746F7220616E64204635
:1053F000494E444120776F726B732070726F7065F5
:10540000726C792E00DF0046696C616D656E7420E8
:1054100073656E736F722074726967676572656415
:1054200020746F6F206561726C79207768696C6594
:10543000206C6F6164696E6720746F206578747288
:10544000756465722E20436865636B2074686572AD
:10545000652069736E277420616E797468696E6760
:1054600020737475636B20696E2050544645207418
:105470007562652E20436865636B207468617420D3
:1054800073656E736F722072656164732070726FE2
:105490007065726C792E00E00050756C6C65792037
:1054A0006D6F746F72207374616C6C65642E20452F
:1054B0006E73757265207468652070756C6C6579A3
:1054C0002063616E206D6F766520616E6420636875
:1054D00065636B2074686520776972696E672E005A
:1054E000E10046696C616D656E742073656E736F63
:1054F00072206469646E277420737769746368200E
:105500006F6666207768696C6520756E6C6F616484
:10551000696E672066696C616D656E742E20456EDC
:10552000737572652066696C616D656E7420636168
:105530006E206D6F766520616E64207468652073DF
:10554000656E736F7220776F726B732E00E2004688
:10555000696C616D656E742073656E736F72206423
:1055600069646E2774207472696767657220776852
:10557000696C65206C6F6164696E67207468652072
:1055800066696C616D656E742E20456E737572650B
:10559000207468652073656E736F72206973206371
:1055A000616C6962726174656420616E6420746804
:1055B000652066696C616D656E74207265616368F3
:1055C00065642069742E00E30046494E444120641E
:1055D00069646E277420737769746368206F6666E8
:1055E000207768696C6520756E6C6F6164696E67A1
:1055F0002066696C616D656E742E20547279207519
:105600006E6C6F6164696E67206D616E75616C6C44
:10561000792E20456E737572652066696C616D65C3
:105620006E742063616E206D6F766520616E6420FC
:1056300046494E444120776F726B732E00E400465A
:10564000494E4441206469646E277420747269670E
:10565000676572207768696C65206C6F6164696E3C
:1056600067207468652066696C616D656E742E20B4
:10567000456E73757265207468652066696C616D2E
:10568000656E742063616E206D6F766520616E6457
:105690002046494E444120776F726B732E00E5001F
:1056A00044697361626C6500E60053746F7000E7D3
:1056B00000456A65637400E8004C6F616400E900AE
:1056C000556E6C6F616400EA0052657365744D4DF0
:1056D0005500EB00526574727900EC00426564205D
:1056E0006C6576656C696E67206661696C65642EB1
:1056F0002053656E736F72206469646E2774207422
:105700007269676765722E20446562726973206FE3
:105710006E206E6F7A7A6C653F2057616974696E8E
:105720006720666F722072657365742E00ED0053FA
:10573000656E736974697669747900EE00446F6E02
:105740006500EF00526573756D696E672070726950
:105750006E7400F00050494E444120486561746900
:105760006E6700F10043616C6962726174696F6E0B
:1057700020646F6E6500F20043616C69627261744F
:10578000696E67205A00F30042656420646F6E659D
:1057900000F4004265642048656174696E6700F535
:1057A0000048656174696E6720646F6E652E00F64F
:1057B0000048656174696E6700F700546F74616C2E
:1057C00000F8004C617374207072696E7400F90007
:1057D0004C617374207072696E74206661696C75B7
:1057E00072657300FA00546F74616C206661696CB5
:1057F0007572657300FB004D4D55206661696C73D1
:1058000000FC004D4D55206C6F6164206661696C31
:105810007300FD004D4D5520706F776572206661F5
:10582000696C7300FE004D6174657269616C206380
:1058300068616E67657300FF0054656D7065726125
:10584000747572657300000153656E736F72206921
:105850006E666F0001014578747275646572206927
:105860006E666F00020158595A2063616C2E2064E5
:10587000657461696C730003015072696E746572BE
:1058800020495020416464723A000401756E6B6EC9
:105890006F776E0005014D4D5520636F6E6E656329
:1058A000746564000601446174653A000701746F11
:1058B00020756E6C6F61642066696C616D656E74D5
:1058C000000801746F206C6F61642066696C616D03
:1058D000656E7400090150726573732074686520E9
:1058E0006B6E6F62000A0150726568656174696E63
:1058F0006720746F20637574000B015072656865D2
:105900006174696E6720746F20656A656374000C4A
:105910000150726568656174696E6720746F2075E7
:105920006E6C6F6164000D01507265686561746929
:105930006E6720746F206C6F6164000E01436F6F9F
:105940006C646F776E000F0146696C616D656E74F3
:1059500020657874727564696E6720262077697493
:105960006820636F727265637420636F6C6F723F3F
:1059700000100146696C616D656E74207573656415
:105980000011015072696E742074696D6500120116
:10599000546F74616C2066696C616D656E74001380
:1059A00001546F74616C207072696E742074696D3B
:1059B0006500140150726568656174207468652023
:1059C0006E6F7A7A6C65210015014552524F523A3A
:1059D000001601592064697374616E6365206672F4
:1059E0006F6D206D696E0017014C656674001801BB
:1059F00052696768740019014D6561737572656459
:105A000020736B6577001A01536C696768742073A3
:105A10006B6577001B0153657665726520736B6556
:105A200077001C015B303B305D20706F696E742025
:105A30006F6666736574001D0141646A75737469ED
:105A40006E67205A001E0152656172207369646599
:105A5000205BE46D5D001F0146726F6E74207369F8
:105A600064655BE46D5D00200152696768742073B2
:105A70006964655BE46D5D0021014C6566742073AB
:105A8000696465205BE46D5D0022015365742074D8
:105A9000656D70657261747572653A0023014172BB
:105AA00065206C65667420616E6420726967687435
:105AB000205A7E63617272696167657320616C6CE4
:105AC0002075703F00240143616C696272617469E2
:105AD0006E672058595A2E20526F74617465207475
:105AE0006865206B6E6F6220746F206D6F76652025
:105AF000746865205A2063617272696167652075F8
:105B00007020746F2074686520656E642073746FF4
:105B100070706572732E20436C69636B20776865C3
:105B20006E20646F6E652E00250143616C696272A0
:105B30006174696E67205A2E20526F7461746520FB
:105B4000746865206B6E6F6220746F206D6F766570
:105B500020746865205A20636172726961676520EC
:105B6000757020746F2074686520656E642073748E
:105B70006F70706572732E20436C69636B20776859
:105B8000656E20646F6E652E00260150494E4441BB
:105B90002063616C6962726174696F6E206661690D
:105BA0006C656400270150494E44412063616C6973
:105BB00062726174696F6E2069732066696E6973C1
:105BC00068656420616E64206163746976652E2067
:105BD00049742063616E2062652064697361626C40
:105BE000656420696E206D656E75205365747469F7
:105BF0006E67732D3E50494E44412063616C2E0008
:105C0000280145787472756465720029014D6F76BC
:105C100065205A002A014D6F76652059002B014DF1
:105C20006F76652058002C0146656564696E6720B3
:105C3000746F204653656E736F72002D014D6F7641
:105C4000696E672073656C6563746F72002E01481E
:105C50006F6D696E67002F01526574726163742005
:105C600066726F6D2046494E4441003001456A65B9
:105C70006374696E672066696C616D656E7400316E
:105C8000015061726B696E672073656C6563746F38
:105C90007200320152657475726E696E67207365A9
:105CA0006C6563746F72003301506572666F726D5C
:105CB000696E672063757400340150757368696E8E
:105CC000672066696C616D656E74003501507265A0
:105CD000706172696E6720626C61646500360153A1
:105CE000656C656374696E672066696C2E20736CE1
:105CF0006F74003701556E6C6F6164696E67206662
:105D0000696C616D656E7400380145525220544DC6
:105D100043206661696C6564003901455252204830
:105D2000656C702066696C616D656E74003A014542
:105D3000525220496E7465726E616C003B0145528F
:105D400052205761697420666F7220557365720026
:105D50003C0146696E697368696E67206D6F766590
:105D60006D656E7473003D0141766F6964696E679D
:105D7000206772696E64003E0146656564696E67FE
:105D800020746F206E6F7A7A6C65003F01466565FE
:105D900064696E6720746F206578747275646572CB
:105DA00000400146656564696E6720746F2046494E
:105DB0004E4441004101556E6C6F6164696E67200D
:105DC000746F2070756C6C6579004201556E6C6F54
:105DD0006164696E6720746F2046494E44410043F8
:105DE00001446973656E676167696E672069646CF9
:105DF0006572004401456E676167696E672069647A
:105E00006C65720045014F4B004601554E4B4E4F9D
:105E1000574E204552524F5200470146494C414D82
:105E2000454E54204348414E474500480146494CA1
:105E3000414D454E5420454A45435445440049018F
:105E4000554E4C4F4144204D414E55414C4C59000C
:105E50004A0146572052554E54494D45204552520D
:105E60004F52004B014D4D5520465720555044414F
:105E70005445204E4545444544004C015155455537
:105E8000452046554C4C004D01494E56414C494425
:105E900020544F4F4C004E0146494C2E20414C524D
:105EA00045414459204C4F41444544004F01434F24
:105EB0004D4D554E49434154494F4E204552524F46
:105EC000520050014D4D55204E4F542052455350D5
:105ED0004F4E44494E470051014D4D55204D4355BD
:105EE000204552524F520052014D4D552053454CC2
:105EF0004654455354204641494C454400530154AF
:105F00004D43204452495645522053484F52544520
:105F100044005401544D4320554E444552564F4C75
:105F20005441474520455252005501544D432044A9
:105F30005249564552205245534554005601544D3E
:105F40004320445249564552204552524F52005721
:105F500001544D43204F5645524845415420455227
:105F6000524F520058015741524E494E4720544D0E
:105F70004320544F4F20484F5400590149444C4549
:105F8000522043414E4E4F54204D4F5645005A012A
:105F900049444C45522043414E4E4F5420484F4DAA
:105FA00045005B0153454C4543544F522043414EFD
:105FB0004E4F54204D4F5645005C0153454C4543D0
:105FC000544F522043414E4E4F5420484F4D4500B0
:105FD0005D014C4F414420544F20455854522E20CF
:105FE0004641494C4544005E01494E535045435497
:105FF0002046494E4441005F014653454E534F529F
:1060000020544F4F204541524C5900600150554C8F
:106010004C45592043414E4E4F54204D4F5645005C
:1060200061014653454E534F522046494C2E205352
:106030005455434B0062014653454E534F52204442
:1060400049444E542054524947472E006301464963
:106050004E44412046494C414D2E20535455434B0C
:1060600000640146494E4441204449444E54205462
:106070005249474745520065014375742066696C73
:10608000616D656E74006601456A656374206672B1
:106090006F6D204D4D550067014C6F6164696E67EF
:1060A0002066696C616D656E740068014D4D552008
:1060B00052657472793A20526573746F72696E67B3
:1060C0002074656D70657261747572652E2E2E0078
:1060D0006901536F7274696E672066696C6573003D
:1060E0006A01536F6D652066696C65732077696C12
:1060F0006C206E6F7420626520736F727465642EFD
:10610000204D61782E204E6F2E206F662066696CC0
:10611000657320696E203120666F6C64657220663D
:106120006F7220736F7274696E67206973203130EB
:10613000302E006B0153544F505045442E003F3FCA
:1061400000526F6D616E61004872766174736B69A5
:10615000004D616779617200536C6F76656E63699B
:106160006E61004E6F72736B005376656E736B6178
:10617000004E656465726C616E647300506F6C7381
:106180006B69004974616C69616E6F004672616E83
:106190006361697300457370616E6F6C004465756F
:1061A000747363680043657374696E6100456E675C
:1061B0006C69736800257520627974657320777245
:1061C000697474656E20746F20255320617420619A
:1061D000646472657373203078253038780A00441F
:1061E0002564202D20526561642F577269746520E3
:1061F00025530A0020436F756E7420583A200052D0
:106200006573656E640025533A20256C640A255336
:106210000A0064697361626C656400656E61626C3A
:10622000656400454550524F4D005352414D004466
:106230002D31202D20456E646C657373206C6F6F5B
:10624000700A0041637469766520457874727564DC
:1062500065723A203000496E76616C696420657819
:10626000747275646572004D3232302053256400BB
:106270005344207072696E74696E67206279746528
:106280002000257500556E6B6E6F776E20636F6D05
:106290006D616E643A2022004D32303020496E76B6
:1062A000616C696420657874727564657220007A27
:1062B0005F6D61783A20007A5F6D696E3A200079EF
:1062C0005F6D696E3A200054524947474552454434
:1062D000006F70656E00785F6D696E3A20005265E0
:1062E000706F7274696E6720656E6473746F70206E
:1062F0007374617475730053494C454E54004E4F8E
:10630000524D414C002553204D4F44453A20506595
:106310007263656E7420646F6E653A2025686864E8
:106320003B207072696E742074696D652072656DB2
:1063300061696E696E6720696E206D696E733A20BF
:1063400025643B204368616E676520696E206D6936
:106350006E733A2025640A00456E642066696C6598
:10636000206C69737400426567696E2066696C65AC
:10637000206C69737400556E6B6E6F776E202563A9
:1063800020636F64653A2025730A000A50494E4421
:10639000412074656D70657261747572653A20256F
:1063A0002E3166205A20736869667420286D6D2925
:1063B0003A20252E3366000A537465703A2025640E
:1063C0002F360A000A537465703A2025642F362050
:1063D00028736B6970706564290A50494E444120E6
:1063E00074656D70657261747572653A20256420FC
:1063F0005A20736869667420286D6D293A300A0046
:106400000A5A45524F3A20252E33660A00737461AA
:1064100072742074656D70657261747572653A206E
:10642000252E31660A0025642020252E326600259F
:106430005320583A20252E356620593A20252E35EE
:1064400066205A3A20252E35660A00536C65657021
:106450002E2E2E0045303A25642052504D0A5052BF
:106460004E303A25642052504D0A00656E717565B4
:10647000696E67202200446F6E65207072696E74C9
:10648000696E672066696C65004D31313220636149
:106490006C6C65642E20456D657267656E6379204E
:1064A00053746F702E004E6F204C696E65204E75D0
:1064B0006D626572207769746820636865636B73C9
:1064C000756D2C204C617374204C696E653A200008
:1064D0004E6F20436865636B73756D2077697468D0
:1064E000206C696E65206E756D6265722C204C6142
:1064F0007374204C696E653A2000636865636B7342
:10650000756D206D69736D617463682C204C6173C7
:1065100074204C696E653A20004C696E65204E759A
:106520006D626572206973206E6F74204C617374A4
:10653000204C696E65204E756D6265722B312C2082
:106540004C617374204C696E653A20004D313037D0
:106550000057697A61726420656E64207374617497
:10656000653A2025640A0053706F6F6C4A6F696E3C
:10657000004669726D77617265005375706572507F
:10658000494E44410048426564206F6E206C6F6143
:106590006400466C617368416972002F2F2061634B
:1065A00074696F6E3A726573756D6564002F2F2084
:1065B000616374696F6E3A726573756D65002F2F34
:1065C00020616374696F6E3A63616E63656C004F3E
:1065D0004B004C434420737461747573206368618D
:1065E0006E67656400534420636172642072656C59
:1065F0006561736564004D3834004D3730320047B3
:1066000032382057004D3530300042616420696EC9
:1066100074657272757074005761746368646F6733
:106620002074696D656F75740053746174696320BB
:106630006D656D6F7279206861730A6265656E20A1
:106640006F7665727772697474656E004649524D53
:1066500057415245204352415348210A43726173C6
:106660006820726561736F6E3A0A002020506C6179
:106670006E6E657242756666657242797465733ACC
:1066800020002046726565204D656D6F72793A2055
:1066900000207C20417574686F723A2000204C61A4
:1066A000737420557064617465643A200020536FE0
:1066B0006674776172652052657365740020576156
:1066C000746368646F67205265736574002042725A
:1066D0006F776E206F757420526573657400204566
:1066E000787465726E616C20526573657400506FCA
:1066F0007765725570006572726F72207772697477
:10670000696E6720746F2066696C6500446F6E6502
:1067100020736176696E672066696C652E006F6B09
:10672000004D6561737572656420736B6577733AAC
:106730002025662025660A0046697474696E672004
:106740006661696C6564203D3E2063616C696272BC
:106750006174696F6E206661696C65642E0A00431E
:10676000616C6962726174696F6E207375636365D1
:1067700073732E0A00416C6C20342063616C696273
:10678000726174696F6E20706F696E747320666FCA
:10679000756E642E0A00312F3400312F3400312FF2
:1067A0003900312F3900060020746F6F206C6F6E36
:1067B0006720657874727573696F6E207072657684
:1067C000656E7465640020636F6C64206578747214
:1067D0007573696F6E2070726576656E746564009E
:1067E0004D6F76652061626F727465640025632564
:1067F00033642F25642563005A25362E32662563BF
:10680000005A2020202D2D2D2000256325336425BE
:1068100025002D2D2D00253364002533532533739A
:1068200025250020534400202020005553420020FD
:1068300046524D200025632D2D3A2D2D2020002578
:106840006325337568202563256300256325303271
:10685000753A2530327525632563002F2F2061633B
:1068600074696F6E3A706175736564002F2F2061D3
:106870006374696F6E3A70617573650044756D700D
:1068800020746F2073657269616C0068656C702E8E
:10689000707275736133642E636F6D00666F72750D
:1068A0006D2E707275736133642E636F6D0070723C
:1068B00075736133642E636F6D004D373031002581
:1068C000533A0A2531382E32666D200A25533A0A8A
:1068D0002531306C646820253032646D20253032DB
:1068E00064730025533A0A2531382E32666D200A2A
:1068F00025533A0A2531306C6464202530326468AF
:1069000020253032646D0025362E32666D6D0025EF
:10691000530A25530A25533A0A25533A0025332EA4
:1069200032660100252D31342E3134533A0A255375
:106930000A252D31342E3134533A25332E32660157
:106940000A252D31342E3134533A25332E32660147
:1069500000202030002020310046494E44410050A4
:10696000494E4441005072757361206933204D4B8C
:10697000322E34204F4B2E004D3630300053442001
:1069800063617264206F6B006F70656E526F6F741D
:10699000206661696C656400766F6C756D652E6943
:1069A0006E6974206661696C656400534420696E89
:1069B0006974206661696C006F70656E206661693C
:1069C0006C65642C2046696C653A200043616E6EEC
:1069D0006F7420656E746572207375626469723AB3
:1069E00020004D3234004D3233202573005072693F
:1069F0006E7465722073746F707065642064756561
:106A000020746F206572726F72732E2053757065DB
:106A100072766973696F6E207265717569726564EB
:106A20002E0047312045252D2E3366204632373043
:106A300030004D383300084AD73B3BCE016E84BC52
:106A4000BFFDC12F3D6C74319ABD56833DDA3D00C8
:106A5000C77F11BED9E4BB4C3E916BAAAABE000011
:106A600000803F05A84CCDB2D44EB93836A9020CEF
:106A700050B9918688083CA6AAAA2ABE00000080C8
:106A80003F07634236B79BD8A71A39685618AEBA83
:106A9000AB558C1D3CB7CC5763BD6DEDFD753EF617
:106AA000177231BF000000803F08000000BE922432
:106AB00049123EABAAAA2ABECDCCCC4C3E00000067
:106AC00080BEABAAAAAA3E00000000BF0000008062
:106AD0003F0000000000084178D3BB4387D1133D3D
:106AE000190E3CC3BD4282AD2B3E68EC8276BED906
:106AF0008FE1A93E4C80EFFFBE01C4FF7F3F000045
:106B0000000000000C9475B50C94F9C00D94712927
:106B10000D9477800C947EB50D94F62E0D949833D9
:106B20000C94E7C60C947CC60C94F7C70C9481B700
:106B30000C945CF20D947E280C9487B50D941A2366
:106B40000C9480E50C94A35A0D94702B0C9444B5CE
:106B50000C9414BD0C9475BF0C94B9FE0C94CDF636
:106B60000C9404B60C9417B70C9450B50C946BCCE1
:106B70000D94492E0C9462F50D94B72A0C9423C100
:106B80000C9451F70C94EEF00D94642C0C948ECC74
:106B90000D9460240C9498CC0D94FC290D94792AC2
:106BA0000C947FB50C942BF20C945FE50C9442BED0
:106BB0000D9485330C9457CC0C9459B50D94588092
:106BC0000D94132E0D94242A0C9461CC0D944C2A10
:106BD0000C94D5F60C94DCF10C94C7F60C9472C6A8
:106BE0000C94F9630C94A2FE0C94B0F10D94EA2974
:106BF0000C945A5A0C94F7B60C940CC20C9445B7EA
:106C00000C9467B50C945DB50D94E7290C940DB701
:106C10000D9474800C9452F60D94442A0C9470BF19
:106C20000C9433CC0D945E370C9489BF0C94AC5A01
:106C30000D94042A0C9448B50D9441340C944DCC19
:106C40000C941ACC0C948FC00C947FBF0D943C2AEA
:106C50000D9489800C940FC80D94FA2E0C941FF497
:106C60000C9447E50C94E4C60C948FE50D94BD4953
:106C70000D9440850D94377A0D947D7A0C94E1C67D
:106C80000C9437C80C94EBC50C94FAFE0C9447C1D5
:106C90000D947B800C9483B50C946BBF0C941BC833
:106CA0000C94CAB60C944CB50D94DA8F0D949F26B3
:106CB0000C94A7C60C94D9F60C9484CC0D942D306A
:106CC0000C9437500D9474290C943DCC0C948D5A2F
:106CD0000C94D2C30D946C340C9460BE0D947E2938
:106CE0000C9484BF0D9425340C94EAC60D940B7A51
:106CF0000D9472300D94F1290C948DBF0D94712474
:106D00000C94EDC60C9492E50C946DB70C9445F27E
:106D10000D94524B0D946E310D94D7310D94657ACC
:106D20000C9496BD0C943BE50C9481C70C94DEC684
:106D30000C9402B70C9460F20C947ACC0C9429CC8D
:106D40000D94B3290C941FCC0C94E6F10C9479B5F6
:106D50000D945B4B0C9427B60C9407C80C94F6C6A4
:106D60000D947D240C946EF20C94D1F60C948CE569
:106D70000D945F2C0D94644B0D94E1330C9426C854
:106D80000C949DBE0C94E95B0C9440C10C947ABFAA
:106D90000C943FEF0D944C290C9445CC0C94C3FEFD
:106DA0000C94D6B60C9412CC0C947DC10C94C9F5FD
:106DB0000C943EB50D94592C0C94E2B60D94817A46
:106DC0000C9468E30C944BEB0D9434290D947B29BF
:106DD0000C9488EE0D945C2C0D940C2A0C94365A6D
:106DE0000C94E5FE0C94CF5A0C9456F20C946BB5AF
:106DF0000D942C2A0D941C2A0D945D320C94ACCC6D
:106E00000C947ECF0C9486FF0C94F4B40C9466BF63
:106E10000C9419F40D947A7A0C94A3F90C94DEB7BF
:106E20000D9412800D94F4290C942CFA0C9481FF8B
:106E30000C94D0F10C94EFF60C9471B50D94848001
:106E40000C9497C40D94F6310C9459B70C9477F2C6
:106E50000C9453B50D94342A0C94745A0C9449EB49
:106E60000C94FFC70C9427E40C9439C10D94C92EDF
:106E70000D9485220C947F5A0C948BF20C9435C897
:106E80000D9497310C9463B50D9414340C94E15A1D
:106E90000C9448F80C94A4B70C94F2C30C94CDF560
:106EA0000C941BFA0C944EC10C9474EE0C9491B596
:106EB0000D94142A0C94A2CC6E616E00696E66006B
:106EC00000407A10F35A00A0724E18090010A5D4A1
:106ED000E80000E87648170000E40B54020000CAFE
:106EE0009A3B000000E1F505000080969800000044
:106EF00040420F000000A0860100000010270000A3
:106F00000000E803000000006400000000000A0028
:106F1000000000000100000000002C76D888DC672B
:106F20004F0823DFC1DFAE59E1B1B796E5E3E45383
:106F3000C63AE651997696E8E6C28426EB898C9BA0
:106F400062ED407C6FFCEFBC9C9F40F2BAA56FA540
:106F5000F490055A2AF75C936B6CF9676DC11BFCC2
:106F6000E0E40D47FEF520E6B500D0ED902E0300DD
:106F7000943577050080841E080000204E0A00002A
:106F800000C80C333333330F986E12831141EF8DE9
:106F90002114893BE65516CFFEE6DB18D1844B3829
:106FA0001BF77C1D901DA4BBE424203284725E225A
:106FB0008100C9F124ECA1E53D278FC4931D5365E1
:106FC0007474696E67732053746F726564005374D0
:106FD0006F7265642073657474696E67732072657F
:106FE000747269657665640048617264636F646594
:106FF000642044656661756C742053657474696EB1
:107000006773204C6F6164656400563200000000B5
:10701000C8420000C8420000C843CD4C21430000D4
:10702000484300004843000040410000F042E803AC
:107030000000E8030000C8000000881300000040C2
:107040009C4400409C440000000000000000204ED2
:1070500000000000204100002041CDCCCC3E0000CB
:107060009040000000000000000000000000CDCCB7
:10707000CC3E33B32342EA784C3FF45A03448F4268
:10708000FC42E65A343F4C62B0450000000000402C
:10709000400000344200000000000000000000003A
:1070A00041000000E03F00002C4300002C430000A2
:1070B00040410000F042C0030000C0030000C800CF
:1070C0000000881300001010101000409C440000C5
:1070D000803F0000003F191400000020307800209D
:1070E0003078006572726F723A2000443233202D7E
:1070F00020656D657267656E63792073657269617D
:107100006C2064756D7000CDCCCC3D0AD7233C1744
:10711000B7D13877CC2B329595E6241FB14F0A00B2
:107120000020410000C84200401C4620BCBE4CCAA2
:107130001B0E5AAEC59D744E414E494E4600007A14
:1071400043000052430000524300000000CDCC0C2D
:10715000C09A99193E00000000CDCC0CC09A991934
:107160003E20503A002042403A0020403A00202F72
:10717000002054303A00202F0020423A00202F00F7
:10718000543A00BF0FBE0FBD0FBC0F206D69637274
:107190006F6E730045786365737369766520626509
:1071A00064206C6576656C696E6720636F727265CA
:1071B0006374696F6E3A20004C5246424265642007
:1071C0006C6576656C696E67206661696C65642EB6
:1071D0002053656E736F722074726967676572659C
:1071E0006420746F6F20686967682E0042656420B0
:1071F0006C6576656C696E67206661696C65642E86
:107200002053656E736F7220646973636F6E6E6571
:1072100063746564206F72206361626C65206272C2
:107220006F6B656E2E0020453A00205A3A002059B7
:107230003A0020453A00205A3A0020593A00583A7C
:1072400000202D3E200053706F6F6C4A6F696E3ABC
:1072500020002C2000496E6163746976697479207E
:1072600053687574646F776E004B494C4C45442EDF
:10727000005072696E7465722068616C7465642E6A
:10728000206B696C6C28292063616C6C656421003B
:107290005A206C6976652061646A757374206F7515
:1072A00074206F662072616E67652E20536574745A
:1072B000696E6720746F20302E20436C69636B20E9
:1072C000746F20636F6E74696E75652E005A206C42
:1072D0006976652061646A757374206F7574206FB8
:1072E000662072616E67652E2053657474696E67DF
:1072F00020746F20300020453A3020423A00543A42
:1073000000627573793A2070617573656420666FE9
:107310007220696E70757400627573793A207061BD
:107320007573656420666F7220757365720062758F
:1073300073793A2070726F63657373696E67007357
:10734000657269616C2064756D702000496E7661AC
:107350006C6964205420636F64652E004475706C02
:10736000696361746520542D636F64652069676E7D
:107370006F7265642E00416476616E6365204B3DDB
:10738000004B206F7574206F6620616C6C6F7765A1
:10739000642072616E676521004D4B33004D4B32A6
:1073A0002E35004D4B322E354D4D5532001A4FFAC9
:1073B000002533642F2533640025336400200A2020
:1073C0000A200025534172632053657474696E6707
:1073D000733A20503A4D6178206C656E6774682866
:1073E0006D6D2920533A4D696E206C656E67746827
:1073F00020286D6D29204E3A436F7272656374695F
:107400006F6E7320523A4D696E207365676D656EBD
:10741000747320463A5365676D656E74732F736598
:10742000632E0A255320204D3231342050252E3230
:10743000662053252E3266204E2564205225642076
:107440004625640A00255346696C616D656E74209B
:1074500073657474696E67733A2044697361626C12
:1074600065640A00255346696C616D656E7420730E
:10747000657474696E67733A0A25532020204D3273
:1074800030302044252E32660A002553526574722E
:107490006163743A20533D4C656E67746820286DB3
:1074A0006D2920463A537065656420286D6D2F6DF7
:1074B00029205A3A205A4C69667420286D6D290A91
:1074C00025532020204D3230372053252E32662080
:1074D00046252E3266205A252E32660A25535265DD
:1074E000636F7665723A20533D4578747261206C03
:1074F000656E67746820286D6D2920463A53706563
:10750000656420286D6D2F6D290A25532020204D9C
:107510003230382053252E32662046252E32660A18
:1075200025534175746F2D526574726163743A20EE
:10753000533D3020746F2064697361626C652C2048
:107540003120746F20696E74657270726574206585
:107550007874727564652D6F6E6C79206D6F7665C9
:1075600073206173207265747261637473206F722B
:10757000207265636F7665726965730A25532020F2
:10758000204D323039205325640A00255350494498
:1075900020686561746265642073657474696E67E0
:1075A000733A0A25532020204D3330342050252EA5
:1075B00032662049252E32662044252E32660A0086
:1075C00025535049442073657474696E67733A0A91
:1075D00025532020204D3330312050252E32662077
:1075E00049252E32662044252E32660A0025535343
:1075F000746570732070657220756E69743A0A251F
:107600005320204D39322058252E32662059252E00
:107610003266205A252E32662045252E32660A25EE
:10762000534D6178696D756D20666565647261742E
:10763000657320286D6D2F73293A0A255320204D3C
:107640003230332058252E32662059252E326620BE
:107650005A252E32662045252E32660A25534D6165
:1076600078696D756D20616363656C6572617469BD
:107670006F6E20286D6D2F7332293A0A2553202012
:107680004D3230312058256C752059256C75205AA3
:10769000256C752045256C750A2553416363656C1F
:1076A00065726174696F6E3A20503D7072696E74D4
:1076B0002C20523D726574726163742C20543D74A9
:1076C000726176656C0A255320204D32303420508B
:1076D000252E32662052252E32662054252E326603
:1076E0000A2553416476616E636564207661726930
:1076F00061626C65733A20533D4D696E2066656525
:10770000647261746520286D6D2F73292C20543D9F
:107710004D696E2074726176656C20666565647271
:1077200061746520286D6D2F73292C20423D6D6991
:107730006E696D756D207365676D656E7420746913
:107740006D6520287573292C20583D6D6178696D11
:10775000756D205859206A65726B20286D6D2F73E6
:10776000292C20205A3D6D6178696D756D205A2055
:107770006A65726B20286D6D2F73292C2020453D82
:107780006D6178696D756D2045206A65726B202882
:107790006D6D2F73290A255320204D32303520532B
:1077A000252E32662054252E32662042256C752007
:1077B00058252E32662059252E3266205A252E3223
:1077C000662045252E32660A2553486F6D65206F69
:1077D000666673657420286D6D293A0A255320204A
:1077E0004D3230362058252E32662059252E3266ED
:1077F000205A252E32660A004361703A25533A25F5
:10780000630A0050525553415F4D4D553200455863
:1078100054454E4445445F4D3230004155544F521B
:1078200045504F52545F504F534954494F4E0041B9
:1078300055544F5245504F52545F54454D500000DF
:1078400044656C6574696F6E206661696C65642C53
:107850002046696C653A200046696C652064656C59
:10786000657465643A004E6F7420534420707269E9
:107870006E74696E67005072696E7420736176650C
:1078800064005344207072696E7420706175736572
:1078900064002533642F25336400667600746878AD
:1078A0000050524E0022283229006E6F2076616C03
:1078B000696420636F6D6D616E64007A65726F72CA
:1078C000697A656400666163746F727920726573AA
:1078D000746F72656400696E6465782C2074656DE0
:1078E000702C2075737465702C20756D0050494E96
:1078F00044412063616C207374617475733A200095
:10790000503A005761697420666F722050494E44A6
:1079100041207461726765742074656D7065726171
:10792000747572653A00205000204200204C0020FF
:107930005200205A00204E4F5420494E495449418C
:107940004C495A45440053686565742000205A200C
:1079500056414C5545204F5554204F462052414EDC
:10796000474500496E76616C69642073686565748B
:107970002049442E20416C6C6F7765643A20302E8C
:107980002E004155544F004C414E472053454C204A
:10799000464F524345440020643A0020693A002093
:1079A000703A0020643A0020693A0020703A0025BD
:1079B0006925250A00256925250A00222831290084
:1079C0002F2F0030303030303030302D30303030EC
:1079D0002D303030302D303030302D3030303030B0
:1079E000303030303030300020555549443A002096
:1079F00045585452554445525F434F554E543A31C1
:107A0000005072757361206933204D4B322E340063
:107A1000204D414348494E455F545950453A003145
:107A20002E3000206261736564206F6E204D61729C
:107A30006C696E204649524D574152455F55524C34
:107A40003A68747470733A2F2F6769746875622E80
:107A5000636F6D2F707275736133642F507275731D
:107A6000612D4669726D776172652050524F544F97
:107A7000434F4C5F56455253494F4E3A0046495288
:107A80004D574152455F4E414D453A5072757361B5
:107A90002D4669726D7761726520004D313133205A
:107AA00053006F6B20006E2F61003F546F73686945
:107AB000626120466C617368416972204765744950
:107AC00050206661696C65640A00000125301D0C58
:107AD000FF24311C0BFF232F1B0A17FF0406222B48
:107AE0001A03363535382569206D696E2C202569D5
:107AF0002073656300496E76616C6964204D206374
:107B00006F64653A2025730A004D657368206265CD
:107B100064206C6576656C696E67206E6F74206199
:107B200063746976652E002020000A4D65617375C7
:107B300072656420706F696E74733A000A5A20731C
:107B40006561726368206865696768743A20004EF1
:107B5000756D20582C593A200050494E44412070F0
:107B6000726F62652063616C6962726174696F6EC5
:107B7000207374617274004E6F2050494E4441204E
:107B8000746865726D6973746F7200736574006EEA
:107B90006F7A7A6C65004D424C004652004C7A0078
:107BA0004C616E6700315F37356D6D5F4D4B32351F
:107BB0002D52414D426F3133612D45334476366647
:107BC000756C6C0052657600332E31332E322D37B2
:107BD0003038300046697200534E20696E76616C11
:107BE000696400534E005245534554004D4D555263
:107BF00045530075766C6F0046414E0046414E502D
:107C0000494E545354005052555341007B5B4552EA
:107C1000523A00332E31332E32005D5B4657523AD2
:107C2000005D5B54494D3A005D5B464E4D3A005D48
:107C30005B46454D3A005D5B5043443A005B544619
:107C4000553A005B50524E3A005B50464E3A305D1A
:107C5000005B4449413A005D5B4154423A005D5B40
:107C60004154303A005D5B5354423A005B53543008
:107C70003A007B5B50524E3A355D007B5B50524E72
:107C80003A305D007B5B50524E3A395D007B5B5071
:107C9000524E3A385D007B5B5245533A305D5B464D
:107CA000494C3A007B5B5245533A315D5B46494C47
:107CB0003A0000002110422063308440A550C66085
:107CC000E770088129914AA16BB18CC1ADD1CEE199
:107CD000EFF13112100273325222B5529442F77210
:107CE000D662399318837BB35AA3BDD39CC3FFF3E9
:107CF000DEE36224433420040114E664C774A44420
:107D000085546AA54BB528850995EEE5CFF5ACC538
:107D10008DD55336722611163006D776F6669556EF
:107D2000B4465BB77AA719973887DFF7FEE79DD788
:107D3000BCC7C448E5588668A7784008611802287F
:107D40002338CCC9EDD98EE9AFF9488969990AA9D8
:107D50002BB9F55AD44AB77A966A711A500A333A4F
:107D6000122AFDDBDCCBBFFB9EEB799B588B3BBB28
:107D70001AABA66C877CE44CC55C222C033C600CDF
:107D8000411CAEED8FFDECCDCDDD2AAD0BBD688D78
:107D9000499D977EB66ED55EF44E133E322E511E2F
:107DA000700E9FFFBEEFDDDFFCCF1BBF3AAF599FC8
:107DB000788F8891A981CAB1EBA10CD12DC14EF168
:107DC0006FE18010A100C230E320045025404670CE
:107DD0006760B9839893FBA3DAB33DC31CD37FE3F9
:107DE0005EF3B1029012F322D2323542145277621E
:107DF0005672EAB5CBA5A89589856EF54FE52CD5C9
:107E00000DC5E234C324A01481046674476424546D
:107E10000544DBA7FAB79987B8975FE77EF71DC7D8
:107E20003CD7D326F2369106B016576676761546BD
:107E300034564CD96DC90EF92FE9C899E9898AB928
:107E4000ABA94458654806782768C018E10882380D
:107E5000A3287DCB5CDB3FEB1EFBF98BD89BBBAB38
:107E60009ABB754A545A376A167AF10AD01AB32A5D
:107E7000923A2EFD0FED6CDD4DCDAABD8BADE89D88
:107E8000C98D267C076C645C454CA23C832CE01CAD
:107E9000C10C1FEF3EFF5DCF7CDF9BAFBABFD98F18
:107EA000F89F176E367E554E745E932EB23ED10EFD
:107EB000F01E7C3C3E3F2F2A225C00220000204521
:107EC000535000204E535000204F464600204F4E46
:107ED000005056303100205B4D505D200025692058
:107EE000686F757273202569206D696E757465738E
:107EF0000052582074696D656F7574004D333130D0
:107F0000004D313132004D3131300046756C6C20FE
:107F100052582042756666657200437573746F6DC2
:107F2000004E796C6F6E504100536174696E202071
:107F30000054657874757200536D6F6F746800310A
:107F40002E3000312E3500554E4B4E4F574E004CC3
:107F5000413130433A204C696E656172204164764C
:107F6000616E6365206D6F64653A20004C4131306D
:107F7000433A2041646A757374656420452D4A65EF
:107F8000726B3A20000040145447312058313020A1
:107F900059313830204634303030004731205A31A2
:107FA00030204631333030004D31343020533000F2
:107FB0004D31303420533000473120452D302E30A4
:107FC00037352046323130300047312046343030AA
:107FD00030004D32303420533130303000473120C2
:107FE0005A3520463732303000473120452D312E6A
:107FF0003520463231303000473930004731205883
:1080000035204534204631303030004731205A3059
:108010002E3220463130303000473120583535205F
:1080200045323520463134303000473120592D3229
:10803000204631303030004731205832343020452E
:10804000323520204632323030004731205A302E2F
:108050003320463130303000473120583535204507
:1080600038204632303030004731205835204532F4
:1080700039204631383030004731205835352045D9
:10808000323920463130373300473932204530000D
:10809000473238004D313039004D31393000100051
:1080A000C90210012C014001220170011801B00128
:1080B0000E01F00104015002FA00B002F00030039A
:1080C000E600D003DC009004D2007005C800A006D2
:1080D000BE000008B400B009AA00D00BA000600EDA
:1080E000960060118C000015820020197800C01DD8
:1080F0006E00A0226400B0275A00902C500000317E
:108100004600E0343C0010383200903A2800603CD1
:108110001E00A03D1400803E0A00203F00004738AA
:1081200030004D3435004D3435205A004737360085
:108130004D3730312050300057697A6172642073B6
:10814000746174653A2025640A0045787065726927
:108150006D656E74616C00302E383000302E363014
:1081600000302E343000302E3235004469736162A5
:108170006C65206661726D206D6F64650052657379
:108180006574204D4D55004D4D55004D3434002043
:108190000A200A20004739390044697361626C651E
:1081A000206661726D206D6F64653F004D2038342C
:1081B00000052E2E002533642F30002533642F3028
:1081C000006C63645F73656C66636865636B5F61B5
:1081D0007869732025642C2025640A00486F746533
:1081E0006E6400426564005A00590058002D2D2D20
:1081F0002D2D2D2D2D2D2D2D2D2D2D2D2D2D2D2DAF
:108200002D00537570657250494E44413A004C65DB
:10821000B87FB07FA87F9B7F897F47312058256436
:10822000205925642045252D2E35660047312046EE
:1082300031303830004731205A252D2E3366204604
:1082400037323030004731205835302059313535FC
:10825000008980F87F326AE97FDD7FD27FC97F475E
:1082600031205825642045252D2E33662046313097
:108270003030007880688058804A80898037802A32
:108280008019800B80FC7F542564004731205A30D0
:108290002E3420463130303000473120592D3320E4
:1082A0004631303030004C659980948090808980D0
:1082B0004D3834205859004D313039205332383040
:1082C0000047312058313235205A32303020463183
:1082D00030303000496E76616C696420504944202A
:1082E00063616C2E20726573756C74732E204E6FF3
:1082F000742073746F72656420746F20454550520A
:108300004F4D2E004D3330312050252E32662049FE
:10831000252E32662044252E3266004D3330332020
:108320004530205325337500626F6F745F61707044
:108330005F6D61676963203D30782530386C780A5D
:1083400000626F6F745F6170705F666C616773204D
:108350003D3078253032780A00626F6F745F726545
:1083600073657276656420203D3078253032780A56
:1083700000626F6F745F636F70795F73697A6520F5
:108380003D3078253034780A00626F6F745F647313
:10839000745F6164647220203D30782530386C78D9
:1083A0000A00626F6F745F7372635F61646472204E
:1083B000203D30782530386C780A0052430044451F
:1083C00056004245544100414C50484100000021B4
:1083D00000240027002A002D003000330001010096
:1083E00000040107010A0100002200250028002BDB
:1083F000002E003100340002010000050108010BCD
:1084000001000020002300260029002C002F00324C
:10841000000001000003010601090105050505072B
:108420000508080808020202020A0A0808040404EF
:10843000040101010101010101030303030303031B
:1084400003040707070C0C0C0C0C0C0C0C020202AA
:108450000206060606060606060B0B0B0B0B0B0B9D
:108460000B07070A0A0A0A0A0A0505050404040894
:10847000080102102020080810204010204080022F
:10848000010201080402010102040810204080805A
:1084900040201008040201800402018040201008DE
:1084A00004020108040201010204081020408001B6
:1084B00002040810204080100804088010204004A6
:1084C0004080102040048000000A0B02090C0D0EB1
:1084D0000807030401000000000000000000000085
:1084E000000000000000000000000000000000008C
:1084F0000000001211100000000000000000000049
:10850000000000000000000000000000000000006B
:1085100000000000000000000000000000332E31C9
:10852000332E32000A204F726967696E616C2050E9
:10853000727573612069330A20202050727573614F
:108540002052657365617263680A2532302E3230BD
:10855000530053706F6F6C4A6F696E20697320000F
:108560006164635F696E697400200A200A200A2032
:1085700000416C6C204461746100536572766963DC
:10858000652070726570005368697070696E67204D
:1085900070726570005374617469737469637300F9
:1085A0004C616E67756167650045524153494E479E
:1085B00020616C6C206461746100466163746F7249
:1085C0007920524553455400505255534133444647
:1085D000570003000D0002004000030002000000ED
:1085E0000400286E6F6E652C2064656661756C747E
:1085F00020636F6E66696729004665622031372007
:10860000323032342032323A32323A333000203390
:108610002E31332E322D373038300073746172743E
:10862000004D323900252D392E39535B004731205A
:108630005825642059252D2E32662045252D2E33B0
:10864000660057726974696E6720746F2066696C82
:10865000653A200046696C6520616C7265616479D9
:10866000206F70656E65640000004842000058414C
:108670009A998D41333353404D4D55323A004D65F3
:1086800061737572652063656E7465722020007871
:10869000797A63616C5F6D6561737572655F656E34
:1086A0007465720A0078797A63616C5F73706972BD
:1086B000616C382063783D25642063793D25642012
:1086C0007A303D256420647A3D25642072616469B6
:1086D00075733D25642061643D25640A0078797ACC
:1086E00063616C5F7365617263685A206E6F20739B
:1086F00069676E616C0A20783D256C6420793D25A0
:108700006C64207A3D256C640A00204F4E2D53493D
:10871000474E414C20617420783D256420793D25E9
:1087200064207A3D25642061643D25640A007879DF
:108730007A63616C5F7365617263685A20783D2566
:108740006C6420793D256C64207A3D256C640A00B8
:108750002530327800205B25662025665D206D6D12
:10876000207061747465726E2063656E7465720A40
:1087700000205B25662025665D5B25665D206D6DAE
:1087800020646976657267656E63650A000000F0B3
:1087900000F801FC03FE07FE07FE07FE07FC03F8D6
:1087A00001F000000000000000F000F801FC03FCF4
:1087B00003FC03FC03F801F0000000000078797A64
:1087C00063616C5F6D6561737572655F6C65617621
:1087D000650A00203C20005741524E494E473A203E
:1087E00046726F6E7420706F696E74206E6F7420A5
:1087F000726561636861626C652E205920636F6FDA
:108800007264696E6174653A0000000040410000C6
:10881000804000005C430000804000005C4300009A
:108820004443000040410000444325642F34004984
:108830007465726174696F6E3A200043616C69629D
:10884000726174696F6E206661696C656421204392
:108850006865636B20746865206178657320616E5C
:10886000642072756E20616761696E2E00000E13C0
:1088700015110E00000004120912040000001C1F54
:1088800011111F00000006191803130C00040E1F1D
:10889000041C000000040A0A0A0A11110E0C12122C
:1088A0000C00000000001F1511151F00000001033F
:1088B000161C0800000000110A04110A04252E31BC
:1088C0003053200025346400457872656D6520734F
:1088D00070616E206F6620746865205A2076616C26
:1088E000756573210025642F39004D4D55323A00CE
:1088F000253364001801041904073D56C7554D552A
:10890000E054975405548D532553D652B6526A52AB
:10891000B6525352535253525352535253525352CC
:10892000535253525352535253525352535253521F
:1089300053525352535253525352535253521C5246
:10894000DB5191511E51E9509F505550F74FBE4F8A
:108950007C4F5F4F010101010101010271017101B1
:10896000323232030303030303030303030303034A
:108970000303030303039393243803930301025671
:1089800003650066006700680069006A006B006CA0
:1089900000730074007D007E00C900D300DD00CAB2
:1089A00000D400DE002D01370141012E01380142C3
:1089B000012F013901430130013A01440131013BEA
:1089C000014501320191019201F501F601F701F82B
:1089D00001F901FA01FB01FC018403D2563B57C7A0
:1089E00056BE56B756AF561144A8569E56252E323F
:1089F00030530A70727573612E696F2F3034256899
:108A0000750024F4D43050C38E20C2A24017828B4C
:108A10007011127A910D816CD90AA861E108C758CA
:108A20006607615143061E4B5D05C145A7041A4107
:108A30001104093D9803713931034036DB02653377
:108A40009102D4305402802E1D02632CEE01752A4F
:108A5000C501B028A001102781018F2564012B24B6
:108A60004B01E0223401AC211F018D200D01801F3C
:108A7000FC00841EED00971DDF00B81CD200E61B31
:108A8000C600201BBC00641AB200B219A8000A1963
:108A9000A0006A189900D117910040178B00B516F5
:108AA000840031167E00B31579003A157300C7149F
:108AB0006F0058146A00EE136600881363002513D4
:108AC0005E00C7125B006C12570015125400C111F2
:108AD000510070114F0021114B00D61049008D102C
:108AE00047004610440002104200C00F4000800FB3
:108AF0003E00420F3C00060F3B00CB0E3800930EA9
:108B000037005C0E3500270E3400F30D3200C10D26
:108B10003100900D3000600D2E00320D2D00050D3E
:108B20002C00D90C2B00AE0C2900850C29005C0C04
:108B30002700350C27000E0C2600E80B2400C40B80
:108B40002400A00B23007D0B23005A0B2100390BBE
:108B50002100180B2000F80A1F00D90A1E00BB0ACA
:108B60001E009D0A1D00800A1D00630A1C00470AA2
:108B70001B002C0A1B00110A1A00F7091A00DD0954
:108B80001900C4091900AB091900920917007B09E3
:108B90001800630917004C09160036091600200951
:108BA00016000A091500F5081500E0081400CC08A5
:108BB0001400B8081400A4081400900813007D08DD
:108BC00012006B08130058081200460812003408FF
:108BD0001100230811001208110001081100F0070C
:108BE0001000E0071000D0071000C0071000B00709
:108BF0000F00A107100091070E0083070F007407F4
:108C00000F0065070E0057070E0049070E003B07CF
:108C10000D002E070E0020070D0013070D0006079C
:108C20000D00F9060C00ED060D00E0060C00D40660
:108C30000C00C8060C00BC060C00B0060C00A40614
:108C40000B0099060C008D060B0082060B007706C0
:108C50000B006C060B0061060A0057060B004C0661
:108C60000A0042060A0038060A002E060A002406F8
:108C70000A001A060A001006090007060A00FD0588
:108C80000900F4050900EB050900E2050900D90512
:108C90000900D0050900C7050900BE050900B50592
:108CA0000800AD050800A50509009C05080094050D
:108CB00008008C050800840508007C050800740580
:108CC00008006C050700650508005D0507005605EE
:108CD00008004E0507004705070040050800380555
:108CE0000700310507002A050700230507001C05BA
:108CF0000600160507000F05070008050600020517
:108D00000700FB040600F5040700EE040600E80473
:108D10000600E2040700DB040600D5040600CF04C9
:108D20000600C9040600C3040600BD040600B7041B
:108D30000600B1040500AC040600A6040600A00469
:108D400005009B04060095040500900406008A04B3
:108D5000050085040500800406007A0405007504FA
:108D60000500700405006B0405006604050061043D
:108D700005005C04050057040500520405004D047D
:108D8000050048040500430405003E0404003A04BD
:108D9000050035040500300404002C0405002704F8
:108DA0000400230405001E0404001A040400160431
:108DB0000500110404000D04040009040500040466
:108DC000040000040400FC030400F8030400F4039E
:108DD0000400F0030400EC030400E8030400E403CF
:108DE0000400E0030400DC030400D8030400D403FF
:108DF0000400D0030400CC030400C8030300C5032F
:108E0000030024F404D9201BC40C5C0E9804C4098C
:108E10005F0265077101F405F900FB04B300480423
:108E20008700C10369005803550003034500BE02D3
:108E30003A008402310053022A002902250004026C
:108E40002000E4011C00C8011900AF0117009801BF
:108E50001400840113007101100061011000510120
:108E60000E0043010D0036010B002B010B00200109
:108E70000B00150109000C01090003010800FB00AB
:108E80000800F3000800EB000700E4000600DE0025
:108E90000600D8000600D2000600CC000500C7007E
:108EA0000500C2000500BD000400B9000400B500C3
:108EB0000400B1000400AD000400A9000400A500F6
:108EC0000300A20003009F0004009B000300980021
:108ED00003009500020093000300900003008D0042
:108EE00002008B000300880002008600020084005C
:108EF0000300810002007F0002007D0002007B0071
:108F00000200790002007700010076000200740080
:108F1000020072000100710002006F0002006D008B
:108F200001006C0002006A00010069000200670095
:108F3000010066000100650001006400020062009B
:108F4000010061000100600001005F0002005D009F
:108F500001005C0001005B0001005A0001005900A3
:108F600001005800010057000100560001005500A3
:108F700001005400010053000000530001005200A2
:108F8000010051000100500001004F0001004E009F
:108F900000004E0001004D0001004C0001004B009C
:108FA00000004B0001004A00010049000100480098
:108FB0000000480001004700010046000000460094
:108FC000010045000000450001004400010043008D
:108FD0000000430001004200000042000100410087
:108FE000000041000100400001003F0000003F0080
:108FF00001003E0000003E0001003D0000003D0079
:1090000001003C0000003C0000003C0001003B006F
:1090100000003B0001003A0000003A000100390066
:10902000000039000100380000003800000038005E
:109030000100370000003700010036000000360054
:10904000000036000100350000003500000035004A
:10905000010034000000340000003400010033003F
:109060000000330000003300010032000000320035
:10907000000032000100310000003100000031002A
:1090800001003000000030000000300001002F001F
:1090900000002F0000002F0000002F0001002E0014
:1090A00000002E0000002E0001002D0000002D0009
:1090B00000002D0000002D0001002C0000002C00FD
:1090C00000002C0000002C0001002B0000002B00F1
:1090D00000002B0000002B0001002A0000002A00E5
:1090E00000002A0000002A000100290000002900D9
:1090F00000002900000029000000290001002800CC
:1091000000002800000028000000280000002800BF
:1091100001002700000027000000270000002700B2
:1091200000002700010026000000260000002600A5
:109130000000260000002600010025000000250098
:10914000000025000000250000002500000025008B
:10915000010024000000240000002400000024007E
:109160000000240001002300000023000000230071
:109170000000230000002300000023000000230063
:109180000100220000002200000022000000220056
:109190000000220000002200010021000000210048
:1091A000000021000000210000002100000021003B
:1091B000000021000100200000002000000020002D
:1091C000000020000000200000002000000020001F
:1091D0000000200001001F0000001F0000001F0011
:1091E00000001F0000001F0000001F0000001F0003
:1091F00001001E0000001E0000001E0000001E00F6
:10920000000045303A20005A3A2000593A200058D0
:109210003A20004D53312C4D53322050696E73006B
:10922000504944204175746F74756E652066696E8F
:109230006973686564212050757420746865206CBA
:10924000617374204B702C204B6920616E64204B3D
:109250006420636F6E7374616E74732066726F6DD9
:109260002061626F766520696E746F20436F6E6651
:10927000696775726174696F6E2E68005049442089
:109280004175746F74756E65206661696C656421E3
:109290002074696D656F75740020403A00543A007F
:1092A000423A00504944204175746F74756E6520D0
:1092B0006661696C6564212054656D7065726174C6
:1092C00075726520746F6F206869676800204B6451
:1092D0003A2000204B693A2000204B703A200020B1
:1092E000436C6173736963205049442000205475B6
:1092F0003A2000204B753A2000206D61783A20001A
:10930000206D696E3A200020643A20002062696175
:10931000733A2000504944204175746F74756E652E
:1093200020737461727400504944204175746F74E5
:10933000756E65206661696C65642E2042616420EB
:109340006578747275646572206E756D6265722ED3
:10935000004D494E54454D5020424544004D494E24
:1093600054454D50004D415854454D50004D4158C5
:1093700054454D50204245440070012C0190012776
:1093800001B0012201C0011D01F0011801100213FA
:109390000130020E016002090190020401C002FFC7
:1093A000000003FA004003F5008003F000D003EB57
:1093B000002004E6007004E100E004DC004005D772
:1093C00000C005D2004006CD00D006C8008007C30B
:1093D000003008BE00F008B900C009B400B00AAF00
:1093E00000B00BAA00D00CA500000EA000500F9BEF
:1093F00000C01096005012910000148C00C0158718
:1094000000B0178200B0197D00D01B7800001E73D9
:109410000040206E0090226900F024640040275F25
:109420000090295A00E02B5500102E500020304BA0
:109430000010324600E033410090353C00103737D1
:109440000070383200A0392D00B03A2800A03B232C
:1094500000603C1E00103D1900903D1400103E0FAE
:1094600000703E0A00C03E0500003F000020484F4B
:1094700054454E4420544845524D414C2052554E7F
:1094800041574159002048454154424544205448E1
:1094900045524D414C2052554E4157415900544878
:1094A00045524D414C2052554E415741590042457D
:1094B0004420544845524D414C2052554E4157414D
:1094C000590020544845524D414C2052554E415769
:1094D000415920285052454845415420484F544551
:1094E0004E44290020544845524D414C2052554E7F
:1094F000415741592028505245484541542048453C
:109500004154424544290050524548454154204564
:1095100052524F5200424544205052454845415412
:10952000204552524F520020747269676765726518
:109530006421004865617465727320737769746390
:10954000686564206F66662E20003A2000457272BE
:109550003A200000FF0102010002FFFFFE0001FEB1
:1095600001FF00506C6561736520726573746172F0
:1095700074003A2000252D31322E313253252D64CE
:109580002F36002533642F252D336400203A200028
:10959000252D377300252D31352E313553252D35A9
:1095A000640A252D31352E313553252D35640A00B9
:1095B00025530A20252D31362E313653252D33647F
:1095C0000A20252D31362E313653252D33640025C2
:1095D000530A20252D31362E313653252D33640A7A
:1095E00020252D31362E313653252D33640A202582
:1095F0002D31362E313653252D3364002025732529
:10960000336401200A0025752E25752E25752E251B
:10961000750020002000466C617368416972204922
:109620005020416464723A004D4D55202020202086
:109630002020204E2F410025642E25642E25640015
:109640002046573A004665622031372032303234A6
:1096500000453344763666756C6C0052414D426F5E
:1096600031336100315F37356D6D5F4D4B32350001
:1096700020486173683A3000205265706F3A50722A
:1096800075736133640020332E31332E322D373021
:109690003830004669726D776172653A00464C4514
:1096A00058202D20203234302F353000464C45587C
:1096B000202D20203234300050502020202D20201A
:1096C0003235342F3130300050502020202D2020D2
:1096D0003235340048495053202D20203232302F6B
:1096E0003130300048495053202D20203232300094
:1096F00041425320202D20203235352F313030008B
:1097000041425320202D2020323535005041202069
:10971000202D20203237352F393000504120202095
:109720002D20203237350050564220202D20203267
:1097300031352F37350050564220202D2020323130
:10974000350050432020202D20203237352F313056
:10975000350050432020202D202032373500415342
:109760004120202D20203236302F3130350041531A
:109770004120202D20203236300050455420202D0D
:1097800020203233302F38350050455420202D20F2
:109790002032333000504C4120202D2020323135F2
:1097A0002F363000504C4120202D20203231350002
:1097B0006E6F7A7A6C65202D20203235302F300084
:1097C0006661726D2020202D20203235302F3830F8
:1097D00000252D31322E313253252B382E316600A3
:1097E00045787472756465723A0025632531372EA9
:1097F00032666D6D00583A00593A005A3A002563B6
:10980000252D31332E313353252B352E336600254C
:1098100033750050494E44412063616C6962726146
:1098200074696F6E206661696C65642E20436F6E8B
:1098300074696E75652077697468207072657373DA
:10984000696E6720746865206B6E6F622E005049E8
:109850004E44412063616C6962726174696F6E206D
:10986000646F6E652E20436F6E74696E7565207728
:10987000697468207072657373696E6720746865B7
:10988000206B6E6F622E005A30005A310059300042
:10989000593100583000583100456E642073746FA0
:1098A000707320646961670078797A63616C5F73B3
:1098B000706972616C322063783D25642063793D64
:1098C0002564207A303D256420647A3D2564207229
:1098D00061646975733D25642061643D25640A00F7
:1098E0000A00436F756E74646F776E3A20256420AA
:1098F0000025640A005363616E20636F756E7464A3
:109900006F776E3A20005061747465726E206365E3
:109910006E746572205B25662025665D2C206D6166
:1099200074636820256625250A00205B25662C20A7
:1099300025665D5B25665D2066696E616C206369E6
:1099400072636C650A000000A0400000A0400000A7
:10995000004000007A43333354439AD95143FFFF08
:10996000FFE02D903E8988B24111369C3E7777C149
:109970004129CBB03EEFEEDA41BA49CC3EEFEEFCE6
:109980004161C3F33EEFEE16429CA2133FCDCC36AD
:10999000428AB0113FABAA56428863DD3DABAA565E
:1099A00042B8AF433F555572421826533F33B382F6
:1099B00042302A593FEF6E8642000070C10000C855
:1099C000420000C4C10000A0410000E0C00000202F
:1099D00041000060C00000C0400000A0412222F20F
:1099E000400000A0C19A99A14000000CC255550545
:1099F0004252657365745265747279417474656D11
:109A000070747300436F6F6C696E672074696D6565
:109A1000722073746F70706564004865617465725C
:109A200020636F6F6C646F776E00436F6F6C696E4D
:109A3000672054696D656F75742073746172746505
:109A40006400536176696E6720616E642070617294
:109A50006B696E670048656174657220636F6F6C37
:109A6000646F776E2070656E64696E67005265730F
:109A7000756D696E672058595A00045EF35DDF5DAD
:109A8000CA5DB45DA15D8B5D775D665D505DDF5D38
:109A9000F35D3C5D2D5D195D085DF35C9760DD5CF9
:109AA000CB5CB85CA75C925C7F5C6B5C565C4D5C8D
:109AB0003B5C265C4D363030204155544F004649C2
:109AC0004E44412066696C616D656E742072756EDE
:109AD0006F75742100436F6D6D756E696361746994
:109AE0006F6E2074696D656F75740050726F746F5E
:109AF000636F6C204572726F7200030001566572CD
:109B000073696F6E206D69736D6174636800436F74
:109B10006D6D616E64204572726F7200436F6D6D82
:109B2000616E642072656A6563746564004D4D55AD
:109B300020427574746F6E2070757368656400528E
:109B400065747279427574746F6E50726573736563
:109B5000640061604C60356020600B60F75FE75F18
:109B6000D05FB95FA25F8E5F7A5F645F645F645F9E
:109B70004F5F4F5F4F5F3C5F3C5F3C5F295F295FFA
:109B8000295F125F125F125FFD5EFD5EFD5EE75EA4
:109B9000E75EE75ED75EC25EAC5E965E875E7A5E2B
:109BA000635E505E3E5E2B5E195E095E42757474A4
:109BB0006F6E00436865636B55736572496E7075AF
:109BC000742D62746E4C4D52200046493A20204656
:109BD000533A202020203E2020022020200100484F
:109BE0006F74656E642074656D70657261747572F2
:109BF00065207265616368656400526573756D699F
:109C00006E672054656D7000436F6F6C646F776E84
:109C100020666C616720636C656172656400205723
:109C20003A0020453A00543A004E6F2030784646BC
:109C30002072656365697665640053656E64696E5C
:109C40006720307846460046696C652073656C6510
:109C500063746564002053697A653A200046696C34
:109C600065206F70656E65643A20004E6F772066E0
:109C7000726573682066696C653A20004E6F7720C4
:109C8000646F696E672066696C653A2000222070F7
:109C90006F73002220706172656E743A2200535512
:109CA00042524F5554494E452043414C4C2074611B
:109CB000726765743A2200747279696E6720746FF6
:109CC0002063616C6C207375622D67636F6465201F
:109CD00066696C6573207769746820746F6F206D96
:109CE000616E79206C6576656C732E002022257379
:109CF00022002025236C78004449525F455849547E
:109D0000004449525F454E5445523A202573202263
:109D10002573220A006175746F25692E6700041A85
:109D200044656372656D656E7452657472794174D1
:109D300074656D70747300081B1C0B142C206C610F
:109D400073742062797465733A2000222066616919
:109D50006C65643A204275666665722066756C6C47
:109D600021002200456E717565696E6720746F2051
:109D70007468652066726F6E743A2022004D4D55EE
:109D8000323A003E53302A63362E004572726F72AB
:109D90003A006563686F3A004D494E54454D502076
:109DA000424544206669786564004D494E54454DEE
:109DB0005020484F54454E44206669786564000041
:109DC0005436383611241FBECFEFD1E2DEBFCDBFEF
:109DD00000E00CBF12E0A0E0B2E0E6EAFBE303E043
:109DE0000BBF02C007900D92AA3EB107D9F726E13A
:109DF000AAEEB2E001C01D92A03DB207E1F71EE459
:109E0000C1EEDEE400E006C021970109802FFE01CB
:109E10000F94049DC03ED10780E00807A9F70F9476
:109E200029870D94C19D0C940269E8E8FFE783300F
:109E300021F0E82FF0E0EB57F048849108958091ED
:109E4000DB049091DC042091DD043091DE04821B60
:109E5000930B8F7799270895982F9F7083FF0DC0DC
:109E600080917B00886080937B0080917C00887F5C
:109E70009770892B80937C00089580917B00877F69
:109E8000F2CF20E030E040E85FEB60916902709132
:109E90006A0280916B0290916C020F94B1988823B2
:109EA00021F1E091CF11F091D011EE51F04F80816E
:109EB0008B7F8230D1F480E1E9E6F2E0AAEFB1E1F4
:109EC00001900D928A95E1F780E090E0A0E8BFEB69
:109ED0008093690290936A02A0936B02B0936C0224
:109EE0008091E5119091E611089581E090E0089548
:109EF00080E1ECEAF6E0AAEFB1E101900D928A95DB
:109F0000E1F708953FB7F8948091F2029091F3023F
:109F1000A091F402B091F5022091B200B89B05C067
:109F20002F3F19F00196A11DB11D3FBFBA2FA92FD8
:109F3000982F8827BC01CD01620F711D811D911DD5
:109F400042E0660F771F881F991F4A95D1F7089541
:109F50006091CC167091CD1690E08A3020F0895A2D
:109F60009F4F0D947495C096FCCF84FF18C05A9AE9
:109F700085FF17C0A49A2FB786FF15C0F89490915B
:109F800002019068909302012FBF87FF11C0A39A2E
:109F90005B9A85E08A95F1F700005B9808955A98DE
:109FA000E7CFA498E8CFF894909102019F77EACF89
:109FB000A398EECF0F931F93CF93DF93C82FD62F85
:109FC0008A0160FF15C05D9A8AE18A95F1F700C0A9
:109FD0008C2F0E94B54FD1FD04C08C2F82950E941A
:109FE000B54FC801DF91CF911F910F910C94B1CC67
:109FF0005D98EACFCF92DF92EF92FF92CF93DF93FB
:10A00000EC016A017B010F9414976F3F7F4F8F4FD4
:10A010009F4F59F4B701A601CE01DF91CF91FF9078
:10A02000EF90DF90CF900D946297DF91CF91FF90EA
:10A03000EF90DF90CF9008950F931F93CF93DF930E
:10A04000EC01C60FD71F8C179D0779F08C010F5FAD
:10A050001F4F0F940C978F3F31F081E0DF91CF912C
:10A060001F910F910895C801EECF80E0F7CF86EDE4
:10A070009EE00F940C9761E0823009F062E086ED7B
:10A080009EE00D94549760E086E69FE00F94309731
:10A0900060E088E69FE00F94309760E085E69FE0FF
:10A0A0000F94309760E084E69FE00F94309760E073
:10A0B00082ED9EE00F94309760E08FEC9EE00D946F
:10A0C0003097682F880F770B8091CF119091D01126
:10A0D0008B51904F0F945E9D9C0190932C03809325
:10A0E0002B0381E0232B09F480E0089580912B035A
:10A0F00090912C034AE050E070E060E001960F94EC
:10A100009792CB01089580912B0390912C034AE004
:10A1100050E070E060E001960F949792862F0895CA
:10A1200080912B0390912C034AE050E070E060E0B6
:10A1300001960D94979280369105F8F44091CF11D5
:10A140005091D0112091E00F3091E10F4217530749
:10A1500039F46091D6117091D711161617066CF06C
:10A16000B901680F791FFB01E359FF4F2417350729
:10A1700030F481E04E175F0708F480E00895EE3E6A
:10A18000F140F8F06C5F7F4F6E3E714018F4493635
:10A190005105B8F483599F4F4817590770F34DEE96
:10A1A00051E0421B530B70E060E0C9018E51904FAB
:10A1B0000F94399D8FB7F8941092E10F1092E00F31
:10A1C0008FBF81E008958091DD049091DE0490932B
:10A1D000DC048093DB048EE197E69F938F9380915C
:10A1E000D8119091D911A091DA11B091DB1101969B
:10A1F000A11DB11DBF93AF939F938F938FEF91E6F6
:10A200009F938F9386E092E69F938F930F94CE95C2
:10A210008DB79EB70A960FB6F8949EBF0FBE8DBF3E
:10A2200008952F923F924F925F926F927F928F92FA
:10A230009F92AF92BF92CF92DF92EF92FF920F93D5
:10A240001F93CF93DF93CDB7DEB7CC58D2400FB674
:10A25000F894DEBF0FBECDBFCB58DD4F6883798346
:10A260008A839B83C557D240FE01E754FE4F88E2A4
:10A27000DF011D928A95E9F7E85BF1401F0180E953
:10A2800091E0DF01FC011D923197E9F7C75ADD4FDC
:10A2900019821882C955D2409E012F513E4FC15993
:10A2A000DD4F39832883CF56D2408E01075A1D4F88
:10A2B000CE018F5C9D4FC359DD4F99838883CD5666
:10A2C000D2403C01490140EBA42E4FE0B42E53E2B2
:10A2D000C52ED12CF12CE12CB6010D2C000C880BD5
:10A2E000990B0F949A91D4016D937D938D939D93C7
:10A2F0004D01F801619171918F01072E000C880BBF
:10A30000990B0F949A91D3016D937D938D939D93A7
:10A310003D01BFEFEB1AFB0AE6E0EE16F10409F08F
:10A3200038C3CB58DD4F288139814A815B81C557BD
:10A33000D240C159DD4FA881B981CF56D2406D912D
:10A340007D918D919C910F94459A412C512C320115
:10A3500018160CF402C3C359DD4F08811981CD567C
:10A36000D2400C5E1F4FC159DD4FE880F980CF56B7
:10A37000D240B4E1EB0EF11C6E01EFEDCE1AEDEF21
:10A38000DE0A9E012B553E4FCF58DD4F398328837F
:10A39000C157D240D8014D905D906D907C90F701EF
:10A3A0006081718182819381D7015E914E913E914E
:10A3B0002E917D010F94BB974B015C01F8015291E6
:10A3C0004291329122918F01C301B2010F94BB9748
:10A3D000A50194010F94BB98D6019E938E937E9312
:10A3E0006E936D01CF58DD4FE881F981C157D2409E
:10A3F000B292A29292928292CF58DD4FF983E88373
:10A40000C157D240C359DD4F28813981CD56D24042
:10A410000217130709F0BECF4E013FE6831A3EEF45
:10A42000930A5E0183EFA81A8DEFB80A61018101DA
:10A43000EE24E394F12CD4014D905D906D907D90CD
:10A440004D012D913D914D915C91C301B2010F944D
:10A45000BC979B01AC010F94BC97F80164A775A74A
:10A4600086A797A7F1E0EF16F10461F0D80198965E
:10A470004D925D926D927C929B97F8014482558239
:10A4800066827782FFEFEF1AFF0AF50120813181A2
:10A490004281538184E0A80EB11C6481758186815C
:10A4A00097810F94BB9720E030E040EC50E40F948C
:10A4B000D991D601DC966D937D938D939C93DF9714
:10A4C000045D1F4FB8E2CB0ED11CE5E0EE16F1049F
:10A4D00009F0B1CF7E01FDE2EF0EF11C28E2A22EC1
:10A4E000B12C00EB1FEF24E0220E311CD7012D917F
:10A4F0003D914D915C91139798966D917D918D91C1
:10A500009C919B970F94BB982B013C016101C01A51
:10A51000D10A88248394912CF601E00FF11FEA0DF3
:10A52000FB1D2081318142815381C301B2010F940F
:10A53000D9919B01AC01F601608171818281938187
:10A540000F94BB97D6016D937D938D939D936D0171
:10A55000BFEF8B1A9B0AE6E08E169104E9F63CE207
:10A56000E30EF11C0852110988E2A80EB11C083351
:10A570009FEF190709F0BACF1E01F5EB2F0E311C22
:10A580006E0121EBC20ED11C7E0137E3E31A3EEFD0
:10A59000F30A04E010E04801B12CA12C412C512C0D
:10A5A0003201F601EA0DFB1DD701AA0DBB1D2D914D
:10A5B0003D914D915C9160817181828193810F9475
:10A5C000D9919B01AC01C301B2010F94BC972B013F
:10A5D0003C018FEF881A980A94E0A90EB11CA5E0FF
:10A5E0008A169104F1F6A3019201F1016081718153
:10A5F000828193810F94BB97D6012D913D914D910E
:10A600005C910F94BB98F70160837183828393837D
:10A6100001501109F8E22F1A31082CE2C21AD108B0
:10A6200034E0E31AF1080115110509F0B4CFCB505D
:10A63000DE4F88819981AA81BB81C55FD140CF5708
:10A64000DD4F88839983AA83BB83C158D2401E0102
:10A6500097E4291A9EEF390A10E000E0C159DD4F56
:10A66000A881B981CF56D240CD90DD90ED90FD907C
:10A67000C159DD4FB983A883CF56D240CB58DD4FA7
:10A68000288139814A815B81C557D240C701B60113
:10A690000F94B1981816B4F0CB58DD4F288139814A
:10A6A0004A815B81C557D240C159DD4FE881F981AC
:10A6B000CF56D24060817181828193810F94459AF7
:10A6C00087FF18C00430110509F030C1CB58DD4FA9
:10A6D000288139814A815B81C557D240CF57DD4FF0
:10A6E000688179818A819B81C158D2400F94B19849
:10A6F00087FF1CC1D10114968D909D90AD90BC90A8
:10A7000017978D919D910D90BC91A02DCF58DD4F45
:10A7100088839983AA83BB83C157D240F801EE0F87
:10A72000FF1FEE0FFF1F21E931E02C0F3D1FE20F4D
:10A73000F31F4080518062807380C359DD4FA88130
:10A74000B981CD56D2408D919D910D90BC91A02D97
:10A75000C358DD4F88839983AA83BB83CD57D240EA
:10A76000A7019601CB58DD4F688179818A819B8151
:10A77000C557D2400F94BB976B017C0120E030E0BD
:10A7800040E450E40F942C9BCB57DD4F68837983D2
:10A790008A839B83C558D240C358DD4F28813981B5
:10A7A0004A815B81CD57D240C359DD4FE881F981A1
:10A7B000CD56D24064817581868197810F94BB9775
:10A7C000A30192010F94BB98C758DD4F688379832A
:10A7D0008A839B83C957D240A3019201C301B2016E
:10A7E0000F94BC97CF58DD4F288139814A815B8116
:10A7F000C157D2400F94D991C757DD4F68837983F1
:10A800008A839B83C958D240A3019201C501B40138
:10A810000F94D9919B01AC01C757DD4F68817981B5
:10A820008A819B81C958D2400F94BC9720E030E0C8
:10A8300040EC50E40F94BB989B01AC01C758DD4F2E
:10A84000688179818A819B81C957D2400F94BB97D7
:10A85000A70196010F94D991C758DD4F688379837A
:10A860008A839B83C957D240CF58DD4F28813981D5
:10A870004A815B81C157D240C501B4010F94BB9797
:10A880004B015C0120E030E040EC50E4C301B20138
:10A890000F94D9919B01AC01C501B4010F94BB98F1
:10A8A000CB57DD4F288139814A815B81C558D24021
:10A8B0000F94D9914B015C0120E030E040E05FE370
:10A8C000CF58DD4F688179818A819B81C157D24001
:10A8D0000F94D9912B013C01A7019601C701B60144
:10A8E0000F94D9919B01AC01C301B2010F94D9918E
:10A8F0009B01AC01C501B4010F94BC979B01AC0155
:10A90000C758DD4F688179818A819B81C957D240C0
:10A910000F94BC97C358DD4F288139814A815B81F0
:10A92000CD57D2400F94BC972B013C010F5F1F4FB6
:10A93000F4E02F0E311CC359DD4F28813981CD56EB
:10A94000D2402C5F3F4FC359DD4F39832883CD560A
:10A95000D2400530110509F081CEC301B201C457C0
:10A96000DD4F0FB6F894DEBF0FBECDBFDF91CF91A4
:10A970001F910F91FF90EF90DF90CF90BF90AF901D
:10A980009F908F907F906F905F904F903F902F900F
:10A990000895C5010F941A97D8018D939C93B5E043
:10A9A000CB0ED11CE2E0AE0EB11C96CC0F931F93E0
:10A9B000CF9320918F1221112FC08C0180E50E942E
:10A9C0006150882349F10E948350C82F853020F5BB
:10A9D000013C82E0180749F0023C124069F08C2FDC
:10A9E000CF911F910F910D94D58060E08C2FCF9166
:10A9F0001F910F910D9419818EEC9EE00F940C978E
:10AA0000882351F00F94B369882331F08C2FCF91B4
:10AA10001F910F910D949381CF911F910F910895E4
:10AA20008F929F92AF92BF92CF92DF92EF92FF925E
:10AA30000F931F93CF93DF9300912B0310912C035F
:10AA40000F5F1F4F68018FEFC81AD80AD801DC9139
:10AA50008D2F90E00F949D947C01892B01F5DD32C0
:10AA600001F56801B2E0CB0ED11CF801D181C1E043
:10AA700086010150110943E050E06AE371E7C80123
:10AA80000F94D394892BC1F460E070E080E89FEFCD
:10AA9000C111DBC060E070E080E89FE7D6C08601AE
:10AAA000D1CFDB3239F46801F2E0CF0ED11CD801EE
:10AAB0001196DC91C0E0DCCF43E050E067E371E742
:10AAC000C8010F94D394892B09F4CCC0F60110E08F
:10AAD00000E020E030E0A9016F01D053DA3060F5EA
:10AAE000BC2E6894B1F88C2F8870C2FF09C0811108
:10AAF00002C00F5F1F4F3196D601DC91CB2DECCFFA
:10AB0000882311F001501109A5E0B0E00F94A1973E
:10AB10009B01AC01220F331F441F551F2D0F311D08
:10AB2000411D511D2839B9E93B074B07B9E15B07C6
:10AB300010F3C660BC2EDFCFDE3F31F4C3FD33C05F
:10AB4000BC2E6894B3F8D7CFD53369F580818D32A8
:10AB500031F4C061BF016E5F7F4F818105C0BF01CD
:10AB60008B32C9F36F5F7F4F80538A30E0F4FB0173
:10AB7000B0E8EB16BCE0FB065CF4B701660F771F8C
:10AB8000660F771FE60EF71EEE0CFF1CE80EF11C99
:10AB9000819180538A3060F3C4FF03C0F194E19443
:10ABA000F1080E0D1F1DCA01B9010F949891C370D1
:10ABB000C33009F490584B015C0120E030E0A9015A
:10ABC0000F94B198882309F43EC0C3E3D1E717FF7F
:10ABD00005C0119501951109CBE1D1E76E01E8E1BE
:10ABE000CE1AD10880E2E82EF12C0DC0FE0125918D
:10ABF0003591459154910E191F09C501B4010F9467
:10AC0000D9914B015C01D501C4010E151F0574F7E4
:10AC10002497F594E794CC16DD06A9F78A2F880FC0
:10AC20008B2F881F8F3F49F020E030E0A901C5013C
:10AC3000B4010F94B198811106C082E290E0909324
:10AC4000C5168093C416C501B401DF91CF911F9141
:10AC50000F91FF90EF90DF90CF90BF90AF909F90BB
:10AC60008F90089560E070E080EC9FE7EECF2F9228
:10AC70003F924F925F926F927F928F929F92AF928C
:10AC8000BF92CF92DF92EF92FF920F931F93CF93D9
:10AC9000DF93CDB7DEB7A1970FB6F894DEBF0FBE36
:10ACA000CDBF83EA92E09D8F8C8F8AEF282E81E1C1
:10ACB000382E0CEA16E091E09A8F198EEC8DFD8DFE
:10ACC0008191FD8FEC8F0E946150E82E882309F45A
:10ACD00054C1F090F011FA8DFF220E9410552B0103
:10ACE0003C01F8014082518262827382F98DF33017
:10ACF00009F045C0DD24D394F11001C0D12C80901F
:10AD0000180290901902A0901A02B0901B0220E045
:10AD100030E040E85FE3C501B4010F94B1988823A7
:10AD200059F1F11015C0209106123091071240918F
:10AD3000081250910912C301B2010F94BB9760939E
:10AD4000B8067093B9068093BA069093BB06DE2CC2
:10AD5000A50194016091B8067091B9068091BA0678
:10AD60009091BB060F94D9916093B8067093B90681
:10AD70008093BA069093BB06D11003C05FC0FF203A
:10AD800089F0F1012081318142815381F801608194
:10AD90007181828193810F94BC97F80160837183E4
:10ADA00082839383F98DF230D9F5809161038230EB
:10ADB00009F0EEC08CE0EBE8F2E0DE011D960190B8
:10ADC0000D928A95E1F78CE0E7E9F2E0DE01119659
:10ADD00001900D928A95E1F7C090B406D090B50627
:10ADE000E090B606F090B70620E030E0A901C70178
:10ADF000B6010F94B19887FF52C0CE0101967C0135
:10AE0000D12CF70161917191819191917F010F9402
:10AE10002D998D2D0F94120BD394F3E0DF12F1CF07
:10AE2000F98DFF5FF98F8A8D880F8A8F94E0290E44
:10AE3000311C0C5F1F4FF43009F040CF86E40E94B4
:10AE40006150882399F00E9410556B017C0120E02D
:10AE500030E0A9010F94459A181644F4C092650297
:10AE6000D0926602E0926702F0926802A1960FB655
:10AE7000F894DEBF0FBECDBFDF91CF911F910F9130
:10AE8000FF90EF90DF90CF90BF90AF909F908F900A
:10AE90007F906F905F904F903F902F90089520E0AB
:10AEA00030E048E453E4C701B6010F94459A181600
:10AEB000A4F4CE010D967C01D12CF7016191719122
:10AEC000819191917F010F942D998D2D0F94120BEB
:10AED000D394F3E0DF12F1CFA3CFCE01019699A373
:10AEE00088A3FE013D96FF8FEE8F1B8EE8A1F9A18E
:10AEF000C190D190E190F190F9A3E8A3EE8DFF8D80
:10AF00006191719181919191FF8FEE8FA7019601CF
:10AF10000F94BB9720E030E048E453E40F94BB98D3
:10AF20004B015C012091B4063091B5064091B60604
:10AF30005091B7060F94D9912B013C0120E030E0ED
:10AF4000A901C501B4010F94D9919B01AC01C701BE
:10AF5000B6010F94BB979B01AC01C301B2010F94E2
:10AF6000BC970F942D998B8D0F94120BFB8DFF5F67
:10AF7000FB8FF33009F0BACF53CFF101808191817B
:10AF8000A281B381F80180839183A283B38348CFE8
:10AF9000EA8DEE0FEA8FF4E02F0E311C0C5F1F4F8D
:10AFA00083E0898F8BCE7F928F929F92AF92BF92D8
:10AFB000CF92DF92EF92FF920F931F93CF93DF9385
:10AFC000CDB7DEB760970FB6F894DEBF0FBECDBF2A
:10AFD0005C016B01742E81E0809364021F930F93D8
:10AFE0001F922F938FED91E69F938F930F94CE95A1
:10AFF00081E40E9461500F900F900F900F900F907E
:10B000000F90882389F080912B0390912C03FC01F1
:10B010002181283709F056C040E150E070E060E03F
:10B0200002960F9497925B0183E40E9461508823FB
:10B0300009F44DC00E9490504B017501CA14DB0405
:10B0400008F47601C4018E0D9F1DC816D90618F0AC
:10B050008E159F0518F446018E189F0888E50E94FA
:10B060006150882309F471C020912B0330912C0387
:10B070002F5F3F4FCE0101965C01DC01D12CC12C2A
:10B08000F90180812F5F3F4F8823B9F190E1C91604
:10B09000D10499F18032A1F38A3079F190ED980FC3
:10B0A0009A30C8F48295807F9F012E5F3F4F918137
:10B0B00040ED490F4A30B8F4842B8D93EFEFCE1A50
:10B0C000DE0ADECF0E9410550F942D99ACCF882454
:10B0D0008A94982CB2CF9FE9980F963058F48295B5
:10B0E000807F8057E1CF4FE9490F463018F49755DC
:10B0F000892BE3CFD194C194D108912C812CC81411
:10B10000D90491F0F50161915F01C4018E0D9F1D7D
:10B11000F1E07F1631F0FC016083FFEF8F1A9F0A88
:10B12000EECF0F945497F9CFFF92EF921F930F93A6
:10B130009F928F9285EB91E69F938F930F94CE957C
:10B140000FB6F894DEBF0FBECDBF472DB401C701C7
:10B1500060960FB6F894DEBF0FBECDBFDF91CF91E2
:10B160001F910F91FF90EF90DF90CF90BF90AF9025
:10B170009F908F907F900D944B5BCF93DF93CDB7D3
:10B18000DEB7AE014A5F5F4FFA0161917191AF0185
:10B190008BE893E00F945396DF91CF9108956BE87D
:10B1A00073E00D94A4956BE873E0082E000C990BE6
:10B1B0000D947495CF93C82FC15020F080E20E9467
:10B1C000D358FACFCF9108950F931F93CF93DF9366
:10B1D0008B0128E0829FC001112444E650E060E02A
:10B1E00080640E94DA4FD0E0C0E0F801EC0FFD1F50
:10B1F000849144E650E061E00E94DA4F2196C83025
:10B20000D10599F7DF91CF911F910F910895CF93B9
:10B21000C82F643008F063E060933B03862F0E94E0
:10B22000154F8C0F44E650E060E08068CF910C949D
:10B23000DA4FCF93DF93EA010E9407596BE873E07E
:10B24000CE01DF91CF910D94A495CF93C42F0E948E
:10B2500007596BE873E08C2FCC0F990BCF910D94AD
:10B26000749540E456E060E082E00E94DA4F10926C
:10B270003B03089540E456E060E081E00E94DA4F2D
:10B2800010923B030895CF93C82F10923B0344E9DB
:10B2900051E162E080E30E94DA4F46E950E062E06B
:10B2A00080E30E94DA4F46E950E062E080E30E94CA
:10B2B000DA4F46E950E062E080E20E94DA4F809186
:10B2C000990344E650E060E080620E94DA4F84E037
:10B2D00080933A0344E650E060E08CE00E94DA4F4D
:10B2E000C1110E943A5944E650E060E086E0CF91F7
:10B2F0000C94DA4F81E00E9443590D9444348A3013
:10B3000069F480913B03843018F08FEF80933B0306
:10B3100060913B036F5F80E00C94075944E650E076
:10B3200061E00C94DA4F8F929F92AF92BF92EF92AE
:10B33000FF920F931F93CF93DF93CDB7DEB7A09704
:10B340000FB6F894DEBF0FBECDBF61157105810544
:10B35000910599F480E3A0960FB6F894DEBF0FBE76
:10B36000CDBFDF91CF911F910F91FF90EF90BF90D4
:10B37000AF909F908F900C947F5900E0842E912C79
:10B38000B12CA12C9E012F5F3F4F7901A5019401A3
:10B390000F947F97F701E00FF11D6083B901CA0197
:10B3A0000F5F611571058105910581F70E0D1F2D48
:10B3B000111DE016F10659F0F80182918F018A30D3
:10B3C00020F4805D0E947F59F4CF895CFBCFA0966A
:10B3D0000FB6F894DEBF0FBECDBFDF91CF911F91A6
:10B3E0000F91FF90EF90BF90AF909F908F90089536
:10B3F0000F931F93CF938C01C62FCC2359F0F801E4
:10B400002491222339F00F5F1F4F84910E947F59AE
:10B41000C150F3CF8C2F0E94DA588C2FCF911F91FF
:10B420000F9108950F931F93CF938C01C62FCC23B8
:10B4300049F0F80181918F01882321F00E947F5902
:10B44000C150F5CF8C2F0E94DA588C2FCF911F91CD
:10B450000F910895CF93DF93EC018991882319F020
:10B460000E947F59FACFDF91CF9108950E947F59B2
:10B4700090E080E008951F920F920FB60F92112472
:10B480000BB60F922F938F939F93EF93FF93E091BF
:10B490003403E830E8F4F0E08827EE5AF54A8F4F9D
:10B4A0000D94049D5A5A745A7F5A8D5AA35AAC5A15
:10B4B000CF5AE15A8091CA0581110AC08091E804EF
:10B4C000880F80933303882319F081E0809334033D
:10B4D000FF91EF919F918F912F910F900BBE0F9045
:10B4E0000FBE0F901F901895809132038F5F80934D
:10B4F000320390913303981758F382E0E7CF83E04B
:10B50000809334038FE0809331038FEF86BD81E019
:10B5100085BD84B58F7E84BDDBCF8091310382955C
:10B52000807F819588BD80913103882321F08150EF
:10B5300080933103CDCF84E0809334038FEF88BDB7
:10B540008EEF86BDC5CF85E0809334038FEF88BD35
:10B5500086BD82E085BDBCCF2FEF28BD8091CA0596
:10B560008111B6CF809132038F5F80933203909127
:10B570003303891708F4ACCF8091E80490E08F374B
:10B5800091050CF0A5CF86E0809334038FE0809383
:10B59000310326BD81E085BD84B58061BCCF80913B
:10B5A00031038295807F819588BD8091310381111F
:10B5B000BECF87E08093340380E886BD8FEF88BDDF
:10B5C00087CF1092340380E886BD8FEF88BDC1CF4E
:10B5D000CF9380932F0380FD1DC010922E032091E6
:10B5E0002E038FEF820F8E3FF0F08091A000877FB7
:10B5F0008093A0001092AD001092AC009FB7222360
:10B6000069F0F894809102018062809302019FBFEB
:10B61000CF9108958FEF80932E03E1CFF89480911E
:10B6200002018F7DF2CFCFB7F8948091A00088609F
:10B630008093A00030E050E040E08091720081FFF4
:10B6400014C06091A8007091A90090E080E00F9470
:10B650006F972FEF30E040E050E00F947F973093EA
:10B66000AD002093AC00CFBFD3CF6FEF70E080E090
:10B6700090E0EDCF1F93CF93DF93D0912F03D1FDB7
:10B680001DC010916D03C1E020E030E048E452E4B9
:10B690006091CA0D7091CB0D8091CC0D9091CD0D24
:10B6A0000F94459A18160CF0C0E0DE7FCD2B81E098
:10B6B000111101C080E0C82BC0932F0380912F038C
:10B6C000DF91CF911F910C94E85AEF92FF920F9364
:10B6D0001F93CF93DF93EC018B017A010E941C50E2
:10B6E00081110BC0A801BE01C701DF91CF911F914D
:10B6F0000F91FF90EF900D942097DF91CF911F91C4
:10B700000F91FF90EF9008950F931F93CF93DF93C6
:10B710008C01D62FC72F0F941A978F3F980739F4B3
:10B720006D2F7C2FC8010F946A978D2F9C2FDF916E
:10B73000CF911F910F9108950F931F93CF938C0179
:10B74000C62F0F940C978F3F29F46C2FC8010F94CC
:10B7500054978C2FCF911F910F910895CF93DF9322
:10B76000EC010F941A97BC016F5F7F4FCE01DF9100
:10B77000CF910D946A97CF93DF93EC010F940C97C0
:10B7800061E0680FCE01DF91CF910D9454972BE0CB
:10B79000829FC0011124805B924F0F941A9721E081
:10B7A000019609F420E0822F0895CF93DF93C82FEC
:10B7B000D8E0CF5FC8300CF0C0E08C2F0E94C75B90
:10B7C000811103C0D150A9F7CFEF8C2FDF91CF911A
:10B7D000089581EA9DE00F940C970E94D55B87FD48
:10B7E00005C0682F81EA9DE00D94309708950F936E
:10B7F0001F93CF93C82F8B0168E37FE7823070F0EF
:10B8000061E37FE7843050F069E27FE7843031F014
:10B8100061E27FE7853011F06AE17FE7C8010F94AC
:10B82000C3948CEF8C0F823028F0C170CF5CF8018C
:10B83000C6831782CF911F910F91089561E080EC2C
:10B840009FE00F94309760E08FEB9FE00F9430976C
:10B8500060E08EEB9FE00F94309760E08DEB9FE00F
:10B860000F94309760E08CEB9FE00D9430974091FF
:10B87000D6115091D71190E080E041155105B1F1FA
:10B880002091CF113091D01190E080E0F901EE517C
:10B89000F04FA081A23021F461817281860F971F41
:10B8A0004150510919F1F901EB51F04FA1919F015C
:10B8B000225E3F40A111FACFF901EE51F04F2D3E2B
:10B8C000A1E03A0730F4A191A111E0CF2F5F3F4FE3
:10B8D000F6CF2D3EE1E03E07C9F6E2EEFFE09F0124
:10B8E000225E3F40A191AA23D1F3D0CF0895809149
:10B8F000D6119091D711181619060CF043C0019774
:10B900009093D7118093D611892BA1F48091DE0FEB
:10B910009091DF0F892B21F41092E10F1092E00F2C
:10B920008091E00F9091E10F9093D0118093CF110F
:10B9300081E008958091CF119091D0110396FC0180
:10B94000EE51F04F208101962111F9CFFC01EE510B
:10B95000F04F8D3E21E0920740F441919C012F5F12
:10B960003F4F4111E1CFC901F4CFE2EEFFE08D3E40
:10B9700021E09207C9F6CF01825E9F4021912223E8
:10B98000D1F3D2CF80E00895FC0120E03EE2DB015C
:10B990004D91BD01403249F0283011F43083319689
:10B9A000DB0111974C91408331962F5F2B3079F753
:10B9B000108208951F920F920FB60F9211240BB6AA
:10B9C0000F922F933F934F935F936F937F938F9338
:10B9D0009F93AF93BF93EF93FF93209178003091A3
:10B9E0007900E0912103F0E0EE0FFF1FED5EFC4FC8
:10B9F00080819181820F931F9183808380911203B4
:10BA00008F5F809312038031E9F5809121038F5F6E
:10BA100080932103873071F5809113039091140373
:10BA20009093E5048093E4048091170390911803A8
:10BA30009093E7048093E604809115039091160398
:10BA40009093E3048093E20481E08093EA04FF9101
:10BA5000EF91BF91AF919F918F917F916F915F9186
:10BA60004F913F912F910F900BBE0F900FBE0F90F3
:10BA70001F901895809111034FE552E08F5F41F4BC
:10BA80001092110380917A00806480937A00DFCF56
:10BA90009A01082E02C0359527950A94E2F720FFF7
:10BAA000EDCF809311030E942C4F10921203EACF26
:10BAB000CF93DF93CAE7D0E088818F7B8883109291
:10BAC0001203109221031092110380E00E942C4F68
:10BAD000E3E1F3E08EE0DF011D928A95E9F78881CA
:10BAE00080648883DF91CF9108958EBD0DB407FEE9
:10BAF000FDCF08958FEF8EBD0DB407FEFDCF8EB53F
:10BB000008958F929F92AF92BF92EF92FF920F9300
:10BB10001F93CF937C01C62F49015A01FC019181EB
:10BB2000892F806A86958CBD90FD03C081E0963098
:10BB300009F480E08DBD28988CE291E00F94CB57FA
:10BB40008C2F80640E94755D08E110E0D501C4016E
:10BB5000002E04C0B695A795979587950A94D2F7BD
:10BB60000E94755D08501109083FFFEF1F0771F72C
:10BB700085E9CC2321F087E8C83009F08FEF0E94D7
:10BB8000755DCC3011F40E947A5DC0E00E947A5D50
:10BB9000F701828387FF04C0CF3F11F0CF5FF6CF5C
:10BBA000CF911F910F91FF90EF90BF90AF909F901A
:10BBB0008F9008950F931F93CF93DF93EC0189012A
:10BBC0008B81833039F089E0440F551F661F771F42
:10BBD0008A95D1F79A01AB0168E1CE010E94815D9F
:10BBE000882319F086E0888339C08EEF8EBDF80176
:10BBF000C8019E5F0DB407FEFDCF20812EBD0DB4A0
:10BC000007FEFDCF21812EBD3296E817F90791F787
:10BC10000DB407FEFDCF8FEF0E94755D8FEF0E9480
:10BC2000755D0E947A5D8A838F71853099F488E50D
:10BC300092E00F94CB57182F87E11123A1F220E057
:10BC400030E0A9016DE0CE010E94815D882351F0B2
:10BC500086E1C9CF83E188830F94C9570F94C957F0
:10BC600010E006C00E947A5D8111F2CF0F94C9578F
:10BC7000812FDF91CF911F910F910895CF938091E4
:10BC8000DA0DC1E08823A1F04091D20D5091D30D7F
:10BC90006091D40D7091D50D2DED3DE08091DB0DBF
:10BCA0009091DC0D0E94DA5DC82F811104C0C0E0C4
:10BCB0008C2FCF9108954091D60D5091D70D609162
:10BCC000D80D7091D90D411551056105710591F09F
:10BCD0002DED3DE08091DB0D9091DC0D0E94DA5D51
:10BCE000882329F31092D60D1092D70D1092D80DFB
:10BCF0001092D90D1092DA0DDBCF2091CF11309137
:10BD0000D011BC01C9018B51904F0F9413959C0128
:10BD100090932C0380932B0381E0232B09F480E084
:10BD2000089580E1EAEFF1E1ABE7B2E001900D9216
:10BD30008A95E1F78091790290917A029093F911B6
:10BD40008093F8118091F6119091F7119093F5116D
:10BD50008093F4118091F2118093F1118091F01190
:10BD600083FB882780F98093EF118091EE118093F7
:10BD7000ED110895CF93DF93CAEFD1E120E030E0D9
:10BD800048EC51E46C857D858E859F850F94BC972A
:10BD90006C877D878E879F8763E373E383E590E4F9
:10BDA000DF91CF910D948A49CF92DF92EF92FF926B
:10BDB000C0906306D0906406E0906506F090660639
:10BDC00080916206882309F44EC020E030E0A9018A
:10BDD000C701B6010F94459A18160CF044C02BED1C
:10BDE0003FE049E450E4C701B6010F94D991A7019F
:10BDF00096010F94D99120E030E040E85EE30F9483
:10BE0000D9919B01AC0160E070E080E89FE30F9462
:10BE1000BB986B017C0160915002709151026436B5
:10BE20007105A1F0072E000C880B990B0F949A91C5
:10BE30002AE037ED43E25CE30F94D9919B01AC011A
:10BE4000C701B6010F94D9916B017C01C092180211
:10BE5000D0921902E0921A02F0921B02FF90EF902A
:10BE6000DF90CF900895C12CD12C80E8E82E8FE38D
:10BE7000F82ED1CF4F925F926F927F928F929F92C6
:10BE8000AF92BF92CF92DF92EF92FF924B015C0193
:10BE900029013A0181EF9FE00F940C626B017C0154
:10BEA0008DEE9FE00F940C62AB01BC01440D551D5B
:10BEB000661D771D8DEE9FE00F944297C501B4017A
:10BEC00028EE33E040E050E00F947F97BA01A901DB
:10BED0004C0D5D1D6E1D7F1D81EF9FE00F944297FD
:10BEE00010926E0310926F03109270031092710300
:10BEF00080918F12811110C06091931270919412F1
:10BF000090E080E00F94F4611092941210929312DA
:10BF10001092961210929512FF90EF90DF90CF90B2
:10BF2000BF90AF909F908F907F906F905F904F9059
:10BF3000089520E030E040E752E40F94BB98089564
:10BF4000CF92DF92EF92FF920F931F93CF93DF93E5
:10BF500090E0EC01CC0FDD1FCC0FDD1FFE01EB5A92
:10BF6000FE482591359145915491FE01ED5DF94FC3
:10BF7000C080D180E280F3808E0106501E4EC70142
:10BF8000B6010F94BC97F801608371838283938319
:10BF9000FE01E75BFE4825913591459154918E0154
:10BFA000045F1D4FC701B6010F94BC97F801608371
:10BFB000718382839383FE01E35CFE482591359172
:10BFC00045915491C050DE4FC701B6010F94BC9704
:10BFD000688379838A839B83DF91CF911F910F912F
:10BFE000FF90EF90DF90CF90089540E050E0BA01CD
:10BFF0008DEE9FE00F94429740E050E0BA0181EF50
:10C000009FE00F9442970E94435070E060E085E00B
:10C010009FE00F944E9770E060E083E09FE00F9404
:10C020004E9770E060E081E09FE00F944E9770E0E3
:10C0300060E08FEF9EE00F944E9770E060E083ED3C
:10C040009EE00F944E9770E060E080ED9EE00F94CC
:10C050004E9740E050E0BA0188EA9CE00D94429788
:10C06000F89488E19FE00FB6F894A895809360005B
:10C070000FBE90936000FFCF80918813811102C0A2
:10C08000809179130895CF9380910A1281111EC077
:10C0900090910B1291111BC09091D411911117C066
:10C0A000C091CE0DC43061F48091F6119091F711DA
:10C0B000892B79F48091F2119091F311892B49F435
:10C0C0000E943C60811103C081E0C11180E0CF91EA
:10C0D000089581E0FCCF0E944360882389F020E02E
:10C0E00030E040E050E460910212709103128091C0
:10C0F0000412909105120F94B198881F8827881F09
:10C1000008950E943C60811118C08091D411811162
:10C1100014C08091EC11811110C08091CE0D81115D
:10C120000BC080919012811107C080910A12811179
:10C1300004C080910B12089581E0089580E1EAEF38
:10C14000F1E1ACEAB6E001900D928A95E1F708952D
:10C150003F924F925F926F927F928F929F92AF9297
:10C16000BF92CF92DF92EF92FF920F931F93CF93E4
:10C17000DF9330904504332009F480C08B01EC013B
:10C1800031FE54C088809980AA80BB80FB01C080AA
:10C19000D180E280F38020912504309126044091E3
:10C1A000270450912804C501B4010F94D9912B01A3
:10C1B0003C012091290430912A0440912B04509194
:10C1C0002C04C701B6010F94D9919B01AC01C301A6
:10C1D000B2010F94BC972B013C0120911D043091BA
:10C1E0001E0440911F0450912004C501B4010F9416
:10C1F000D9914B015C01209121043091220440919E
:10C20000230450912404C701B6010F94D9919B01D6
:10C21000AC01C501B4010F94BC97688379838A830C
:10C220009B83F801408251826282738230FE26C075
:10C2300020913D0430913E0440913F0450914004D0
:10C24000688179818A819B810F94BC976883798307
:10C250008A839B832091410430914204409143049E
:10C2600050914404F80160817181828193810F941F
:10C27000BC97F8016083718382839383DF91CF91B0
:10C280001F910F91FF90EF90DF90CF90BF90AF90F4
:10C290009F908F907F906F905F904F903F90089508
:10C2A0002F923F924F925F926F927F928F929F92C6
:10C2B000AF92BF92CF92DF92EF92FF920F931F93B4
:10C2C000CF93DF9300D000D01F921F92CDB7DEB77F
:10C2D0008C011B01FC0180819181A281B381898342
:10C2E0009A83AB83BC83FB0180819181A281B3815E
:10C2F0008D839E83AF83B887BE016B5F7F4FCE0176
:10C3000001960E94A860C980DA80EB80FC8020E062
:10C3100030E0A901C701B6010F94B19887FF35C07D
:10C3200019821A821B821C82FF24F3948D809E80C6
:10C33000AF80B8842DEC3CEC4CE050ECC501B4016E
:10C340000F94B19887FF35C08DEC9CECACE0B0EC5D
:10C350008D839E83AF83B887CD80DE80EF80F884A5
:10C3600089809A80AB80BC807090450471104CC06D
:10C37000F80180829182A282B382F101C082D182CF
:10C38000E282F382FF24F39425C020E030E04AE704
:10C3900053E4C701B6010F94459AF12C181634F6F0
:10C3A00080E090E0AAE7B3E489839A83AB83BC83FF
:10C3B000BBCF20E030E042E553E4C501B4010F9467
:10C3C000459A18162CF480E090E0A2E5B3E4C0CFC3
:10C3D000F110C2CF8F2D28960FB6F894DEBF0FBE96
:10C3E000CDBFDF91CF911F910F91FF90EF90DF9024
:10C3F000CF90BF90AF909F908F907F906F905F9005
:10C400004F903F902F90089570FE1CC020913D04E6
:10C4100030913E0440913F0450914004C501B40165
:10C420000F94BB974B015C01209141043091420471
:10C430004091430450914404C701B6010F94BB9747
:10C440006B017C0171FE9ECF20912D0430912E0452
:10C4500040912F0450913004C501B4010F94D9913B
:10C460002B013C012091310430913204409133047E
:10C4700050913404C701B6010F94D9919B01AC01CE
:10C48000C301B2010F94BC97F8016083718382836A
:10C4900093832091350430913604409137045091B4
:10C4A0003804C501B4010F94D9914B015C0120916E
:10C4B000390430913A0440913B0450913C04C70147
:10C4C000B6010F94D9919B01AC01C501B4010F9441
:10C4D000BC97F101608371838283938353CFCF92A2
:10C4E000DF92EF92FF92CF93DF93EC01BC016C5F80
:10C4F0007F4F0E94506120E030E0A901609114025A
:10C500007091150280911602909117020F94BC97BA
:10C510006B017C01AC019B01688579858A859B85CF
:10C520000F94B19887FF04C0C886D986EA86FB8637
:10C53000C0900802D0900902E0900A02F0900B022D
:10C54000A7019601688579858A859B850F94459A10
:10C55000181624F4C886D986EA86FB86DF91CF9127
:10C56000FF90EF90DF90CF900895CF92DF92EF92FF
:10C57000FF92CF93C0900212D0900312E090041269
:10C58000F0900512A70196010F94BC9760930212D8
:10C5900070930312809304129093051283B19091CB
:10C5A000BE06911102C084FF26C08AEF91E10E946D
:10C5B0006F626091E7057091E8058091E9059091BF
:10C5C000EA050F948A490F94AF0BA7019601609179
:10C5D00002127091031280910412909105120F942F
:10C5E000BB976B017C01C701B601CF91FF90EF9023
:10C5F000DF90CF90089515980F94AF0B81E00F94C2
:10C60000FF15C82F65E575E585E591E40F948A4926
:10C610000F94AF0B82E00F949B0BA70196010F9430
:10C62000BB976B017C018C2F0F94FF15DCCF8F9291
:10C630009F92AF92BF92CF92DF92EF92FF924B0107
:10C640005C01C0900212D0900312E0900412F090AE
:10C650000512AC019B01C701B6010F94459A87FFF3
:10C6600011C0A5019401C701B6010F94BB979F7734
:10C67000FF90EF90DF90CF90BF90AF909F908F9002
:10C680000C94B562FF90EF90DF90CF90BF90AF9089
:10C690009F908F900895109240031092E1040895A6
:10C6A000CF9380914003C1E0811104C0C0E08C2F82
:10C6B000CF9108950E944B63FACF1F920F920FB64D
:10C6C0000F9211240BB60F922F933F934F936F93BA
:10C6D0007F938F939F93EF93FF938091C80084FF84
:10C6E00012C08091CE00FF91EF919F918F917F9129
:10C6F0006F914F913F912F910F900BBE0F900FBEF6
:10C700000F901F9018954091CE008091D2118130EA
:10C7100051F72091DB043091DC04C90101968F7739
:10C7200099276091DD047091DE0486179707D9F28E
:10C73000255A3B4FF90140839093DC048093DB043E
:10C74000D2CF1F920F920FB60F9211240BB60F92F9
:10C750002F933F934F936F937F938F939F93EF9379
:10C76000FF938091D00084FF12C08091D600FF918A
:10C77000EF919F918F917F916F914F913F912F9169
:10C780000F900BBE0F900FBE0F901F901895409109
:10C79000D6008091D2118111EACF2091DB04309133
:10C7A000DC04C90101968F7799276091DD047091AF
:10C7B000DE0486179707D9F2255A3B4FF9014083CB
:10C7C0009093DC048093DB04D2CF9091D21191112D
:10C7D00007C09091D00095FFFCCF8093D6000895BC
:10C7E000913031F49091C80095FFFCCF8093CE003A
:10C7F00008950E94E56390E080E00895CF93DF9371
:10C80000EC01FE018491882321F00E94E5632196CA
:10C81000F8CFDF91CF910895CF92DF92EF92FF9200
:10C820006B017C01C0923603D0923703E09238034B
:10C83000F0923903809135038230B1F420E030E08A
:10C8400040E950E4C7010F94B19887FF14C080916C
:10C85000FB059091FC05A091FD05B091FE05803D82
:10C860009740A105B10520F5C701B601FF90EF90F3
:10C87000DF90CF9008952AE939E949E95EE3C701DD
:10C88000B6010F94B19887FF0AC020E030E048E37A
:10C8900051E4C701B6010F94D9916B017C018CE67C
:10C8A0009FE70E94FE63C701B6010F94DD5BDCCFFA
:10C8B0002AE939E949E95EE3C701B6010F94B19865
:10C8C00087FDE3CF20E030E040E85EE3C701B6013A
:10C8D0000F94D99120E030E048E550E40F94BC97E4
:10C8E000DCCF89E49CE70C94FE63CF93C82F83E4EC
:10C8F0009CE70E94FE638C2F0E94E5638DE5CF913B
:10C900000C94E563CF93C82F8CE09CE70E94FE63F4
:10C910008C2F0E94E5638DE50E94E563CF910C9416
:10C9200071648F929F92AF92BF92EF92FF920F939A
:10C930001F93CF93DF93CDB7DEB7A0970FB6F894D0
:10C94000DEBF0FBECDBF611571058105910599F45C
:10C9500080E3A0960FB6F894DEBF0FBECDBFDF9187
:10C96000CF911F910F91FF90EF90BF90AF909F904C
:10C970008F900C94E56300E0842E912CB12CA12CB7
:10C980009E012F5F3F4F7901A50194010F947F977E
:10C99000F701E00FF11D6083B901CA010F5F611556
:10C9A00071058105910581F70E0D1F2D111DE016F2
:10C9B000F10659F0F80182918F018A3020F4805DF0
:10C9C0000E94E563F4CF895CFBCFA0960FB6F89484
:10C9D000DEBF0FBECDBFDF91CF911F910F91FF90B2
:10C9E000EF90BF90AF909F908F90089581E59CE766
:10C9F0000E94FE6385EA9DE00F941A97BC0190E0C7
:10CA000080E04AE00E9491648DE50C94E563CF924A
:10CA1000DF92EF92FF926B017C01F7FE0BC08DE27B
:10CA20000E94E563F094E094D094C094C11CD11CA2
:10CA3000E11CF11C4AE0C701B601FF90EF90DF90C6
:10CA4000CF900C9491648F929F92AF92BF92CF92AD
:10CA5000DF92EF92FF92CF936B017C01B42E20E026
:10CA600030E0A9010F94B19887FF07C08DE20E94C2
:10CA7000E563F7FAF094F7F8F094C0E060E070E056
:10CA800080E09FE3CB1541F020E030E040E251E44C
:10CA90000F94BB98CF5FF6CF9B01AC01C701B601E5
:10CAA0000F94BC976B017C010F9434994B015C018E
:10CAB0004AE00E949164CC2391F1C501B4010F9426
:10CAC00098919B01AC01C701B6010F94BB976B0114
:10CAD0007C018EE20E94E563C15008F120E030E065
:10CAE00040E251E4C701B6010F94D9914B015C01BA
:10CAF0000F942D996B01770FEE08FF08C701B6015F
:10CB00000E940765C701B6010F949A919B01AC0181
:10CB1000C501B4010F94BB976B017C01DDCFCF91B0
:10CB2000FF90EF90DF90CF90BF90AF909F908F904D
:10CB300008958CE69CE70E94FE636091F611709167
:10CB4000F711072E000C880B990B0E94076585E6EC
:10CB50009CE70E94FE636091F2117091F311072E21
:10CB6000000C880B990B0E9407658EE59CE70E94DC
:10CB7000FE636091CA0D7091CB0D8091CC0D9091A8
:10CB8000CD0D42E00E94236587E59CE70E94FE638D
:10CB900060916203709163038091640390916503D7
:10CBA00042E00E9423658DE50C94E563CF93DF930B
:10CBB0008EE392E70E94FE63CAEFD1E1688179813A
:10CBC0008A819B8142E00E9423658AE392E70E946A
:10CBD000FE636C817D818E819F8142E00E9423658E
:10CBE00086E392E70E94FE63688579858A859B8546
:10CBF00042E00E94236582E392E70E94FE636C8517
:10CC00007D858E859F8542E00E94236584EF91E6B5
:10CC10000E94FE6380E00F948D0B0F949A91CBECF1
:10CC2000D5E02C813D814E815F810F94BB9842E01D
:10CC30000E9423658EE292E70E94FE6381E00F94DA
:10CC40008D0B0F949A91288539854A855B850F94C1
:10CC5000BB9842E00E9423658AE292E70E94FE634D
:10CC600082E00F948D0B0F949A912C853D854E8513
:10CC70005F850F94BB9842E00E94236586E292E7AD
:10CC80000E94FE6383E00F948D0B0F949A91288984
:10CC900039894A895B890F94BB98DF91CF910D94B4
:10CCA000DD5B8AE00C94E563CF92DF92EF92FF9216
:10CCB000C090CA0DD090CB0DE090CC0DF090CD0D72
:10CCC0008EEF92E70E94FE6342E0C701B6010E9428
:10CCD000236586EF92E70E94FE6360916203709184
:10CCE0006303809164039091650341E00E94236592
:10CCF000FF90EF90DF90CF900C94516680E891E721
:10CD00000E94FE636091CA0D7091CB0D8091CC0D95
:10CD10009091CD0D41E00E9423658DE791E70E943F
:10CD2000FE636091F6117091F711072E000C880BCD
:10CD3000990B0F949A9141E00E94236589E791E74E
:10CD40000E94FE63609162037091630380916403AB
:10CD50009091650341E00E94236586E791E70E9478
:10CD6000FE636091F2117091F311072E000C880B95
:10CD7000990B0F949A9141E00E94236581E791E716
:10CD80000E94FE636091CA0D7091CB0D8091CC0D15
:10CD90009091CD0D41E00E9423658EE691E70E94BF
:10CDA000FE636091F6117091F711072E000C880B4D
:10CDB000990B0F949A9141E00E9423658AE691E7CE
:10CDC0000E94FE636091E90470E090E080E00E94C0
:10CDD000076585E691E70E94FE636091E80470E0D4
:10CDE00090E080E00E94076581E691E70E94FE6383
:10CDF0006091F4047091F5048091F6049091F70429
:10CE000041E00E9423650C9451660E94FE630C94DD
:10CE10005166CF92DF92EF92FF92CF9390913503BC
:10CE20009817B9F1C82FC0903603D0903703E0901F
:10CE30003803F090390320E030E0A901C701B601C2
:10CE40000F94B198882341F0C0921F06D09220061B
:10CE5000E0922106F09222068FE49FE70E94FE6393
:10CE6000C13011F1E0F0C23011F1C093350360918F
:10CE70001F067091200680912106909122060E9443
:10CE80000C6460931F067093200680932106909394
:10CE90002206CF91FF90EF90DF90CF90089587E426
:10CEA0009FE70E940567E1CF83E49FE7FACF8FE316
:10CEB0009FE7F7CF0F94AF0B179AECEBF6E01082D9
:10CEC000169A1182149A80E00E9409678FEF9FEFF3
:10CED00090936102809360022FEF20935D02909304
:10CEE0002E0280932D0220932F0290935F02809355
:10CEF0005E0290932C0280932B020895CF9381EAD7
:10CF00009DE00F940C97CBE08C9FC0011124805BB7
:10CF1000924F0F941A978156904F803A9F40C8F0D5
:10CF20008DEC92E70E94056781EA9DE00F940C97D3
:10CF30008C9FC001112470E060E0805B924F0F94E1
:10CF40006A9780E992E70F94C44D81E0CF910D94E8
:10CF50002F4CCF910895EC01F8940F94AC03179ADD
:10CF60001092BC06169A1092BD06149A8BE89DE9A1
:10CF70000E94FE6381E792E70E940567209779F09F
:10CF8000CE010E940567BE0185E99CE00F946A9777
:10CF900062E484E99CE00F9454970E943060C9E6F3
:10CFA000D2E7F1CFCF93DF93EC018991882319F079
:10CFB0000E94E563FACFDF91CF910895FF920F931E
:10CFC0001F93CF93DF93EC01F62E662309F44BC039
:10CFD0000F94CA948C01C8010E949B50882309F4C5
:10CFE00053C08091E00F9091E10FFC01EE51F04FA2
:10CFF00023E020838B51904FBE01FF20E9F10F9475
:10D00000C39482E99DE90E94FE638BE694E60E9448
:10D01000FE638091E00F9091E10F8B51904F0E9441
:10D02000D2678BEB9EE70E9405678091E00F90919D
:10D03000E10F0496080F191F0D3E81E01807F9F063
:10D040001093E10F0093E00F8091D6119091D711CA
:10D0500001969093D7118093D611DF91CF911F91B4
:10D060000F91FF900895FC0101900020E9F731979E
:10D070008F01081B190BAFCF0F94729DC2CF109276
:10D08000E10F1092E00FE0CF8BE89DE90E94FE6374
:10D090008BE694E60E94FE63CE01FF2059F00E94C9
:10D0A000FE638BE49DE9DF91CF911F910F91FF907B
:10D0B0000C9405670E94D267F4CF0F931F93CF9310
:10D0C000DF93D62F8C01C0E0F8018591949161E047
:10D0D0000E94DE67CF5F0E5F1F4FDC13F5CFDF913D
:10D0E000CF911F910F910895CF93DF93CDB7DEB706
:10D0F0006E970FB6F894DEBF0FBECDBF9E012C5DBC
:10D100003F4FF901419151919F016EE170E0CE01D5
:10D1100001960F94629660E0CE0101960E94DE6750
:10D120006E960FB6F894DEBF0FBECDBFDF91CF91E4
:10D1300008950E94D2670C945166182FF894CDB7C9
:10D14000DEB700D0CF90DF90EF9088E199E20FB684
:10D15000F894A895809360000FBE909360009FB7ED
:10D16000F894E2E0F1E08081886080839FBF0F94B3
:10D17000AC038BEE90E70E94056783EE90E70E9478
:10D18000FE63612F70E090E080E04AE00E949164CD
:10D190008FED90E70E94FE638E2DB60190E040E196
:10D1A0000E9491648BED90E70E94FE63BE0190E0C7
:10D1B00080E040E10E9491640E94516640E060E09E
:10D1C00072E290E080E00F944B5B8EE197E60E9464
:10D1D00005670E943060C82F9FB7F89480910201C4
:10D1E0008460809302019FBF6C2F83E09DE00F94C9
:10D1F00030978091EF04882319F08C2F0E949D684E
:10D200000E9430601F920F920FB60F92112483E09C
:10D210000E94EB681F920F920FB60F92112482E0CA
:10D220000E94EB68CF93C82F82958F700E94A84F01
:10D230008C2F8F70CF910C94A84F41ED50E06AE095
:10D2400070E78BEC95E00F94A6940F94E7160F947B
:10D25000E5090E94D45E82E99DE90E94FE6388EEA2
:10D260009FE60C94056744E050E064E170E08BECCD
:10D2700095E00F94FC9643E050E06AE070E78BEC99
:10D2800095E00F94EB94892B09F05DC0EEECF0E78C
:10D29000459155916591749188ED90E00E94FA4F07
:10D2A000E2EDF0E745915591659174918CED90E038
:10D2B0000E94FA4FE6EDF0E7649180EE90E00E9464
:10D2C0009C5BE7EDF0E76591749181EE90E00E9440
:10D2D000845BE9EDF0E76591749183EE90E00E9444
:10D2E000845BEAECF0E7459155916591749184ED8A
:10D2F00090E00E94FA4F46EA50E760E170E080EB70
:10D3000090E00E94655B46EB50E760E170E080ECE6
:10D3100090E00E94655B41ED50E064E170E08BECD1
:10D3200095E00F94FC960E94D45E0F94E7160F943C
:10D33000E50982E99DE90E94FE638EEC9FE60E946A
:10D34000056781E008950E941D6964E070E084E152
:10D3500090E00E941C5091E0892708956AE070E7F0
:10D360008BEC95E00F94C39441ED50E064E170E0E4
:10D370008BEC95E00F94209782E99DE90E94FE6373
:10D380008EEB9FE60C9405671F920F920FB60F92DB
:10D3900011240BB60F928F939F93EF93FF939FB738
:10D3A000F894E2E0F1E080818B7F80839FBFFF9162
:10D3B000EF919F918F910F900BBE0F900FBE0F902A
:10D3C0001F9018951F920F920FB60F9211240BB653
:10D3D0000F928F939F93EF93FF939FB7F894E2E0A0
:10D3E000F1E08081846080839FBFFF91EF919F91E6
:10D3F0008F910F900BBE0F900FBE0F901F9018953E
:10D400008F929F92AF92BF92CF92DF92EF92FF9254
:10D410006B017C010E94824F4B015C01C114D1045D
:10D42000E104F104B9F00E94824F681979098A0970
:10D430009B09683E73408105910580F321E0C21A83
:10D44000D108E108F10888EE880E83E0981EA11C3F
:10D45000B11CE4CFFF90EF90DF90CF90BF90AF90E2
:10D460009F908F9008952FB7F8946091EE0270917D
:10D47000EF028091F0029091F1022FBF0895109277
:10D4800030030C94336AFF920F931F93CF93DF9373
:10D49000FC01F080F11008C0F12C8F2DDF91CF91AD
:10D4A0001F910F91FF9008958B01EC010E94336A48
:10D4B00089819A81080F191F0817190740F0601712
:10D4C000710718F46817790738F71882E6CF6017E4
:10D4D0007107C0F7E1CFFC01208121110C94436A50
:10D4E00081E00895CF93DF93EC010E94336A7A8341
:10D4F000698381E08883DF91CF9108958F929F9215
:10D50000AF92BF92CF92DF92EF92FF921F93CF9391
:10D51000DF93FC01108111110EC010E0812FDF910B
:10D52000CF911F91FF90EF90DF90CF90BF90AF9081
:10D530009F908F9008956A017B01EC010E94336AED
:10D540004B015C0189819A81AB81BC81C80ED91ED7
:10D55000EA1EFB1EC816D906EA06FB0660F08C140C
:10D560009D04AE04BF0428F488169906AA06BB06DB
:10D57000A0F61882D3CF8C149D04AE04BF04A0F78C
:10D58000CCCFCF93DF93EC010E94336A69837A8317
:10D590008B839C8381E08883DF91CF9108952F92C4
:10D5A0003F924F925F926F927F928F929F92AF9233
:10D5B000BF92CF92DF92EF92FF920F931F93CF9380
:10D5C000DF93CDB7DEB7A2970FB6F894DEBF0FBEDC
:10D5D000CDBF1C018CEA96E00E946F628CE793E15C
:10D5E0000E94C16A4090FA115090FB116090FC11AA
:10D5F0007090FD11C090AC06D090AD06E090AE06E4
:10D60000F090AF06A7019601C301B2010F94B19843
:10D6100081113FC02091B0063091B1064091B20611
:10D620005091B3066091FE117091FF11809100122C
:10D63000909101120F94B19881112BC020E030E03D
:10D6400040E752E460916502709166028091670242
:10D65000909168020F94BB980F9457490E94784F9D
:10D66000A2960FB6F894DEBF0FBECDBFDF91CF916B
:10D670001F910F91FF90EF90DF90CF90BF90AF90F0
:10D680009F908F907F906F905F904F903F902F90E2
:10D6900008956091790270917A02072E000C880B30
:10D6A000990B0F949A9120916502309166024091F6
:10D6B0006702509168020F94D9912EE333EC4EE249
:10D6C00059E30F94D9916F83788789879A878091DE
:10D6D0009712882309F40FC1A3019201C701B60173
:10D6E0000F94BB972B013C012091FE113091FF114B
:10D6F00040910012509101126091B0067091B106F4
:10D700008091B2069091B3060F94BB976B877C878C
:10D710008D879E87C301B2019F772B853C854D8500
:10D720005E855F770F94BC976B017C0120E030E051
:10D73000A9010F94459A18160CF0DDC020E030E0E6
:10D7400040EF51E4C701B6010F94BB980F949A982B
:10D750000F9434997E836D836230710508F4CBC0D9
:10D760002114310409F4C7C0209102123091031230
:10D7700040910412509105126091B4067091B50663
:10D780008091B6069091B7060F94BB976F87788B00
:10D79000898B9A8B209106123091071240910812C2
:10D7A000509109126091B8067091B9068091BA063D
:10D7B0009091BB060F94BB976B8B7C8B8D8B9E8B54
:10D7C000AD81BE81CD01B0E0A0E08F8F98A3A9A369
:10D7D000BAA32D813E812216330608F08CC0B10118
:10D7E00090E080E00F9498916B017C016F8D78A19F
:10D7F00089A19AA10F9498919B01AC01C701B60130
:10D800000F94BB986B017C01AC019B016B897C89F7
:10D810008D899E890F94D9919B01AC01609106126C
:10D820007091071280910812909109120F94BC9781
:10D8300069837A838B839C83A70196016F8578899E
:10D8400089899A890F94D9912091021230910312FB
:10D8500040910412509105120F94BC976F8B788FF2
:10D86000898F9A8FA70196016B857C858D859E8512
:10D870000F94D9912091FE113091FF114091001227
:10D88000509101120F94BC976B8F7C8F8D8F9E8F60
:10D89000A7019601C301B2010F94D9912091FA1109
:10D8A0003091FB114091FC115091FD110F94BC97E8
:10D8B0003F922F92AAEFB1E1BF93AF938F809884EC
:10D8C000A984BA84DE0111966D01EF88F88C098D68
:10D8D0001A8D2B8D3C8D4D8D5E8D0F944B3B0F9093
:10D8E0000F900F900F908091C60D8111B7CEBFEFB2
:10D8F0002B1A3B0A6ECFE090B406F090B50600916B
:10D90000B6061091B7062091B0063091B10640914D
:10D91000B2065091B3066091AC067091AD0680914D
:10D92000AE069091AF061F921F92EAEFF1E1FF93CE
:10D93000EF938F809884A984BA84E8EBCE2EE6E03A
:10D94000DE2E0F944B3B0F900F900F900F9086CED2
:10D950008CE793E10E94C16A8091D6119091D71112
:10D96000892B79F0E091CF11F091D011EE51F04F69
:10D970008081813011F0863021F48EE197E60C949D
:10D98000056708958091D6119091D711892B29F0C0
:10D990000E94A86C0E94775CF5CF1092D011109273
:10D9A000CF111092E10F1092E00F81E08093EB1104
:10D9B00008958CE793E10C94C16A10926302409140
:10D9C000F6025091F7026091F8027091F9024093CB
:10D9D00065025093660260936702709368029093A9
:10D9E0007A02809379028CE793E10C94C16A1F93C9
:10D9F000CF93DF93182F8091650290916602A091DA
:10DA00006702B09168028093F6029093F702A093A8
:10DA1000F802B093F902C0917902D0917A0284E6BB
:10DA200090E090937A02809379028CE793E10E94D0
:10DA3000C16A10936302CE01DF91CF911F910895C7
:10DA40002F923F924F925F926F927F928F929F920E
:10DA5000AF92BF92CF92DF92EF92FF920F931F93FC
:10DA6000CF93DF93EC012A013B0169018B81833065
:10DA700039F069E0440C551C661C771C6A95D1F797
:10DA800043E0942E560181E0A81A8EEFB80A1601E1
:10DA9000EEEF3E1A54E0852E9A94A301920161E1C3
:10DAA000CE010E94815D882379F08882992009F453
:10DAB0007AC00F94C95720E030E0A9016CE0CE0194
:10DAC0000E94815D1882E8CF0E94336A8B010E9418
:10DAD0007A5D8A838F3F91F40E94336A601B710BD9
:10DAE0006D327140A0F381E188830F94C9578C8116
:10DAF0008823E1F28FEF0E94755DD8CF8E3F11F041
:10DB00008FE0F2CF8FEF8EBDD601F6010DB407FE88
:10DB1000FDCF9EB591938EBDEA15FB05B9F70DB407
:10DB200007FEFDCF8EB5F5018083F12CE12C8D91A0
:10DB3000EF2DFF27E827EE0FFF1FEE54F3488591E6
:10DB40009491FE2CEE24E826F9262A163B0679F756
:10DB50000E947A5D082F10E0102F00270E947A5D46
:10DB6000082B0E151F0519F0F0E2F883BECF0F94B5
:10DB7000C957CC81CC23D9F08FEF0E94755D8C2FD3
:10DB8000DF91CF911F910F91FF90EF90DF90CF9099
:10DB9000BF90AF909F908F907F906F905F904F90CD
:10DBA0003F902F9008950F94C957C0E0E8CFC1E08F
:10DBB000E6CFCF92DF92EF92FF92CF936B017C0181
:10DBC000C42F8091D20D9091D30DA091D40DB0911E
:10DBD000D50D8C159D05AE05BF0501F10E943E5E79
:10DBE000811108C0C0E08C2FCF91FF90EF90DF90A3
:10DBF000CF9008952DED3DE0B701A6018091DB0D9A
:10DC00009091DC0D0E94206D882361F3C092D20DAB
:10DC1000D092D30DE092D40DF092D50DCC2321F00B
:10DC200081E08093DA0DDFCFC1E0DDCF4F925F92CC
:10DC30006F927F928F929F92AF92BF92CF92DF921C
:10DC4000EF92FF920F931F93CF93DF93EC0142303B
:10DC500051056105710590F480E0DF91CF911F912E
:10DC60000F91FF90EF90DF90CF90BF90AF909F907B
:10DC70008F907F906F905F904F90089589859A85DF
:10DC8000AB85BC850196A11DB11D84179507A6071C
:10DC9000B70710F38F898031C9F5852E962EA72EF0
:10DCA000BB248B899C89AD89BE89880E991EAA1ECA
:10DCB000BB1E280139016A017B0141E0C501B401A5
:10DCC0000E94D96D882341F29F89903181F5DD242E
:10DCD000EE24FF24F601EE0FFF1FE352F24F1183F3
:10DCE00000839A89923008F4B8CF4D815E816F81AC
:10DCF0007885840E951EA61EB71E8092D60D909232
:10DD0000D70DA092D80DB092D90DA7CF803209F0CF
:10DD1000A3CF8B899C89AD89BE894A015B01E7E06D
:10DD2000B694A79497948794EA95D1F7BECFE894D8
:10DD3000C7F8DD24EE24FF24F601EE0FFF1FEE0FDF
:10DD4000FF1FE352F24F4082518262827382C9CF39
:10DD5000CF92DF92EF92FF920F931F93CF93DF93B7
:10DD6000FC0181859285A385B4850196A11DB11D15
:10DD700084179507A607B70750F480E0DF91CF918D
:10DD80001F910F91FF90EF90DF90CF9008958789BA
:10DD90008031A9F5BB27A72F962F852FC388D4885C
:10DDA000E588F6888C0D9D1DAE1DBF1DE9016A0139
:10DDB0007B018F014091D20D5091D30D6091D40D14
:10DDC0007091D50D84179507A607B70749F5F80197
:10DDD0008789803169F5B701A6015527662777271E
:10DDE000440F551F4352524FFA0180819181B0E098
:10DDF000A0E088839983AA83BB8381E0BFCF803270
:10DE000009F0BBCFC388D488E588F688DB01CA0156
:10DE1000C7E0B695A79597958795CA95D1F7C2CFD4
:10DE200040E0BC01CD010E94D96D8111D0CFA5CFBA
:10DE3000B701A6014F77552766277727440F551F4F
:10DE4000440F551F4352524FFA0180819181A281A4
:10DE5000B381BF70CECF4F925F926F927F92AF929D
:10DE6000BF92CF92DF92EF92FF920F931F93CF93C7
:10DE7000DF9300D01F92CDB7DEB78C0149835A8360
:10DE80006B837C835901C12CD12C7601412C82E01B
:10DE9000582E612C712C49815A816B817C819E01A5
:10DEA0002F5F3F4FC8010E94A86E882319F1F80127
:10DEB0008585A301920104C0220F331F441F551F03
:10DEC0008A95D2F7DA01C901C80ED91EEA1EFB1ED7
:10DED00049815A816B817C8187898031F1F481E0AD
:10DEE000483F5F4F61057105B0F2F501C082D182F4
:10DEF000E282F3820F900F900F900F90DF91CF91FD
:10DF00001F910F91FF90EF90DF90CF90BF90AF9057
:10DF10007F906F905F904F90089581E0483F5F4FF2
:10DF20006F4F7F4008F4B7CFE0CF0F931F93CF938D
:10DF3000DF93FC012381222331F080E0DF91CF9138
:10DF40001F910F9108958B01EC01FB0187898031AE
:10DF500039F582E08B831D8A1E8A1F8A188E808D78
:10DF6000918DB0E0A0E025E0880F991FAA1FBB1F8C
:10DF70002A95D1F7898B9A8BAB8BBC8B1A8F098F23
:10DF800081E089831C821D821E821F821886198669
:10DF90001A861B861C861D861E861F86188ACECF73
:10DFA000803259F683E08B83428D538D648D758D5D
:10DFB0004D8B5E8B6F8B788F9E012F5E3F4FC8011C
:10DFC0000E942B6F8111DACFB8CFCF92DF92EF9200
:10DFD000FF921F93CF93DF93EC01EB81E11109C016
:10DFE00080E0DF91CF911F91FF90EF90DF90CF9075
:10DFF0000895898180FFF4CF488559856A857B859E
:10E000009A0131703AA329A3898D9A8D6A017B0107
:10E01000F9E0F694E794D794C794FA95D1F7E230F3
:10E0200079F4FC01828D938DA48DB58D8C0D9D1D91
:10E03000AE1DBF1D8D8F9E8FAF8FB8A381E0D1CF56
:10E04000FC01148111501C21232B71F411110CC0FF
:10E05000452B462B472B31F58D899E89AF89B88D8D
:10E060008C839D83AE83BF83E98DFA8D8C819D81E6
:10E07000AE81BF810297A109B109258504C0880F2F
:10E08000991FAA1FBB1F2A95D2F74685578560891D
:10E090007189840F951FA61FB71F810F911DA11DA8
:10E0A000B11DC8CF4C815D816E817F819E012C5F47
:10E0B0003F4F0E94A86E8111D7CF92CF8F929F922F
:10E0C000AF92BF92CF92DF92EF92FF920F931F9386
:10E0D000CF93DF93EC018B8181110EC080E0DF9143
:10E0E000CF911F910F91FF90EF90DF90CF90BF9055
:10E0F000AF909F908F90089509891A892B893C8948
:10E10000041715072607370748F34A015B018230D9
:10E1100031F488869986AA86BB8681E0E0CF811497
:10E120009104A104B10449F41C821D821E821F8245
:10E13000188619861A861B86F0CF088519852A85C8
:10E140003B85E98DFA8D858590E00996B901A80196
:10E150004150510961097109082E04C076956795EF
:10E16000579547950A94D2F775016401E1E0CE1AFC
:10E17000D108E108F10804C0F694E794D794C79455
:10E180008A95D2F7C416D506E606F70620F0012BCD
:10E19000022B032B11F58D899E89AF89B88D8C8355
:10E1A0009D83AE83BF838E010C5F1F4FC114D104CA
:10E1B000E104F10409F4ADCF4C815D816E817F8172
:10E1C0009801898D9A8D0E94A86E91E0C91AD10894
:10E1D000E108F1088111EACF81CFC41AD50AE60A15
:10E1E000F70AE1CF40E050E0BA010C945E703F9234
:10E1F0004F925F926F927F928F929F92AF92BF9257
:10E20000CF92DF92EF92FF920F931F93CF93DF9302
:10E21000CDB7DEB72C970FB6F894DEBF0FBECDBFDB
:10E220005C01DC0159968D909C90F401818592856A
:10E23000A385B4859C01AD012F5F3F4F4F4F5F4FCA
:10E2400029873A874B875C87D50114964D905D905E
:10E250006D907C901797411451046104710409F486
:10E2600059C0BFEF4B1A5B0A6B0A7B0A312C730152
:10E2700062011D821E821F821886F40181859285AB
:10E28000A385B4852D813E814F8158852817390794
:10E290004A075B0708F056C089859A85AB85BC851F
:10E2A0008C159D05AE05BF0550F482E0C82ED12C1B
:10E2B000E12CF12C92E0492E512C612C712C9E0105
:10E2C0002F5F3F4FB701A601C4010E94A86E8823AB
:10E2D000C9F189819A81AB81BC81892B8A2B8B2BD7
:10E2E00001F1260137019FEF491A590A690A790A93
:10E2F0002D813E814F8158852F5F3F4F4F4F5F4F9C
:10E300002D833E834F8358873FEFC31AD30AE30A16
:10E31000F30AB3CF408051806280738033243394FA
:10E32000A6CFC414D504E604F70411F70FEF1FEFCE
:10E330002FEF3FE0B701A601C4010E94166E782EB0
:10E3400081111AC0712C872D2C960FB6F894DEBF60
:10E350000FBECDBFDF91CF911F910F91FF90EF9036
:10E36000DF90CF90BF90AF909F908F907F906F90F5
:10E370005F904F903F900895F501448155816681EB
:10E380007781411551056105710539F097018601C5
:10E39000C4010E94166E8823A9F2D5011496CD926D
:10E3A000DD92ED92FC921797332051F0D701C60110
:10E3B0000196A11DB11DF40180839183A283B383D3
:10E3C000F50185899689A789B08D892B8A2B8B2B9E
:10E3D00009F0B9CFC58AD68AE78AF08E8181806834
:10E3E0008183B1CFCF93DF93EC01462F41706C85D1
:10E3F0007D858E859F850E94D96D882351F08889FF
:10E4000020E2829FC00111248352924FDF91CF916D
:10E41000089590E080E0FACFCF93DF93EC018B81F9
:10E42000882349F1898187FF22C061E0CE010E94E3
:10E43000F271FC01892BF9F08081853EE1F08B813E
:10E44000823040F489899A89AB89BC89848F958F01
:10E45000A68FB78F8D899E89938F828F8D899E8994
:10E46000AF89B88DB58BA48B89818F778983DF9134
:10E47000CF910C943E5E81E0888380E0DF91CF9164
:10E480000895CF93DF93EC010E940C721B82DF9101
:10E49000CF910895FC01238121110C9441720895BC
:10E4A000CF93DF93EB01FC012381211104C080E0B5
:10E4B000DF91CF9108952250223028F48FE2888393
:10E4C000198281E0F5CF60E00E94F271009779F344
:10E4D000DC0160E080E09EE22D91203299F08830EE
:10E4E00031F49E01260F311DF90190836F5F9E016B
:10E4F000260F311DAD0141505109FA014081F9014A
:10E5000040836F5F8F5F8B3039F7FE01E60FF11D9F
:10E510001082D7CF2F923F924F925F926F927F924D
:10E520008F929F92AF92BF92CF92DF92EF92FF9223
:10E530000F931F93CF93DF9300D01F92CDB7DEB719
:10E540009C838B834B017A01DC0113968C918111A2
:10E5500019C08FEF9FEF0F900F900F900F90DF91EA
:10E56000CF911F910F91FF90EF90DF90CF90BF90D0
:10E57000AF909F908F907F906F905F904F903F9063
:10E580002F900895EB81FC81818180FFE2CF01898A
:10E590001289238934894085518562857385C70135
:10E5A000B0E0A0E028013901441A550A660A770A4A
:10E5B00084159505A605B70518F07801E41AF50A43
:10E5C00067018B819C8104969A838983612C32E058
:10E5D000732EC114D10409F4B7C0AB81BC81189665
:10E5E0004D915D916D917C911B975A01B1E0BB22D9
:10E5F000EB81FC81818D928D1A012B0129E05694CB
:10E600004794379427942A95D1F72381223091F5A6
:10E61000DC015A966D917D918D919C915D97620D73
:10E62000731D841D951D83010A191B09C016D1068F
:10E6300008F486010115B2E01B0771F42091D20D98
:10E640003091D30D4091D40D5091D50D62177307C1
:10E650008407950709F059C040E00E94D96D8823CE
:10E6600009F477CFB5016352724FA801C4010F942A
:10E67000309D57C0FC01148111501221A114B10426
:10E6800081F411110EC0452B462B472B79F5EB81F8
:10E69000FC8185899689A789B08D84839583A6831B
:10E6A000B783AB81BC815996ED91FC915A97149632
:10E6B0006D917D918D919C9117976250710981099F
:10E6C0009109258504C0660F771F881F991F2A9519
:10E6D000D2F72685378540895189620F731F841FC1
:10E6E000951F610F711D811D911D9DCFAB81BC8157
:10E6F00014964D915D916D917C91179729813A8186
:10E700000E94A86E8111CDCF24CF9401AB01BC0132
:10E710008091DB0D9091DC0D0E94206D882309F41F
:10E7200018CF800E911EEB81FC8180859185A2859A
:10E73000B385800F911FA11DB11D80879187A2878E
:10E74000B387C01AD10A45CFC70105CFDF92EF9238
:10E75000FF920F931F93CF93DF938C01EB017A010C
:10E760008DE0D82E40E250E0BE01C8010E948A72BE
:10E770008032910571F021E0892B09F420E0822F8D
:10E780008195DF91CF911F910F91FF90EF90DF90D6
:10E7900008952881222309F43FC0253E19F32E3223
:10E7A00009F33B853F733F3099F5E114F10481F1A2
:10E7B0004A8D5B8D452B61F52F713FEF320F343061
:10E7C00038F52150330BD29EC001D39E900D1124F9
:10E7D000F701E80FF91F298120832B8121832D81E7
:10E7E00022832F812383298524832E8525832889CD
:10E7F00026832A8927832C8920872E892187288DA3
:10E8000022872C8D23872E8D2487288126FD15862F
:10E810002B8523FDA7CFB5CF80E0B3CF4F925F927A
:10E820006F927F92AF92BF92CF92DF92EF92FF9260
:10E830000F931F93CF93DF931F92CDB7DEB78C0159
:10E840007B015A01C22EDB0159968D919C91F801F2
:10E85000928F818FCB010E94F270712CF70180851D
:10E860009185A285B385418952896389748984170A
:10E870009507A607B70708F052C055E0B695A795CB
:10E88000979587955A95D1F7F82FFF70DF2ED7010E
:10E8900013968C91823010F480E0DBC041E050E0B0
:10E8A000BE016F5F7F4FC7010E948A720197A1F777
:10E8B000F70180859185A285B3854F96A11DB11D75
:10E8C00080879187A287B387F0E2DF9EB001112491
:10E8D0006352724F61157105F9F2DB018C91882347
:10E8E00041F0853E09F04CC0772029F077247394DD
:10E8F000B5CF71100EC08091D20D9091D30DA09123
:10E90000D40DB091D50DF80184879587A687B78778
:10E91000D08ADB018C918111E9CF772473948C2DFF
:10E920008274823409F0B8CF772009F4A2C0F801CC
:10E93000D08861E0C8010E94F271009709F4ACCF61
:10E9400020E2DC011D922A95E9F72BE0F501DC01BC
:10E9500001900D922A95E1F721E238E2FC01318B1A
:10E96000208B40E058E057874687338B228B318FCE
:10E97000208F578B468B0E943E5E811109C08CCF41
:10E980004BE050E0C5010F94239D892B09F066CF21
:10E99000F0E2DF9ED00111249D012352324FF90194
:10E9A0008385817121F08C2D827109F0FCC0F80102
:10E9B000818D928D4091D20D5091D30D6091D40DE7
:10E9C0007091D50D4487558766877787D08AFD017A
:10E9D000E352F24F44885588712C612C3201552442
:10E9E0004424D80155964D925D926D927C92589731
:10E9F000428D538D70E060E04429552966297729BE
:10EA000055964D935D936D937C935897D9011B96C2
:10EA10002C91287109F0B9C0848D958DA68DB78D84
:10EA2000F801818B928BA38BB48B81E083838C2D37
:10EA30008F70F801818314821582168217821086E6
:10EA400011861286138681E0C4FE03C0C8010F94AC
:10EA50002C5E0F90DF91CF911F910F91FF90EF905F
:10EA6000DF90CF90BF90AF907F906F905F904F906E
:10EA70000895D70113968C911397823009F40CCF27
:10EA800051968D919D910D90BC91A02D803E9F4FF0
:10EA9000AF41B10508F000CFC7010E94F77088238D
:10EAA00009F4FACE0E943E5E882309F4F5CED70120
:10EAB0005996ED91FC915A9714964D905D906D90FA
:10EAC0007C901797B2E04B1A510861087108858550
:10EAD00004C0440C551C661C771C8A95D2F78685A9
:10EAE0009785A089B189480E591E6A1E7B1E81E058
:10EAF0008093DA0D4092D20D5092D30D6092D40DD6
:10EB00007092D50DEDEDFDE080E092E0DF019C011B
:10EB10001D9221503040E1F7DD24D394D70159965E
:10EB2000ED91FC918481D81698F42DED3DE0B30170
:10EB3000A2014D0D511D611D711D8091DB0D909144
:10EB4000DC0D0E94DA5D882309F4A6CED394E6CFCB
:10EB5000258580E092E0A0E0B0E004C0880F991F16
:10EB6000AA1FBB1F2A95D2F7F701418952896389F1
:10EB70007489840F951FA61FB71F818B928BA38B5F
:10EB8000B48B8DED9DE0D12CDBCE203161F498016A
:10EB90002F5E3F4F0E942B6F882329F084E0D8011D
:10EBA00013968C9344CFD80113961C9275CE2F9256
:10EBB0003F924F925F926F927F928F929F92AF920D
:10EBC000BF92CF92DF92EF92FF920F931F93CF935A
:10EBD000DF93CDB7DEB7C254D1090FB6F894DEBFCC
:10EBE0000FBECDBF4C015B016A01322E19821C821F
:10EBF0001C8E1F8E672B21F510E0CE014C960E94D3
:10EC00004A72CE0101960E944A72812FCE5BDF4F7D
:10EC10000FB6F894DEBF0FBECDBFDF91CF911F912D
:10EC20000F91FF90EF90DF90CF90BF90AF909F90AB
:10EC30008F907F906F905F904F903F902F900895AE
:10EC4000FC0183818111D8CFFA0180818F32C1F418
:10EC5000CA016C010196F60120812F32D1F3F50132
:10EC600083818250823060F0618D728DCE014C962E
:10EC70000E94956F8E01045E1F4F811102C0BCCFB0
:10EC80008501CE0101967C013C012E019CE1490EDB
:10EC9000511C2396EFAE23972F2CFE01F796CF0140
:10ECA0000B96AF0120E22193E817F907D9F79601F7
:10ECB00090E067E0D9018D91882349F18F3239F1D5
:10ECC000282F8E3239F46A3009F496CF98E06AE042
:10ECD0009D01F0CFE2EBFEE73491332321F0319632
:10ECE0008313FACF89CF691708F486CF3FED380F29
:10ECF0003E3508F081CF3FE9380F3A3110F420EE6D
:10ED0000280FFA01E90FF11D20839F5FE1CF8FA942
:10ED1000803209F471CF6901F90180812F5F3F4F83
:10ED20008F32C9F38823D9F021E0B801C7010E94CE
:10ED30000E74882309F460CF0A151B0519F0C80169
:10ED40000E944172942D852D6E147F0421F023962C
:10ED50009FAD2397822D8701E92EF82E9ECF232D7C
:10ED6000B801C4010E940E74182F47CF0F931F9350
:10ED7000182F8BE70E94E563812F0E9475640E9423
:10ED800071648DE39CE70E94FE6360916E03709155
:10ED90006F0380917003909171034AE00E94916427
:10EDA00086E39CE70E94FE6380911B16882309F48A
:10EDB0007BC08091951690919616A0919716B09170
:10EDC00098160097A105B10509F46EC0BC01CD01EC
:10EDD0006D597F4F8F4F9F4F24E630E040E050E069
:10EDE0000F947F9760919C1670919D1680919E164E
:10EDF00090919F160F947F97622F70E090E080E0D3
:10EE00000E9407658FE29CE70E94FE636091790291
:10EE100070917A02072E000C880B990B0E940765EF
:10EE200088E29CE70E94FE6380919F1381113EC09F
:10EE30008AE893E10E94D26781E29CE70E94FE6328
:10EE40008091760390917703A0917803B091790334
:10EE5000892B8A2B8B2B69F10E94336A00917603F0
:10EE6000109177032091780330917903601B710B27
:10EE7000820B930B28EE33E040E050E00F947F9735
:10EE8000CA01B9014AE00E9491648AE19CE70E94AC
:10EE9000FE6383E19CE70E94FE638DE50E94E563CB
:10EEA0001F910F910C94F66420E0A6CF8FE993E1B7
:10EEB000C1CF60E070E0CB010E940765E6CFCF9341
:10EEC0009091D00D992309F4F4C0C82F873009F42C
:10EED000BCC008F046C0833009F4EBC080F5813037
:10EEE00009F488C008F460C08BE70E94E56383E002
:10EEF0000E9475640E9471648DE70E94E5630E9420
:10EF0000516683E08093100381E0809362028091D8
:10EF10008813811105C080913F03882309F478C0CC
:10EF20008BE70E94E56384E00E9475640E9471642F
:10EF300084E08093100381E0809362021EC08530DC
:10EF400009F46FC084EA9CE7C63008F46CC08DE811
:10EF50009CE70E94FE630E94716488E08093100326
:10EF600072C0863109F499C070F4843109F47EC00E
:10EF700008F087C0883009F470C08DE70E94E5630F
:10EF8000CF910C9451668B3509F48FC030F481E336
:10EF9000CA3599F70E948264F0CF8C3509F487C096
:10EFA00084E3CD35B9F3E9CF80916402843021F454
:10EFB0008FE00E94B676E1CF8091D411882311F0C2
:10EFC0008EE0F7CF80918813811104C080913F03B8
:10EFD000882311F084E0EDCF8BE70E94E56381E0A8
:10EFE0000E9475640E9471640E94F66481E08093BF
:10EFF0001003C3CF8BE70E94E56382E00E94756433
:10F000000E94716482E080931003C0936202B5CFC6
:10F010008BE70E94E56383E00E9475640E9471643F
:10F020008ACF86E99CE70E94FE6360E070E0CB0136
:10F030000E9407658DE50E94E563809110030E94A0
:10F0400075640E94716482E077CF84E89CE70E9437
:10F05000FE630E94716489E081CF8BE79CE70E9488
:10F06000FE630E94716410921003EDCF8BE70E9443
:10F07000E563809110030E9475640E94716484E0CE
:10F080005BCF8BE70E94E5630E9499650E947164E3
:10F09000809110030E94756470CF82E79CE70E9404
:10F0A000FE630E94716485E0A2CF82E373CF83E3A5
:10F0B00071CFCF9108952F923F924F925F926F92AE
:10F0C0007F928F929F92AF92BF92CF92DF92EF92F8
:10F0D000FF920F931F93CF93DF93CDB7DEB7A09727
:10F0E0000FB6F894DEBF0FBECDBF8FE590E00E9453
:10F0F0009B50882309F4A1C00E941F4F8F379105B0
:10F1000061F48091DD049091DE049093DC0480939F
:10F11000DB048BE09FE70E9405676E014FE1C40EA0
:10F12000D11C992493940E941F4F181619060CF0B5
:10F1300078C08091EC11882329F08091D411882324
:10F1400009F46FC080913E0381116BC02091DD04F2
:10F150003091DE048091DB049091DC0482179307E8
:10F1600011F3F901E55AFB4F80812F5F3F4F2F7755
:10F1700033273093DE042093DD048F3F09F079C0FC
:10F1800080912603882309F471C090922503109280
:10F1900026031F8E18A280902903882021F28091D7
:10F1A00027038F8FF1E0F81518F48091280388A3C6
:10F1B000109229031601822D8C19881508F0B3CFFF
:10F1C000F10111911F018BE693E10E94726A17FD14
:10F1D000F2CF8091DE0F9091DF0F1A3009F44BC10E
:10F1E0001D3009F448C18F3591050CF049C11B331E
:10F1F00011F490922D0320912D032111DCCF9C015D
:10F200002F5F3F4F3093DF0F2093DE0F2091E00FF1
:10F210003091E10F2E51304F820F931FFC01138369
:10F22000CACF8091DE0F9091DF0F181619060CF4EB
:10F2300049C28091881381115FC2A0960FB6F894DD
:10F24000DEBF0FBECDBFDF91CF911F910F91FF9019
:10F25000EF90DF90CF90BF90AF909F908F907F9076
:10F260006F905F904F903F902F900895909226035B
:10F2700090CF90912503992309F458C0893FE9F173
:10F2800070F5863F09F44AC0873F09F443C086ED14
:10F290009EE70E94FE6381ED9EE70E94FE6310914F
:10F2A00024038DEC9EE710FD02C088EC9EE70E94CF
:10F2B000FE63012F027083EC9EE711FD02C08EEB0E
:10F2C0009EE70E94FE638DEB9EE70E940567002388
:10F2D00049F185E480933B02109225035ACF8A3F7F
:10F2E00041F08B3FA1F68091240381608093240339
:10F2F000CECF809124038E7FF9CF109229031092F4
:10F3000025031092240310922303109226031092D7
:10F310002203BDCF809124038260E8CF8091240333
:10F320008D7FE4CF90E290933B02D6CF909126035D
:10F3300030912403992331F1E091290330FF49C032
:10F3400020912203222309F440C091E09E0F909364
:10F350002903AE2FB0E0A95DBC4FFFEFFC934091B5
:10F360002303442351F0EE5FE0932903E92FF0E0FB
:10F37000E95DFC4F40831092230321502093220328
:10F3800010922603E091290330FF6CC09091220374
:10F39000992349F121E02E0F20932903AE2FB0E0ED
:10F3A000A95DBC4F8C9380912303882351F0EE5FBD
:10F3B000E0932903E22FF0E0E95DFC4F8083109297
:10F3C0002303915090932203E4CE42E04093220322
:10F3D000D7CF91E09E0F90932903F0E0E95DFC4FB9
:10F3E0009FEF9083CDCFA82FAF7030E021E0AF30FA
:10F3F00029F0B0E0A05DBD4F3C9120E0482F407F58
:10F40000403F59F4226020FF13C09092220321FF55
:10F410000CC0E2E0E0932203BCCE82958F70A82F4F
:10F42000B0E0A05DBD4F9C91EECF90932303B1CE91
:10F4300081E08E0F80932903AE2FB0E0A95DBC4F11
:10F440003C933A3009F4A5CE21FF03C090922203E9
:10F45000A0CEEE5FE0932903E82FF0E0E95DFC4FDA
:10F46000908397CE91E09E0F90932903F0E0E95DA1
:10F47000FC4F80838ECE009719F410922D03DDCEC1
:10F480000091E00F1091E10F0B51104F800F911F71
:10F49000FC0110821A83098380912D038111F5C02C
:10F4A000F80180818E3409F084C04AE050E0BE014A
:10F4B0006F5F7F4FC80101960F9497922B013C011B
:10F4C000E980FA80F7018081803231F4FFEFEF1A92
:10F4D000FF0AFA82E982F4CF8091D8119091D91174
:10F4E000A091DA11B091DB110196A11DB11D841517
:10F4F0009505A605B70549F044E050E066E07FE7D2
:10F50000C7010F94EB94892BA1F46AE270E0C70164
:10F510000F945E9D90932C0380932B03009709F426
:10F5200041C0F801F12C8E179F07F1F02191F226CE
:10F53000FACF8BE89DE90E94FE6389E195E60E947F
:10F54000FE636091D8117091D9118091DA11909178
:10F55000DB110E9407650E9451660E94E3501092E1
:10F56000DF0F1092DE0F69CE0E947650F816190652
:10F5700039F08BE89DE90E94FE638AEF94E6DFCFC5
:10F58000E0912B03F0912C031082E980FA8061E076
:10F590007FE7C7010F94BA94892B39F589E894E67F
:10F5A0000E94AB678BE89DE90E94FE6380ED94E6C4
:10F5B000C6CF89819A81FC012081203221F40196F5
:10F5C0009A838983F6CF6AE270E00F945E9D892B5F
:10F5D00039F08BE89DE90E94FE6386EA94E6AFCF9E
:10F5E00044244A94542C3201D0CF44E050E06CEFD4
:10F5F0007EE7C7010F94EB945C01F70180818734AB
:10F6000041F480918813811104C089E793E10E943D
:10F61000726AAB2821F08091D5118111A0CF26E02C
:10F6200077FC21E08091E00F9091E10FFC01EE5119
:10F63000F04F208349815A81F801DA0140175107C0
:10F64000A1F501900020E9F79F01201B310B0396E3
:10F65000280F391F2D3EF1E03F0779F13093E10F7C
:10F660002093E00F8091D6119091D711019690933D
:10F67000D7118093D61177FC08C04092D8115092D0
:10F68000D9116092DA117092DB111092DF0F109293
:10F69000DE0F0E941F4F892B09F4CFCD8FE590E03C
:10F6A0000E949B50811187CDC8CD6D9161939D01C2
:10F6B000241B350B6111F9CFCACF1092E10F1092C4
:10F6C000E00FD0CF8091D00D60E273E0811102C0D5
:10F6D00060ED77E08BE693E10E94436A882309F4AA
:10F6E000A8CD10922D031092DF0F1092DE0F81EF44
:10F6F0009EE70E940567A1CD80911B16882309F41F
:10F700009CCD8091DE0F9091DF0F892B09F095CD74
:10F710008091D6119091D711892B11F410922A0360
:10F7200012E001E040919C1650919D1660919E164A
:10F7300070919F168091951690919616A0919716AC
:10F74000B0919816481759076A077B0708F0C1C09F
:10F7500080912A038111BDC00F942362409120162D
:10F7600050912116609122167091231640939C1699
:10F7700050939D1660939E1670939F162091DE0FF6
:10F780003091DF0F8A3061F08D3051F0833209F40F
:10F7900087C02F35310524F48F3F980709F087C0C3
:10F7A0002115310509F449CD80911B16811103C043
:10F7B00040E050E0BA018091E1119091E211481BC4
:10F7C000590BA091E00FB091E10FFD01EE51F04F08
:10F7D00010834183528313962E51304FF901EA0F63
:10F7E000FB1F1082AE51B04FFD0101900020E9F7E0
:10F7F0003197EA1BFB0BF8948091D6119091D711A9
:10F8000001969093D7118093D611EC5F8091E00F11
:10F810009091E10FE80FF92FF11DF093E10FE093C4
:10F82000E00F80911B16882309F43DC080919C163F
:10F8300090919D16A0919E16B0919F168093E11114
:10F840009093E211A093E311B093E411ED3EF140E7
:10F8500021F41092E10F1092E00F789410922D0392
:10F860001092DF0F1092DE0F40919C1650919D1662
:10F8700060919E1670919F168091951690919616A4
:10F88000A0919716B0919816481759076A077B07F9
:10F8900000F58FE590E00E949B50811143CFCDCCC5
:10F8A00000932A037DCF80E090E0DC01C7CFA9015F
:10F8B0004F5F5F4F5093DF0F4093DE0F4091E00F9B
:10F8C0005091E10F4E51504F240F351FF9018383A2
:10F8D00029CF40919C1650919D1660919E16709173
:10F8E0009F168091951690919616A0919716B091BB
:10F8F0009816481759076A077B0708F49ECC0E94A0
:10F90000375C892B09F099CC0F94E65786E794E68B
:10F910000E9405670E94336A009176031091770375
:10F9200020917803309179036B017C01C01AD10AD0
:10F93000E20AF30A8091720390917303A091740319
:10F94000B0917503C81AD90AEA0AFB0AC701B601C1
:10F9500020E63AEE40E050E00F947F9749015A01CB
:10F960001092720310927303109274031092750335
:10F9700060916E0370916F03809170039091710399
:10F980000E943A5FC501B4012CE330E040E050E052
:10F990000F947F977F936F93C701B60120E83EEEE7
:10F9A00046E350E00F947F973F932F938DED9EE7B2
:10F9B0009F938F938E010F5F1F4F1F930F930F9491
:10F9C000239682E99DE90E94FE63C8010E9499681E
:10F9D000C8010E94E1EE0F948C6610924B020FB6A4
:10F9E000F894DEBF0FBECDBF80918913882359F0F4
:10F9F0000F94665D8091D00D882309F41ECC86E0BB
:10FA00000E945F771ACC81E00F94C56680918913BC
:10FA10008111EECFEFCF2F923F924F925F926F9274
:10FA20007F928F929F92AF92BF92CF92DF92EF928E
:10FA3000FF920F931F93CF93DF9300D01F921F92DB
:10FA4000CDB7DEB7D82E2A013B01322EE982FA82E9
:10FA50000B831C830F94AF0B81E080930A12FC2C64
:10FA6000E32CD31010C0ED2CDC100DC060E070E072
:10FA700080EA90E40E941763FF24F394EE24E39459
:10FA80002224239401C02D2C0F94D31E8091971211
:10FA90008D831092971282E00F949B0B6093021259
:10FAA000709303128093041290930512F1100F9437
:10FAB000144C81E00E94F76C8C010E949E601092B1
:10FAC000650210926602109267021092680222206C
:10FAD00019F080E00F94BB69EE2019F081E00F94DB
:10FAE000BB69DD20E9F04114510461047104C1F0E7
:10FAF000C301B2010F949A919B01AC01609123065E
:10FB00007091240680912506909126060F94BC974B
:10FB10006093FA117093FB118093FC119093FD1187
:10FB2000332001F189819A81AB81BC810097A105C5
:10FB3000B105C1F0BC01CD010F949A919B01AC01BC
:10FB400060912706709128068091290690912A06D7
:10FB50000F94BC976093FE117093FF118093001275
:10FB600090930112FF2009F499C060E070E080EAF0
:10FB700090E40E9417638091BC06811102C00F942B
:10FB8000BB698091BD06811103C081E00F94BB6900
:10FB90000F944E1FEEE0F8E885919591A591B491F0
:10FBA000EAE0F8E845915591659174914093AC066F
:10FBB0005093AD066093AE067093AF068093B00687
:10FBC0009093B106A093B206B093B30660EB76E0D3
:10FBD0008CEA96E00E94A8600F949A1E2DEC3CECF3
:10FBE0004CE050EC6091B0067091B1068091B20685
:10FBF0009091B3060F94B19887FF0CC08DEC9CECEC
:10FC0000ACE0B0EC8093B0069093B106A093B2063E
:10FC1000B093B30680E090E0A6E1B3E48093650280
:10FC200090936602A0936702B093680210926302F9
:10FC30000F944D1760916502709166028091670282
:10FC4000909168020F9457490F94AF0B8091AC06C6
:10FC50009091AD06A091AE06B091AF068093FA11D7
:10FC60009093FB11A093FC11B093FD118091B0060D
:10FC70009091B106A091B206B091B3068093FE11A7
:10FC80009093FF11A0930012B093011281E0809332
:10FC900063020F941B1682E00F94BB69CC20E9F03D
:10FCA00081149104A104B104C1F0C501B4010F9401
:10FCB0009A919B01AC0160912B0670912C0680916A
:10FCC0002D0690912E060F94BC97609302127093AC
:10FCD000031280930412909305120F944D17C801DC
:10FCE0000E94DD6C0F941B160F944E1F0F94D61CB0
:10FCF000D11007C0311005C08B8D811102C0CC20FE
:10FD000039F1F11025C09D81992311F181E0809393
:10FD100097120F949B0B6B017C0180E00F949B0B5F
:10FD2000A70196010F94F3579B01AC016091021259
:10FD30007091031280910412909105120F94BB9759
:10FD40006093021270930312809304129093051231
:10FD500084E10E945F770F94AF0B10920A120F900C
:10FD60000F900F900F900F90DF91CF911F910F91F7
:10FD7000FF90EF90DF90CF90BF90AF909F908F90CB
:10FD80007F906F905F904F903F902F9008958F924B
:10FD90009F92AF92BF92CF92DF92EF92FF920E941A
:10FDA000336A6B017C0120912202222309F14091E8
:10FDB00064024130E9F080911C0290911D02A091F3
:10FDC0001E02B0911F0246015701881A990AAA0A19
:10FDD000BB0A30E0A8EEB3E00F94AC978616970606
:10FDE000A806B9066CF0443031F19CF44230D4F4EA
:10FDF000C0921C02D0921D02E0921E02F0921F02DD
:10FE0000FF90EF90DF90CF90BF90AF909F908F903A
:10FE10000895453069F782E99DE90E94FE6381E01B
:10FE200093E706C082E99DE90E94FE638EE293E7B4
:10FE30000E940567DDCF82E99DE90E94FE6388E1AB
:10FE400093E7F6CF8091F4119091F5112091F6117E
:10FE50003091F7112817390771F09093F7118093BB
:10FE6000F61181E080936C030E94336A0F94EE6771
:10FE700082E080936C0308954F925F926F927F921D
:10FE80008F929F92AF92BF92CF92DF92EF92FF92AA
:10FE90000F931F93CF93DF9300D000D01F921F9238
:10FEA000CDB7DEB72B013C011092EE111091F1118C
:10FEB0006091620370916303809164039091650384
:10FEC0000F943499611731F0812F90E09093F311E2
:10FED0008093F2110E94227F8091ED118093EE11A8
:10FEE0009091F0118091EF11819589278870892771
:10FEF0008093F011A30192016091870270918802B2
:10FF00008091890290918A020F94BB976D837E83C2
:10FF10008F839887CE0105960F941A1720E030E062
:10FF200040E85FEB60917B0270917C0280917D02E2
:10FF300090917E020F94B198811120C08091FA11A6
:10FF40009091FB11A091FC11B091FD1180937B0267
:10FF500090937C02A0937D02B0937E028091FE116B
:10FF60009091FF11A0910012B091011280937F0235
:10FF700090938002A0938102B0938202A301920128
:10FF800060918702709188028091890290918A0223
:10FF90000F94BB9769837A838B839C83E0900212D2
:10FFA000F0900312009104121091051220917F022B
:10FFB00030918002409181025091820260917B02D7
:10FFC00070917C0280917D0290917E021F921F921F
:10FFD0001F921F92E2E68E2EE7E29E2EE6E7AE2EFD
:10FFE000E2E4BE2EFE0131966F010F944B3BA3015C
:10FFF00092016091870270918802809189029091AC
:020000021000EC
:100000008A020F94BB9769837A838B839C83E090E9
:100010008302F09084020091850210918602209163
:100020007F02309180024091810250918202609162
:100030007B0270917C0280917D0290917E021F92E2
:100040001F921F921F920F944B3BE0908302F090FF
:100050008402009185021091860220917F023091E6
:100060008002409181025091820260917B027091E6
:100070007C0280917D0290917E021F921F921F92BE
:100080001F92812C912CF8ECAF2EF3E4BF2EA7E841
:10009000CA2EA2E0DA2E0F944B3B0F94AF0B609167
:1000A000E7117091E81190E080E00F9498916093CF
:1000B0006502709366028093670290936802809154
:1000C000F8119091F91190937A028093790280E16E
:1000D000EBE7F2E0AAEFB1E101900D928A95E1F72A
:1000E0000E949E608091DC110FB6F894DEBF0FBEB7
:1000F000CDBF811148C06091DD117091DE118091FA
:10010000DF119091E01160939C1670939D1680937F
:100110009E1690939F160F944B5D8091DD119091E8
:10012000DE11A091DF11B091E0118093E111909365
:10013000E211A093E311B093E41181E0809388135E
:1001400085E699E60E9494E882E08093DC111092A3
:10015000EC1181E08093C60D28960FB6F894DEBFAF
:100160000FBECDBFDF91CF911F910F91FF90EF9008
:10017000DF90CF90BF90AF909F908F907F906F90C7
:100180005F904F9008958130D9F68091DD11909164
:10019000DE11A091DF11B091E0118093D8119093FE
:1001A000D911A093DA11B093DB111092DF0F1092E6
:1001B000DE0F0E94E350C4CF1F920F920FB60F9232
:1001C00011242F933F938F939F93AF93BF9380916D
:1001D000EE029091EF02A091F002B091F102309105
:1001E000ED0223E0230F2D3758F50196A11DB11D17
:1001F0002093ED028093EE029093EF02A093F00221
:10020000B093F1028091F2029091F302A091F40276
:10021000B091F5020196A11DB11D8093F202909359
:10022000F302A093F402B093F502BF91AF919F91B6
:100230008F913F912F910F900FBE0F901F901895A7
:1002400026E8230F0296A11DB11DD2CF98B1907F51
:10025000892B88B9000098B9000008958230B9F060
:100260008330E9F0813059F080910B01611105C0B4
:10027000826080930B01000008958D7FFACF8091FA
:100280000B01611102C08160F4CF8E7FF2CF8091AB
:100290000B01611102C08460ECCF8B7FEACF8091AB
:1002A0000B01613011F48064E4CF8F7BE2CF8EEFDD
:1002B0009FE00F940C978E3F39F091E02091EC0273
:1002C000281390E0892F089580E008951092EC02A1
:1002D0006EEF8EEF9FE00D943097853728E69207FA
:1002E00009F459C0F8F48E3625E6920709F459C08E
:1002F00050F4833723E69207B1F185369446B1F185
:100300008EE391E60895823726E6920791F18237CF
:1003100028E6920709F442C08337954689F785E9B4
:1003200091E608958C3620E7920731F170F48C360F
:100330002EE6920721F18F362EE6920731F18437AF
:100340009946F1F683E891E608958B3623E7920704
:10035000F9F0863723E79207A9F08F36924781F6A6
:1003600081E491E6089585EA91E608958DE991E6A4
:1003700008958CE891E608958CE791E6089581E769
:1003800091E6089589E691E6089583E691E6089559
:1003900088E591E6089581E591E6089588E491E67F
:1003A00008958DEA91E60895EAEBFFE6859195912F
:1003B000A591B4918F3F9F4FAF4FBF4FB1F020E059
:1003C00031E081E0F9014591559165917491453A8B
:1003D0005A45644B7B4409F00895F90134964591E0
:1003E0005491240F351F8F5FEDCF81E008950F9357
:1003F0001F93811113C01092EB021092EA02109227
:10040000EC029091EC0298135CC0682F8EEF9FE095
:100410000F94309781E01F910F910895813089F7F3
:10042000E0E0F1E04591559165917491453A5A4566
:10043000644B7B4431F7E4E0F1E0A591B491E8E04E
:10044000F1E06591749150E040E030E020E0A417C5
:10045000B50729F5261B370B3227232732276217CA
:10046000730709F0CECFECE0F1E0059115912591ED
:100470003491EAEBFFE6459155916591749104172B
:1004800015072607370709F0BCCF20E031E030938D
:10049000EB022093EA0291E09093EC02B2CFFA01D2
:1004A000E050FF4FE491F0E098E040FD90E002C0A2
:1004B000EE0FFF1F9A95E2F72E0F3F1F4F5F5F4F22
:1004C000C6CF80E0A8CF2091EC02211104C0FC012E
:1004D0003296CF0108954091EA025091EB02411506
:1004E0005105A9F3FC01259134912F3F320779F38F
:1004F000F9013896EE0FFF1FE40FF51F2591349197
:10050000FA01E20FF31F2491222309F3E2CFCF93E4
:10051000DF93CAEFD1E120E030E04CE852E46C8593
:100520007D858E859F850F94BC976C877D878E8790
:100530009F8760E070E080EA91E40F948A490E940E
:10054000BA5E0E943A5987E990E60E946382AC0144
:1005500060E080E00E9419598BE899E30E94638271
:10056000AC0162E080E00E94195983E49BE20F94A1
:100570002D03DF91CF910D94AF0B8F929F92AF928D
:10058000BF92CF92DF92EF92FF92CF93C82F0E943B
:100590008160811131C06091F2117091F311072EC9
:1005A000000C880B990B0F949A914B015C0120E091
:1005B00030E0A9010F94B198811111C06091F6113A
:1005C0007091F711072E000C880B990B0F949A91DC
:1005D00020E030E0A9010F94B198882369F0C09021
:1005E0002302D0902402E0902502F0902602C1144C
:1005F000D104E104F10419F5109281138091D61110
:100600009091D711039714F40E945B784091FE02F9
:100610005091FF0260910003709101034115510553
:100620006105710509F451C08CE793E10E947E6A6F
:10063000882309F44AC085E592E70E94AB6720E071
:1006400030E0A901C501B4010F94B198811111C026
:100650006091F6117091F711072E000C880B990B21
:100660000F949A9120E030E0A9010F94B19888236B
:1006700021F080918113882319F18091D00D882376
:1006800039F080EEC82E82E3D82E89E2E82EF12CD4
:10069000B701A60181E893E10E947E6A882309F4EC
:1006A000ADCF1092F3111092F2111092F711109237
:1006B000F61184E396E30E9463820F94C44D9ECFAB
:1006C00081E893E10E94C16A99CF4091270250913D
:1006D00028026091290270912A0241155105610595
:1006E0007105A9F08CE793E10E947E6A882379F076
:1006F0009091C20D8091C30D981309C0C11107C01C
:10070000179A1092BC06169A1092BD06149AC091C0
:10071000EE119091C30D8091C20D981781F08091D8
:10072000C30D9EE6899FF0011124E85DF84FC0815A
:100730009091C20D981719F08F5F8F70F9CFCC236D
:1007400009F4AEC0C090FA02D090FB02E090FC0227
:10075000F090FD02C114D104E104F10481F40E947F
:10076000336A605E7C4F8F4F9F4F6093FA027093A5
:10077000FB028093FC029093FD02CFEF07C00E9422
:10078000336A6C157D058E059F05B8F380913003A3
:10079000811102C0C093F3038091D703811107C078
:1007A00081E08093D7030F948E7A1092D7038091C3
:1007B000E0048823C9F11092E0044FB7F8948091C7
:1007C000DF04282F082E000C330B37FF03C03195B0
:1007D00021953109243031050CF46BC0982F87FF27
:1007E00002C093E0980F959595952091F403309170
:1007F000F503290F311D97FD3A953093F5032093AA
:10080000F403837887FF03C081508C6F8F5F8093E0
:10081000DF044FBF86E00F94241680914E028111B1
:1008200003C081E080934E028091E104882361F04F
:100830000E944B63E0919E03F0919F03309721F05B
:1008400080914F02811119952091731330E0A8EE29
:10085000B3E00F94AC97AB01BC0184E793E10E9435
:100860007E6A882371F08091721380FD0E947E66FB
:100870008091721382FD0E94D66584E793E10E9405
:10088000C16A8091D00D811119C0CF91FF90EF9076
:10089000DF90CF90BF90AF909F908F900C94C77EC9
:1008A0001092FA021092FB021092FC021092FD02CA
:1008B0006DCF1092DF044FBF80E0ADCFCF91FF909E
:1008C000EF90DF90CF90BF90AF909F908F90089562
:1008D000CF93DF93EC010F94F92481E00E94BD8255
:1008E00080E00F944C37209799F0C233D10540F047
:1008F00062E370E080E090E00E94006AE297EBCF54
:10090000BE0190E080E00E94006AD0E0C0E0E3CF4A
:10091000DF91CF910895CF93DF93C82FDFEF0F942E
:10092000F92481E00E94BD8280918D128F3FD9F41D
:1009300080912212843021F4809125128111EFCF11
:100940008091601290916112019749F7809187120E
:10095000909188128932904811F360E089E290E822
:100960000F940069DCCFD0938D12853039F4CF3FDE
:10097000F9F261E08C2F0F941981D1CF8430C1F648
:10098000DF91CF910895CF92DF92EF92FF92CF93B4
:10099000DF936A017B018823A9F186E492E70E9434
:1009A000FE6360916E1370E090E080E00E94076546
:1009B00080916E13843010F110926E1381E492E7EF
:1009C0000E94FE6380916E1390E00F94D55BC091FE
:1009D0006E13C701B6010F942D997093F7116093B0
:1009E000F6118C2F0E9471F90E94BA5EDF91CF91AF
:1009F000FF90EF90DF90CF900D94AF0B8F5F8093BF
:100A00006E13DCCF8AE69AE30E946382EC0187E5ED
:100A10009AE30E94638250E040E0BE010E94EAEF48
:100A2000C82FD7CF0F94E25B8F3F11F180E00F9476
:100A30002F4C0E943A5983EF9CE50E946382AC01DF
:100A400061E080E00E94195980E20E947F590F9472
:100A5000E25B682F70E06F5F7F4F072E000C880B02
:100A6000990B0F94AC320F94BF8081E00D942F4C02
:100A700008952F923F924F925F926F927F928F9242
:100A80009F92AF92BF92CF92DF92EF92FF920F931D
:100A90001F93CF93DF93CDB7DEB7A4970FB6F8942B
:100AA000DEBF0FBECDBF0F94AF0B8091C60D81117D
:100AB000A3C081E080930B128091BC06882349F08B
:100AC0008091BD06882329F02091BE062987211137
:100AD0001FC081E08093EB118FEF95E6A4960FB6CF
:100AE000F894DEBF0FBECDBFDF91CF911F910F9164
:100AF000FF90EF90DF90CF90BF90AF909F908F903E
:100B00007F906F905F904F903F902F900D94AC5CD2
:100B10008EE40E946150882309F487C00E948350AC
:100B2000282E37E0831711F0F3E02F2E82E50E9484
:100B30006150882309F47FC00E9483508F838B30DB
:100B400010F04AE04F838CEA9DE00F940C978D8B58
:100B50005091E106598B609186036A8B81E0809306
:100B6000E106229C802D1124865F8093860381E01C
:100B70000F944C370F94DF770F94144C80E090E083
:100B8000A0EAB0E48093021290930312A09304129F
:100B9000B093051265E575E585E591E40F948A4902
:100BA00080E090E0A0E8BFE38093FA119093FB11FE
:100BB000A093FC11B093FD118093FE119093FF114F
:100BC000A0930012B09301126EEF71E18AEF91E1F0
:100BD0000E94506160E070E086E193E40F948A49DE
:100BE0000F94AF0B8091C60D882359F189898093AA
:100BF000E1069A8990938603A4960FB6F894DEBF17
:100C00000FBECDBFDF91CF911F910F91FF90EF905D
:100C1000DF90CF90BF90AF909F908F907F906F901C
:100C20005F904F903F902F9008958BEA9DE00F9436
:100C30000C97282E7BCF8AEA9DE00F940C978F8328
:100C400082CF0F94F21E182F80E00E94F76C9F8BCA
:100C50008E8B822D90E0229CD0011124B88BAF871F
:100C6000312CBFEFB20DBC8F9C01092E000C440B40
:100C7000550B2D8F3E8F4F8F58A3412C512CE0EAFE
:100C80006E2EE0E47E2E01979C01990F440B550BCC
:100C900029A33AA34BA35CA3432D50E05C874B8769
:100CA0008F8598894817590709F4BFC1832D622D94
:100CB0000F94A39C8D83092FA82FB0E0BC8BAB8B26
:100CC00080FF03C0EC8DE91B0E2FF7E02F1214C03C
:100CD000802F63E00F94A39C911145C08D810F94E8
:100CE000A39C911140C00F94F21E182F811177C35D
:100CF000C12CD12C76019FC31123D1F331102AC00E
:100D00001985C12CD12C7601002309F499C36D8D6E
:100D10007E8D8F8D98A10F949A919B01AC0160E01C
:100D200070E080E090E40F94BB989B01AC0160916F
:100D300002127091031280910412909105120F9487
:100D4000BC976093021270930312809304129093E5
:100D500005127EC3802F90E05D8163E0569F800D79
:100D6000911D112449C310E0C3CF112309F496C08B
:100D7000332009F493C020E030E040E85FE3C7018E
:100D8000B6010F94BB974F810F94D26D81118BC028
:100D90008AED96E50E9463829F938F930F94CE9580
:100DA0000F900F9080E090E0A0EAB0E480930212F0
:100DB00090930312A0930412B093051260E070E0C8
:100DC00080EA91E40F948A490F94AF0B2F853889FC
:100DD0004B855C852417350709F42CC185E00F94F9
:100DE0002416C12CD12C30EAE32E30E4F32E80E01F
:100DF00096E30E9463820F94554C90E080E00F943C
:100E0000AA2581E00F94144E80E00F94FF15182F4F
:100E100060E070E080E89FEB0E94B56281E00F9493
:100E2000FF15C0920212D0920312E0920412F092C7
:100E3000051260E070E080EA91E40F948A490F9413
:100E4000AF0B812F0F94FF1582E00F949B0B20E0D6
:100E500030E040EA50E40F94459A181644F259895C
:100E60005093E1066A896093860381E00F942F4CCA
:100E7000DD24D394DF92812C912C5401CC24C39493
:100E8000E12CF12C870121E040E050E0BA0181E043
:100E90000E940B7DD092EB110F90AECE60E070E01F
:100EA00080E291EC70CF20910212309103124091B8
:100EB000041250910512688D798D8A8D9B8D0F9447
:100EC000BB972DEC3CEC4CEC5DE30F94B19887FFA5
:100ED00042C0409202125092031260920412709229
:100EE000051260E070E080EA91E40F948A490F9463
:100EF000AF0B112359F1332049F120E030E040E8F5
:100F00005FE3C701B6010F94BB974F810F94D26D79
:100F1000882309F43DCF20910212309103124091B1
:100F200004125091051260E070E080EA90E40F94A2
:100F3000BB972DEC3CEC4CEC5DE30F94B19887FF34
:100F40000AC08CEE91E70F94F5952CCF60E070E02D
:100F500080E291ECDACF8090021290900312A09080
:100F60000412B0900512112391F0A5019401C7015C
:100F7000B6010F94BB979F7720E030E040E85FE335
:100F80000F94459A18161CF48CEB91E7DCCF8FEA8E
:100F90009FE00F940C97882309F443C086EA9FE0F2
:100FA0000F940C978823E9F16091F4047091F50493
:100FB0008091F6049091F7040E9411512091D70579
:100FC0003091D8054091D9055091DA050F94BB981E
:100FD0009B01AC01A7E08B899C89A89F7001A99F08
:100FE000F00C1124E00EF11CEE0CFF1CEE0CFF1CAB
:100FF000F701E956FD4E7F01C501B4010F94BB977F
:10100000D70111966D937D938D939C931497809146
:101010008603815080938603339481E00F944C378C
:101020003BCE20E030E0A901D5CFEF85F889FC87E1
:10103000EB87B8CE8E899F890E94DD6C1092F703F2
:101040001092F60380E10E945BE3882391F00E94F6
:101050007E6781EA9DE00F940C97ABE08A9FC00108
:101060001124805B924F0F941A979093F70380930B
:10107000F6036091F6037091F703072E000C880BBE
:10108000990B0F949A9190582091D7053091D805DB
:101090004091D9055091DA050F94BB980F94D04B2D
:1010A00080EC9FE00F940C97F82E19821A821B8215
:1010B0001C8210E000E0F801E854FE4884910E9490
:1010C0006150882309F4C3C00E949050E62EB72EC9
:1010D0006C01862F9B2DD601B7FF07C0B095A09558
:1010E000909581959F4FAF4FBF4F85369105A105D4
:1010F000B1050CF4A4C08BE89DE90E94FE6384E96D
:1011000091E70E94FE636E2D7B2DC6010E9407654C
:101110008BE891E70E940567E1E0F0E0EC0FFD1F2E
:10112000E00FF11F10820F5F1F4F0430110509F00F
:10113000C2CF8981082E000C990B2A81022E000C47
:10114000330B6B813C80E22DE150FF0BAF01E89F38
:10115000D001E99FB00DF89FB00D1124B887AF837F
:10116000F12C6F01F901E81BF90BF88BEF87262FA3
:10117000660F330B3C8B2B8B4A01550FAA08BB081B
:10118000F21408F07AC03CE1F39EC0011124AC01D6
:1011900048565D4E5E834D83C6018F199109AB8918
:1011A000BC898A9F80018B9F100D9A9F100D11247E
:1011B000EF81F8850E0F1F1F2F2D332D3203C00135
:1011C0001124080F191FE12C2E1409F454C0AD810D
:1011D000BE814D905D906D907D90BE83AD831497E0
:1011E000BA87A987B801012E000C880B990B0F94C0
:1011F0009A912FE632E143E85AE30F94D9916B8735
:101200007C878D879E87C501B4010F949A919B01BD
:10121000AC016B857C858D859E850F94BB98A30161
:1012200092010F94BC97E985FA856083718382836C
:101230009383E3942F853889020F131FC5CFE1E014
:10124000F0E0EC0FFD1FE00FF11FE0826CCFB1E08A
:10125000FB1269CFF801EE0FFF1FED57FE48859195
:1012600094910F940C97E1E0F0E0EC0FFD1FE00F7C
:10127000F11F808358CFF39483CF33E023121BC038
:101280000F94F06B11E0109397120F94714B109321
:10129000640285E699E60E9494E829892093E10694
:1012A0003A893093860382E00F944C370F94AF0B4A
:1012B00010920B12A1CC47E02412E4CF5D89552394
:1012C00009F397E9E92E92E1F92EDD24D394CC2499
:1012D000CA94CD0C8701412C8EEF682E6D0C642DC5
:1012E0008C2D0F942C8677247394740C811169C013
:1012F000672D8C2D0F942C86812C912C5401512C10
:10130000882381F020E030E0A901D8015D966D913D
:101310007D918D919C9190970F94BC974B015C01AE
:10132000552453946FEF640D8C2D0F942C868823D5
:1013300069F0F8017B972081318142815381C50199
:10134000B4010F94BC974B015C015394642D8D2D17
:101350000F942C86882361F0F8012581368147811E
:101360005085C501B4010F94BC974B015C015394A7
:10137000642D862D0F942C86882309F1F80133976C
:101380002081318142815381C501B4010F94BC9702
:101390004B015C015394652D70E090E080E00F9468
:1013A0009A919B01AC01C501B4010F94BB98D8017F
:1013B00011966D937D938D939C93149702C0511059
:1013C000EACF045E1F4F472CB7E07B1288CFD3943F
:1013D000E4E0EE0EF11CF8E0DF1279CF53CF3320BA
:1013E00009F48ECC2BEA029F812D112486954B891E
:1013F0005C89480F511DCA01880F991F8D53904F6A
:101400000F941A97BC01990F880B990B0F949A911E
:101410002AE037ED43E25CE30F94D99120919812D2
:101420003091991240919A1250919B120F94BC974F
:101430006B017C01198501116ACC8D81811167CC0A
:10144000409202125092031260920412709205129E
:101450002091021230910312409104125091051212
:10146000288F398F4A8F5B8F60E070E080EA91E4CB
:101470000F948A490F94AF0B69A17AA18BA19CA10B
:101480000F949A914B015C01602F70E090E080E036
:101490000F94989120E030E04CE453E40F94D991FC
:1014A000A50194010F94BB9820E030E040E85FE391
:1014B0000F94BC976093FA117093FB118093FC1109
:1014C0009093FD113D81632F70E090E080E00F94D8
:1014D000989120E030E04CE453E40F94D991A501B9
:1014E00094010F94BB9820E030E040E85FE30F9454
:1014F000BC976093FE117093FF118093001290933C
:1015000001126EEF71E18AEF91E10E94506160E09B
:1015100070E086E193E40F948A490F94AF0B8091B9
:10152000C60D882309F421CC49894093E1065A89E4
:101530005093860361CB2F923F924F925F926F92AE
:101540007F928F929F92AF92BF92CF92DF92EF9253
:10155000FF920F931F93CF93DF93CDB7DEB7C356A0
:10156000D1090FB6F894DEBF0FBECDBF82E08093E5
:1015700064020091CF111091D0110B51104F45E032
:1015800050E066E07CE7C8010F94EB94892B09F0EA
:1015900081C18091D00D882309F44DC081EA98E77C
:1015A0000E947D5E882379F0809110031F928F93B3
:1015B00082E892E69F938F930F94CE950F900F90B1
:1015C0000F900F9008C08DE998E70E947D5E8823F8
:1015D00041F01092A00381E0809364020E94A86C05
:1015E00020C28AE998E70E947D5E882321F18091DC
:1015F0002B0390912C0361E003960F9454650F9494
:1016000023628C018091201690912116A0912216C0
:10161000B091231680939C1690939D16A0939E16CE
:10162000B0939F16802F0E94E5630A30110539F7A9
:101630000F94E657D0CF8CEF9BE70E947D5E81111F
:10164000CACF88EF9BE70E947D5E882321F14091FD
:10165000ED045091EE042CE3249FC001259F900DD2
:1016600011249F938F934091EB045091EC04249F9D
:10167000C001259F900D11249F938F9384E594E6DC
:101680009F938F930F94CE950F900F900F900F9084
:101690000F900F90A0CF83EF9BE70E947D5E882381
:1016A00059F060E085EA9FE00F94309761E082EEA8
:1016B00099E60E94DE678FCF8CEE9BE70E947D5EED
:1016C000882321F080E00F94F97885CF86EE9BE7A0
:1016D0000E947D5E81110E94306083EE9BE70E9434
:1016E0007D5E8823A9F044E150E065E17DE0CE0114
:1016F00001960F94FC968C89882329F088ED9BE74E
:101700000F94F59568CFCE0101960F94969D63CF07
:1017100084ED9BE70E947D5E882329F088EC9BE79F
:101720000E94056758CF84EC9BE70E947D5E88236A
:1017300019F085EA9BE7F4CF80EA9BE70E947D5E83
:10174000882319F00E94668146CF8DE99BE70E94AD
:101750007D5E882379F081EA9DE00F940C972BE061
:10176000829FC001112470E060E0805B924F0F9473
:101770004E9731CF8AE99BE70E947D5E882349F02E
:101780000E943A5970E060E084E690E00F94E85BD4
:10179000D9CF86E99BE70E947D5E8823D1F086E55C
:1017A0000E946150882309F416CF0E94765011E000
:1017B000892B09F410E00F94AF0B8091971290E001
:1017C0001817190609F407CF109397120F94AC6DF0
:1017D00002CF8FE89BE70E947D5E882309F4FBCE51
:1017E00084E40E9461508823A1F00E94105520E0FB
:1017F00030E04AE754E40F94D99120E030E040E033
:101800005FE30F94BC970F943499CB010F94FB8640
:10181000E2CE8BE89BE70E947D5E882349F18091B0
:10182000D00D882329F180912B0390912C030296EF
:1018300090932C0380932B030E9410556B017C0125
:101840006FEF87EA9DE00F94309720E030E04AE7A1
:1018500054E4C701B6010F94D99120E030E040E094
:101860005FE30F94BC970F94349985EA9DE07FCF96
:1018700085EA9DE00F941A97BC0190E080E00F94F8
:10188000989120E030E04AE754E40F94BB980F941D
:10189000DD5BA1CED8018C91873411F00C94DD97DB
:1018A00010932C0300932B030E94765090930F0308
:1018B00080930E038B34910509F455C60CF04BC18F
:1018C0008430910509F4BAC50CF0C5C097FDCFC0AE
:1018D00002970CF0A2C10E94414F8C010E94375622
:1018E00060916E0370916F0380917003909171030A
:1018F0000F9498916B017C01409006125090071252
:1019000060900812709009128090B8069090B90605
:10191000A090BA06B090BB06A5019401C301B20124
:101920000F94BB9720E030E048EC52E40F94D9913B
:101930009B01AC01C701B6010F94459A1816D4F467
:10194000A3019201C501B4010F94BB9720E030E0E0
:1019500048EC52E40F94D991A70196010F94BC97DB
:101960000F94349960936E0370936F0380937003A8
:101970009093710380914D06882309F446C188E550
:101980000E946150811141C189E50E94615081111D
:101990003CC18AE50E946150811137C185E40E94F3
:1019A0006150882309F431C1209106123091071249
:1019B00040910812509109126091B8067091B906D1
:1019C0008091BA069091BB060F94BB976B017C0186
:1019D0002DEC3CEC4CEC5DEB0F94B19887FF07C10C
:1019E0008091F20381110C94B0B40F94AF0B8091ED
:1019F000B8069091B906A091BA06B091BB06809343
:101A0000061290930712A0930812B093091286E071
:101A100092E10F941A179091F20381E089270E94B6
:101A200095C9CD59DF4F0FB6F894DEBF0FBECDBFBD
:101A3000DF91CF911F910F91FF90EF90DF90CF90AA
:101A4000BF90AF909F908F907F906F905F904F90DE
:101A50003F902F9008958531910509F4D9C0FCF489
:101A60008A30910509F433C50B9709F434C5809188
:101A7000CF119091D0118B51904F9F938F931F92C4
:101A800087E48F9386E793E69F938F930F94CE9589
:101A90000F900F900F900F900F900F90B9C08C3156
:101AA000910509F41AC54E9711F70F94AF0B81E019
:101AB00080930A120E94F76C8C0180E090E0A8E409
:101AC000B4E48093650290936602A0936702B0939A
:101AD000680243E060E070E080E291EC0F94D26D28
:101AE0007090021260900312509004124090051200
:101AF000B090FE11A090FF11909000128090011202
:101B0000F090FA11E090FB11D090FC11C090FD1103
:101B100082E691E40E9463824F925F926F927F927D
:101B20008F929F92AF92BF92CF92DF92EF92FF92ED
:101B30009F938F938FE294E69F938F930F94CE950C
:101B4000C8010E94DD6C10920A120FB6F894DEBF35
:101B50000FBECDBF5DC08835910509F459C0F4F4BE
:101B60008135910511F40C94D1965CF48C34910577
:101B700009F41CC58035910509F079CF0E9439859B
:101B800047C08635910511F40C9426978735910549
:101B900009F06DCF80E10E94C5CF3AC08C35910528
:101BA00011F40C94329774F48A35910511F40C9465
:101BB0002B978B35910509F05ACF8091F0118760F2
:101BC0000C942E978236910511F40C94CA978336A3
:101BD000910509F04CCF1092D00D60E084EC9FE0AD
:101BE0000F94309782E00F944C370C94D9972DECDA
:101BF0003CEC4CEC5DE3C701B6010F94459A181616
:101C000024F48091F2038111F0CEC8010E94CF6AC2
:101C100010920F0310920E03DECC0E94414F2E96BD
:101C20009FAF8EAF2E970E94375689E40E94615075
:101C3000882309F4B0C30E94105560930203709387
:101C4000030380930403909305038AE40E94615088
:101C5000C12CD12C7601882321F00E9410556B01F4
:101C60007C01C0920603D0920703E0920803F09231
:101C70000903E0910E03F0910F03A496FFAFEEAFBE
:101C8000A4978090020390900303A0900403B09067
:101C90000503A7019601C501B4010F94589A249633
:101CA0006CAF7DAF8EAF9FAF24976091790270913A
:101CB0007A02072E000C880B990B0F949A912091B1
:101CC00065023091660240916702509168020F945C
:101CD000D99120E030E040E752E40F94BB9820E037
:101CE00030E048EC52E40F94BB9868AF79AF8AAF0C
:101CF0009BAF80E1EAEFF1E1DE01119601900D92D8
:101D00008A95E1F7D501C401B0588CA79DA7AEA76D
:101D1000BFA7D701C601B05888A799A7AAA7BBA794
:101D200089819A81AB81BC8128968CAF9DAFAEAF83
:101D3000BFAF28979C01AD01C501B4010F94BC97BA
:101D400062966CAF7DAF8EAF9FAF62978D819E81A3
:101D5000AF81B8852C968CAF9DAFAEAFBFAF2C973F
:101D60009C01AD01C701B6010F94BC9766966CAF9C
:101D70007DAF8EAF9FAF669729853A854B855C8591
:101D80006091B4067091B5068091B6069091B70641
:101D90000F94BB976A966CAF7DAF8EAF9FAF6A977B
:101DA0008091AC069091AD06A091AE06B091AF06C1
:101DB0006E968CAF9DAFAEAFBFAF6E9762962CADF7
:101DC0003DAD4EAD5FAD6297BC01CD010F94BB97A9
:101DD0006B017C018091B0069091B106A091B20692
:101DE000B091B306A2968CAF9DAFAEAFBFAFA29736
:101DF00066962CAD3DAD4EAD5FAD6697BC01CD0195
:101E00000F94BB974B015C0130908F062090900699
:101E1000909191069CABA0919206ACAFB0919706C1
:101E2000B8ABA70196016CA57DA58EA59FA50F94C3
:101E3000D9912B013C01A501940168A579A58AA53A
:101E40009BA50F94D9919B01AC01C301B2010F94E2
:101E5000BC972B013C01A50194016CA57DA58EA525
:101E60009FA50F94D9914B015C01A701960168A52C
:101E700079A58AA59BA50F94D9919B01AC01C501B9
:101E8000B4010F94BB97A30192010F943B986B018F
:101E90007C0120E030E0A9010F94B19887FF0AC0CF
:101EA0002BED3FE049EC50E4C701B6010F94BC971D
:101EB0006B017C016091980670919906611571051E
:101EC00009F46DC290E080E00F9498919B01AC0101
:101ED0006BED7FE089EC90E40F94BB9824962CADD9
:101EE0003DAD4EAD5FAD24970F94D9915B018C0150
:101EF00060919A0670919B066115710541F190E021
:101F000080E00F9498919B01AC0160E070E080E864
:101F10009FE30F94BB982B013C0120E030E040E7A9
:101F200052E468AD79AD8AAD9BAD0F94BB989B012F
:101F3000AC01C301B2010F94D9913B014C01950151
:101F4000A8010F94B19887FF02C05301840140900B
:101F500093065090940660909506709096069501B1
:101F6000A801B201C3010F94459A181684F0950197
:101F7000A801632D722D8CA99CAD0F94B1982501F9
:101F8000380187FF04C0432C522C6CA87CACA4966B
:101F9000EEADFFADA497329751F42BED3FE049EC45
:101FA00050E4C701B6010F94BB976B017C016E969C
:101FB0002CAD3DAD4EAD5FAD6E9728966CAD7DAD51
:101FC0008EAD9FAD28970F94B198811123C0A29632
:101FD0002CAD3DAD4EAD5FADA2972C966CAD7DADF9
:101FE0008EAD9FAD2C970F94B198811113C020E056
:101FF00030E0A901C701B6010F94B19881110AC060
:102000002BED3FE049EC50E4C701B6010F94BC97BB
:102010006B017C01A701960124966CAD7DAD8EAD60
:102020009FAD24970F94D9916A962CAD3DAD4EADDE
:102030005FAD6A970F94589A4B015C012FE632E12D
:1020400043E85AE30F94B19887FD9EC19201A30122
:10205000C501B4010F94BB980F949A980F943499CA
:102060007DAB6CAB6230710508F45EC12E96AEADEF
:10207000BFAD2E97AB2B09F457C190E080E00F94D1
:1020800098914B015C01AC019B01C701B6010F9413
:10209000BB982B013C01A50194016A966CAD7DAD06
:1020A0008EAD9FAD6A970F94BB9828966CAF7DAFAD
:1020B0008EAF9FAF28972D853E854F8558896091BB
:1020C000B8067091B9068091BA069091BB060F943C
:1020D000BB97A50194010F94BB982C966CAF7DAF74
:1020E0008EAF9FAF2C97A3019201C301B2010F9451
:1020F000D9916B017C01AC019B01C301B2010F942A
:10210000D99120E030E040EC50E40F94BB989B0163
:10211000AC01C301B2010F94BB976CAF7DAF8EAF22
:102120009FAF20E030E040E05FE3C701B6010F94CD
:10213000D9919B01AC0160E070E080E89FE30F94CF
:10214000BB9724966CAF7DAF8EAF9FAF24972224B0
:102150002394312CD8A8DA94B8A9B11125C1B101C2
:1021600090E080E00F949891A30192010F94D9918F
:102170006B017C010F94B69868A779A78AA79BA7E3
:10218000C701B6010F947C9B4B015C01C090020318
:10219000D0900303E0900403F0900503F7FAF09465
:1021A000F7F8F0948091060390910703A09108033B
:1021B000B091090388AB99ABAAABBBABA701960161
:1021C00068A579A58AA59BA50F94D9916CA77DA731
:1021D0008EA79FA728A939A94AA95BA9C501B4015F
:1021E0000F94D9919B01AC016CA57DA58EA59FA5EF
:1021F0000F94BC976CA77DA78EA79FA7A7019601F8
:10220000C501B4010F94D9916B017C0128A939A9AA
:102210004AA95BA968A579A58AA59BA50F94D99120
:102220009B01AC01C701B6010F94BB9768A779A7C2
:102230008AA79BA79091970698AB2CA53DA54EA584
:102240005FA562966CAD7DAD8EAD9FAD62970F942C
:10225000BC9769837A838B839C8328A539A54AA57B
:102260005BA566966CAD7DAD8EAD9FAD66970F9408
:10227000BC976D837E838F83988728962CAD3DAD68
:102280004EAD5FAD289769857A858B859C850F94C7
:10229000BC9769877A878B879C872C962CAD3DAD40
:1022A0004EAD5FAD2C976D857E858F8598890F9497
:1022B000BC976D877E878F87988BCE0101960E9491
:1022C0006F622E96AEADBFAD2E972A163B06F8F084
:1022D000E984FA840B851C852D813E814F815885C8
:1022E00069817A818B819C813F922F92EAEFF1E1A3
:1022F000FF93EF9388AC99ACAAACBBACFE013D96C2
:102300006F010F944B3B0F900F900F900F908091A7
:10231000C60D811139C0FFEF2F1A3F0A2CA93DA924
:102320002215330509F016CF8CEA96E00E946F6201
:10233000E090B406F090B5060091B6061091B7068D
:102340002091B0063091B1064091B2065091B3068B
:102350006091AC067091AD068091AE069091AF068B
:102360001F921F92EAEFF1E1FF93EF9388AC99ACD3
:10237000AAACBBACE8EBCE2EE6E0DE2E0F944B3BD6
:102380000F900F900F900F900E94784F8CE793E181
:102390000E94C16A3DCC60E070E0CB014ECCA32C22
:1023A000B22C0CA91CADA4CD2CA53DA54EA55FA5B6
:1023B0006CAD7DAD8EAD9FAD0F94D9914B015C019D
:1023C00028A539A54AA55BA524966CAD7DAD8EAD3B
:1023D0009FAD24970F94D9919B01AC01C501B40125
:1023E0000F94BC977B018C012CA53DA54EA55FA544
:1023F00024966CAD7DAD8EAD9FAD24970F94D99191
:102400004B015C0128A539A54AA55BA56CAD7DAD46
:102410008EAD9FAD0F94D9919B01AC01C501B40164
:102420000F94BB976CA77DA78EA79FA7D8AAC701BB
:10243000D80188A799A7AAA7BBA7FFCE80E50E94CD
:102440006150C12CD12C7601882331F00E941055A7
:102450000F9434996B017C0183E50E9461508823BD
:1024600061F00E94105520E030E04AE754E40F94F8
:10247000D9910F9434996B017C01C114D104E1040A
:10248000F10441F08091E106873021F08BE494E67D
:102490000E9494E80F94AF0B0E94336AC60ED71EB9
:1024A000E81EF91E8CE793E10E94C16A0E94336A1C
:1024B0006C157D058E059F0508F0AACB0F94F924B5
:1024C00080E00E94BD8280E00F944C37EFCF81E026
:1024D0000E9495C99DCB80E0FBCF88E50E946150AA
:1024E000382E412C512C3201882321F00E9490502B
:1024F0002B013C0189E50E946150282E882371F14F
:102500000E94905068A779A78AA79BA78AE50E9496
:102510006150D82E812C912C5401882321F00E94E7
:1025200090504B015C0187E50E9461508CA78F930E
:10253000CD2CE8A4F9A40AA51BA5222DB301A20164
:10254000832D0E940B7D0F90311062CB211060CB48
:102550003CA531115DCBD1105BCB10CB18A619A6D1
:102560001AA61BA6D3CF08E210E026E2E22E24E64C
:10257000F22E602F70E090E080E00F9498910E941E
:1025800011519F938F937F936F931F930F93FF929C
:10259000EF920F94CE950F5F1F4F0FB6F894DEBFEA
:1025A0000FBECDBF0F36110521F732CB0F94F905C1
:1025B000811105C087E79BE70E94056729CB82E070
:1025C0000E945BE3811107C080E09AE30E9463826E
:1025D0000F94C44D1DCB8091BC06882341F080919F
:1025E000BD06882321F0D090BE06D11008C081E03E
:1025F0008093EB118FEF95E60F94AC5C09CB87EBE2
:1026000099E30E9463820F94C44D86EA9EE40E947F
:10261000638241E060E00F94E84C81116EC080E07D
:1026200090E0A0EAB0E48093021290930312A0938A
:102630000412B093051260E070E088E492E40F9415
:102640008A4980E090E0A8E4B2E48093021290937B
:102650000312A0930412B093051280E090E0A4E36B
:10266000B3E48093FE119093FF11A0930012B093F6
:10267000011260E070E088E492E40F948A490F94BC
:10268000AF0B8CE79EE40E9463820F94C44DEEE092
:10269000F8E885919591A591B4918093FE1190935E
:1026A000FF11A0930012B0930112EAE0F8E88591BF
:1026B0009591A591B4918093FA119093FB11A093F9
:1026C000FC11B093FD1160E070E088E492E40F9497
:1026D0008A490F94AF0B81E08F93812C912C540188
:1026E000CC24C394E12CF12C870120E040E050E0A1
:1026F000BA0180E00E940B7D0F9020E030E04CE0BA
:1027000052E46091F4047091F5048091F604909184
:10271000F7040F94459A18160CF07CC08091D00DE8
:10272000811178C080E090E0A8ECB2E480930212BE
:1027300090930312A0930412B093051260E070E02E
:1027400088E492E40F948A491092F7111092F611DE
:102750001092F3111092F21119821A821B821C82BC
:102760001D82CE0101960E94C16A93E2F92E02E910
:1027700018E720E030E04CE052E46091F4047091FE
:10278000F5048091F6049091F7040F94459A181679
:10279000C4F589E699E30E9463820F94554C42E0A8
:1027A00064E080E00E9425591F92FF926091F4043A
:1027B0007091F5048091F6049091F7040F942D998F
:1027C0007F936F931F930F930E94BD5881E00E94E7
:1027D000D35888EE93E00E9468840E94546640E0DB
:1027E00053E567E070E0CE0101960E947E6A0F908B
:1027F0000F900F900F900F900F90882309F4B9CF8E
:10280000D12C81E00F942F4CD11004C080E00F94A4
:10281000A78FFEC90F94AF0B81E080930A120F942B
:102820002F4C89E59BE70E9405678090F404909007
:10283000F504A090F604B090F70420E030E040EA00
:1028400050E4C501B4010F94BB980F942D9925E075
:10285000269FA001279F500D1124BA01550F880B08
:10286000990B0F949A911B017C0120E030E04CE021
:1028700052E40F94B19887FF06C0212C312C0CE054
:10288000E02E82E4F82E222D332D4E2D5F2DC50132
:10289000B4010F94459A181664F420E030E040EA41
:1028A00050E4622D732D8E2D9F2D0F94BC971B012C
:1028B0007C01FF92EF923F922F928DE094E69F93DE
:1028C0008F930F94CE9520E030E040EF51E4622DDD
:1028D000732D8E2D9F2D0F94BB9720E030E04CE898
:1028E00052E40F94BC970F942D997093F311609359
:1028F000F21184E08093E10681E08093860387E40F
:1029000092E40E9463820E9494E880E090E0A0EA52
:10291000B0E48093021290930312A0930412B09338
:10292000051260E070E088E492E40F948A4980E048
:1029300090E0A0EAB1E48093FA119093FB11A09388
:10294000FC11B093FD1180E090E0A0E7B2E4809329
:10295000FE119093FF11A0930012B093011260E05A
:1029600070E088E492E40F948A498AE999E9A9E140
:10297000BEE38093021290930312A0930412B093CB
:10298000051260E070E088E492E40F948A490F94A5
:10299000AF0B0F900F900F900F900F900F90209112
:1029A000F4043091F5044091F6045091F704622D3F
:1029B000732D8E2D9F2D0F94459A18163CF488EE9A
:1029C00093E00E9468840E945466E9CF60E086EA42
:1029D0009FE00F94309780E090E0A0EAB0E480930D
:1029E000021290930312A0930412B093051260E0B8
:1029F00070E088E492E40F948A49EAE0F8E885916F
:102A00009591A591B4918093FA119093FB11A093A5
:102A1000FC11B093FD11EEE0F8E885919591A59138
:102A2000B4918093FE119093FF11A0930012B09384
:102A3000011260E070E088E492E40F948A490F94F8
:102A4000AF0B43E060E070E080E89FEB0F94D26D45
:102A5000811105C00F94A78F10920A12D9C8B091A6
:102A60000212BCA7E0910312E8A7F0910412F8ABA0
:102A70002091051228AF2F93FF93EF93BF9380E02F
:102A800094E69F938F930F94CE950F900F900F9095
:102A90000F900F900F90BEEAAB2EBFE0BB2E13E25B
:102AA000C12ED12C0FEF1FEFB6010D2C000C880B9F
:102AB000990B0F949A912B013C01DF92CF92C801A0
:102AC00002969F938F9384EC93E69F938F930F943A
:102AD000CE954801BFEF8B1A9B0A0F900F900F9075
:102AE0000F900F900F9011F40C94BEB470E060E062
:102AF000C5010F944E97A3019201622D732D8E2D67
:102B00009F2D0F94B198181644F4E5E08E169104A9
:102B100011F00C94CAB405E010E05801F7E2AF1AC6
:102B2000F8EFBF0AAA0CBB1C85E0809F1001819FB3
:102B3000300C11240D5F1F4FFAE94F2EF9E95F2E7B
:102B4000F9E16F2EFEE37F2EABE88A2EA3E69A2EE4
:102B5000C801029705970CF0D4C0B101635D7F4FA7
:102B6000072E000C880B990B0F949A916B017C0136
:102B70001F930F9327EB33E63F932F930F94CE953C
:102B80000093860320E030E040EF51E4C701B60136
:102B90000F94BB9720E030E040E251E40F94D991CC
:102BA00020E030E040EA50E40F94BB9820E030E0B1
:102BB00048E452E40F94BC970F942D997093F3114D
:102BC0006093F21180E090E0A0EAB0E480930212FA
:102BD00090930312A0930412B093051260E070E08A
:102BE00088E492E40F948A4980E090E0A0EAB1E49E
:102BF0008093FA119093FB11A093FC11B093FD11F7
:102C000080E090E0A0E7B2E48093FE119093FF1182
:102C1000A0930012B093011260E070E088E492E4A7
:102C20000F948A4940920212509203126092041249
:102C30007092051260E070E088E492E40F948A4993
:102C40000F94AF0B0F900F900F900F902091F40402
:102C50003091F5044091F6045091F704C701B60194
:102C60000F94459A18163CF488EE93E00E9468840D
:102C70000E945466EBCF80E090E0A0EAB0E480933D
:102C8000021290930312A0930412B093051260E015
:102C900070E088E492E40F948A49EAE0F8E88591CC
:102CA0009591A591B4918093FA119093FB11A09303
:102CB000FC11B093FD11EEE0F8E885919591A59196
:102CC000B4918093FE119093FF11A0930012B093E2
:102CD000011260E070E088E492E40F948A490F9456
:102CE000AF0B43E060E070E080E89FEB0F94D26DA3
:102CF00095E0290E311C0F5F1F4F811104C00F9406
:102D0000A78F81E0A7CE7CA568A598A988AD272FBD
:102D1000362F492F582F6091021270910312809123
:102D20000412909105120F94BB97F62EE72ED82E21
:102D3000C92E2091D7053091D8054091D9055091E1
:102D4000DA05D701F6016B2F7A2F8F2F9E2F0F9464
:102D5000D9910F942D996CAB7DAB8EAB9FABCF927D
:102D6000DF92EF92FF928091F7048F938091F604A7
:102D70008F938091F5048F938091F4048F939F92A9
:102D80008F920F94CE956CA97DA9C5010F944E9793
:102D9000A2E0AA0EB11C0FB6F894DEBF0FBECDBFE5
:102DA000D7CE80919712882309F44DC08FE49BE71A
:102DB0000E94FE6367E070E080E090E00E9407659B
:102DC0008CE20E94E56367E070E080E090E00E94A2
:102DD00007658CE39BE70E94FE6342E060E070E0E1
:102DE00080EA90E40E9423658AE29BE70E940567DF
:102DF00067E0D62E7CE1C72EDA94FFEFDF1611F4E0
:102E00000C94088EDC9C7001112401E010E087E234
:102E10009BE70E94FE63F801EE0FFF1FEE0FFF1FFE
:102E2000EE0DFF1DEC56FD4E608171818281938114
:102E300045E00E9423650F5F1F4F0830110539F7E9
:102E40000E945166D9CF89E09BE7B6CB80E10E9412
:102E500070CF0C94088E8091F011887F8093F011D0
:102E60000C94088E33EAA32E32E0B32E8E010C5D53
:102E70001F4F6801EE24E394F12CD5018D915D0183
:102E80000E946150F60181936F01882391F00E94A6
:102E90001055F701EE0FFF1FEE0FFF1F349721E0D3
:102EA00030E02C0F3D1FE20FF31F6083718382839C
:102EB00093833FEFE31AF30A85E0E816F104E9F69D
:102EC0009FA0FCA0992001F120E030E0A9016D85D0
:102ED0007E858F8598890F94B198811115C0F11066
:102EE00013C08DA1811110C08EA181110DC010924F
:102EF000061210920712109208121092091281E025
:102F00008093B9030C94088E0F94AF0BDE011196D9
:102F10005D0183E2C82E86E0D82E9AEFE92E91E17A
:102F2000F92E3801B3E06B0E711CF80181918F010D
:102F3000882391F0D6012D913D914D915C91F50141
:102F400060817181828193810F94BC97D7016D93C9
:102F50007D938D939C931397B4E0AB0EB11CE4E08A
:102F6000CE0ED11CF4E0EF0EF11C06151705E9F6A4
:102F7000992061F08D859E85AF85B8898093061272
:102F800090930712A0930812B09309120F944D1753
:102F90000C94088E81E08093D00D61E084EC9FE07A
:102FA0000F9430971092610360E08FEF9FE00F94D1
:102FB00030970E942FE40C94088E8D3411F00C94FD
:102FC000BAB310932C0300932B03F801319681912F
:102FD0008032E9F38930D9F380538A3030F01F937F
:102FE0000F9385EF9AE70C94DA8A0E9476509093BB
:102FF000C50D8093C40D893C910511F40C947BA5FB
:103000000CF027C28934910511F40C9457A10CF0EF
:1030100022C18A31910509F469C70CF06DC0843171
:10302000910509F4E2C6E4F58131910509F4D2C6AF
:10303000DCF4029708F436C68091CF119091D0113C
:103040008B51904F9F938F931F928DE48F9386E7C0
:1030500093E69F938F930F94CE950F900F900F90C0
:103060000F900F900F9081C6429731F783E50E9431
:103070006150882311F40C940FA30E94105520E096
:1030800030E04AE754E40F94D9910F943499609357
:103090002702709328028093290290932A0265C622
:1030A0008731910509F4D8C69CF48531910509F45E
:1030B000CFC6469709F6109288131092891382E9B9
:1030C0009DE90E94FE6385EE95E60E9405674DC668
:1030D0008831910509F4C9C6499709F0ADCF8091AF
:1030E000D411811142C60F94AF0B0E94A86C0E94AC
:1030F000775C0F947D2439C68032910511F40C94CD
:103100007FA00CF062C08D31910509F42EC67CF4CD
:103110008B31910509F40CC74C9709F08DCF809144
:103120002B0390912C0304960E94A5E81EC68E31B5
:10313000910509F477C74F9709F07ECF0E94336A53
:1031400000917603109177032091780330917903F1
:103150006B017C01C01AD10AE20AF30AC701B60169
:1031600028EE33E040E050E00F947F97CA01B901A8
:103170002CE330E040E050E00F947F977F936F9313
:10318000C701B60120E63AEE40E050E00F947F9789
:103190003F932F9386EE9AE79F938F938E010F5F55
:1031A0001F4F1F930F930F94239682E99DE90E946E
:1031B000FE63C8010E949968C8010E94E1EE0FB643
:1031C000F894DEBF0FBECDBFD0C58D32910511F48E
:1031D0000C9425A10CF58A32910511F40C94F3A0FE
:1031E0008C9709F029CF80E10E9470CF81EA9DE0A1
:1031F0000F940C973BE0839FC001112470E060E0C6
:10320000805B924F0F944E9782E00E9470CF0F9494
:10321000081F0F94D31EA9C58E32910511F40C948A
:103220002BA18F9709F008CF84E0809364020E945D
:103230003A590E944B630F94F92481E00E94BD82A9
:103240000F9406030E9450638823A9F30E943A5901
:103250000F9460248AC58E36910511F40C94E8A36E
:103260000CF080C08C35910511F40C9460A3D4F55A
:103270008435910509F4FACE7CF48235910511F478
:103280000C9409A38335910509F0D6CE8091F011F5
:1032900088608093F01169C58535910511F40C940F
:1032A00047A38635910509F0C7CE83E50E9461509A
:1032B000882309F45AC50E94105520E030E04AE7FF
:1032C00054E40F94D9910F9434996093230270932E
:1032D0002402809325029093260281E893E10E94C4
:1032E000C16A43C58A36910511F40C94F8A2ACF476
:1032F0008836910511F40C94F7A18936910509F0EF
:103300009BCE82EA9AE70E94FE630E947E660E943C
:10331000775C81E08093EB1128C58B36910511F421
:103320000C9406A38D36910509F086CE8FEA97E5B9
:103330000E9463820E9494E881E080936C030E9463
:103340005F7783E50E946150882311F40C942AA2D0
:103350000E9410550F942D997093F7116093F611F8
:103360000C9430A28637910511F40C94CFA4A4F5E7
:103370008237910511F40C94CCA4ACF480379105FC
:1033800011F40C9406A28137910509F055CE83E51E
:103390000E946150882311F40C94F9A30E94835079
:1033A00080932202E2C48337910511F40C940EA499
:1033B0008537910509F040CEE0912B03F0912C0365
:1033C000CF0104962481203209F401960E94E1EE97
:1033D00087E08093E106C9C48B39910511F40C9400
:1033E0000AA2C4F48737910511F40C9407A58C3810
:1033F000910509F021CE83E50E946150882309F4EC
:10340000B4C40E9410550F942D997093F3116093DA
:10341000F211ABC48E3B910511F40C9464A2883C6C
:10342000910509F009CE84E50E946150882311F4CA
:103430000C944AA50E948350882311F40C944AA549
:1034400082E99DE90E94FE6388E992E60E94D267C4
:103450008CC4863F21E0920711F40C94D8A70CF09D
:103460008DC2803F910509F480C40CF052C1803DAB
:10347000910511F40C947DA60CF073C08D3C910560
:1034800011F40C94E7A59CF58B3C910511F40C9478
:1034900099A58C3C910509F0CFCD83E50E94615040
:1034A000882311F40C94B8A50E94105560938B06E4
:1034B00070938C0680938D0690938E066093FF0523
:1034C00070930006809301069093020684E50E94A3
:1034D0006150882309F449C40E9410556093030683
:1034E0007093040680930506909306063EC48E3CB6
:1034F000910511F40C945EA68F3C910509F09CCDCA
:1035000083E50E946150882351F00E94105560931A
:103510004E0670934F06809350069093510686E4B2
:103520000E946150882361F00E9410550E94995FAB
:1035300060935206709353068093540690935506F9
:103540008AE50E946150882309F40FC40E94105537
:1035500060935606709357068093580690935906C9
:1035600004C48C3D910511F40C94E2A60CF07DC0CE
:10357000813D910511F40C949FA6863D910509F0BB
:103580005BCD80E50E946150882311F40C94CEA697
:103590000E9410552B013C0183E50E946150882355
:1035A00011F40C94D8A60E9410554B015C018EE4D6
:1035B0000E946150D0909706882329F00E941055F0
:1035C0000F943499D62E82E50E946150E0909806BF
:1035D000F0909906882329F00E9410550F94349991
:1035E0007B0186E40E94615000919A0610919B062F
:1035F000882329F00E9410550F9434998B0120E004
:1036000030E0A901C301B2010F94B19818160CF073
:10361000ACC320E030E0A901C501B4010F94B1981A
:1036200087FDA3C3A5019401C301B2010F94B19812
:1036300087FD9BC340928F06509290066092910640
:10364000709292068092930690929406A0929506AC
:10365000B0929606D0929706F0929906E09298065C
:1036600010939B0600939A0680C38D3D910511F43B
:103670000C9421A7823E910509F0DECC80E50E94E2
:103680006150882309F471C30E9476507C0183E560
:103690000E9461500FEF1FEF882319F00E947650AF
:1036A0008C01C8010196039708F05FC3EAECFAE7C2
:1036B00026EE3AE78491082E000C990BE816F906DD
:1036C00009F453C331962E173F07A1F7F7FC4DC3FA
:1036D0000F94AF0BDE2C60E08E2D0E94A9CB0F3F24
:1036E000100711F40C9442A70130110511F010E0FD
:1036F00000E08D2D0F9461868017910709F435C382
:103700000F94F92480E00E94BD8280E00F944C3732
:10371000F0CF8E35A1E09A0711F40C945AB20CF058
:103720000CC18E32E1E09E0711F40C9474A70CF0EA
:1037300082C08C3221E0920711F40C944EA78D3296
:10374000914009F079CC80E50E946150882351F0C6
:103750000E941055609333067093340680933506AB
:103760009093360689E40E946150882381F00E947C
:1037700010552CEA35EC47E25EE30F94D991609343
:103780003706709338068093390690933A0684E49E
:103790000E946150882381F00E9410552CEA35EC7C
:1037A00047E25EE30F94BB9860933B0670933C0640
:1037B00080933D0690933E060F94E5098EE197E6CF
:1037C0000E94FE638BEA99E70E94FE6360913306D4
:1037D00070913406809135069091360642E00E9441
:1037E000236587EA99E70E94FE632CEA35EC47E2FD
:1037F0005EE36091370670913806809139069091AA
:103800003A060F94BB9842E00E94236583EA99E749
:103810000E94FE632CEA35EC47E25EE360913B06D2
:1038200070913C0680913D0690913E060F94D9918F
:103830000F94DD5B9AC28F32A1E09A0711F40C94C9
:1038400084A78033914009F0F7CB80E50E94615056
:10385000882351F00E94105560933F0670934006F4
:10386000809341069093420689E40E946150882328
:1038700081F00E9410552CEA35EC47E25EE30F948C
:10388000D9916093430670934406809345069093C4
:10389000460684E40E946150882381F00E941055FE
:1038A0002CEA35EC47E25EE30F94BB986093470641
:1038B000709348068093490690934A060F94E50951
:1038C0008EE197E60E94FE638FE999E70E94FE630E
:1038D00060913F06709140068091410690914206AA
:1038E00042E00E9423658BE999E70E94FE632CEA7F
:1038F00035EC47E25EE360914306709144068091A7
:103900004506909146060F94BB9842E00E942365BD
:1039100087E999E70E94FE632CEA35EC47E25EE313
:1039200060914706709148068091490690914A0639
:103930000F94D9910F94DD5B18C28339E1E09E07A3
:1039400011F40C94B7A76CF48F3521E0920711F4B1
:103950000C9490B28039914009F06ECB0F94AF0B6C
:1039600004C2843FA1E09A0711F40C94D4A7853FC8
:10397000914009F061CB0E943369F7C1823CE2E0DB
:103980009E0711F40C947DB30CF084C08A3522E0BC
:10399000920711F40C940BAE3CF58832A2E09A0722
:1039A00011F40C9471AAACF4873FE1E09E0711F486
:1039B0000C94DCA78D3F914009F03ECB0E946681BC
:1039C00082E99DE90E94FE6387E899E70E94FE6311
:1039D000CCC1883522E0920711F40C94A6AA89354F
:1039E000924009F47CCB28CB8E3BA2E09A0711F4DD
:1039F0000C9443B30CF03FC08B35E2E09E0711F40A
:103A00000C9413AE8D3B924009F016CB80918F122F
:103A1000882311F40C94DBB21FEF8CE40E946150F8
:103A2000882311F40C94ECB20E9410556B017C01B8
:103A30008AE50E946150882311F40C94F4B20E942C
:103A400010559F770E94B5624B015C0186E10E9490
:103A50005F7780918F1281110C94FFB2153018F4AA
:103A6000812F0E9471F910923F03C501B401905853
:103A70000E94B5627AC1803C22E0920711F40C9456
:103A800077B3813C924009F0D7CA81EC92E00E9462
:103A9000D6546BC18D35A3E09A0711F40C946FAF27
:103AA0000CF0A5C0853CE2E09E0711F40C94A3B392
:103AB0008CF5833C22E0920711F40C9483B3843C90
:103AC000924009F0B9CA80918F1281114EC181E4F0
:103AD0000E94615010E0882361F080912B03909147
:103AE0002C0340E150E070E060E001960F94979263
:103AF000162F88E50E946150882311F40C949FB31F
:103B00000E947650112309F430C1BC01812F0E941C
:103B10003CCB2BC18235A3E09A0711F40C9418AE6C
:103B20008C35934009F088CA83E50E946150882350
:103B300009F41BC10E9476508C018BE899E30E9426
:103B400063820E9494E883E099E70E94FE63C801C3
:103B50000F94D55B0E94336A4B015C011092CF0D2C
:103B60006091F2117091F311072E000C880B990BE4
:103B70000F949A9120E030E0A9010F94B19881113F
:103B800012C06091F6117091F711072E000C880B8E
:103B9000990B0F949A91FF24F39420E030E0A9014F
:103BA0000F94B1988111F12C2801012E000C6608A8
:103BB0007708F1100C942FAF8091CF0D811112C0B6
:103BC000C301B2010F949A912091F4043091F5044D
:103BD0004091F6045091F7040F94459A181614F486
:103BE0000C9441AF8EE197E60E9494E8BEC08B38FA
:103BF000E3E09E0711F40C9432B20CF03FC08E3516
:103C000023E0920711F40C9407B08438934009F034
:103C100013CA8BE40E946150C12CD12CE12C50ECD2
:103C2000F52E882311F40C94B4B10E9410556B0149
:103C30007C0120E030E0A9010F94B19881110C942F
:103C4000B4B11092460410924704109248041092A6
:103C500049040E94096782E99DE90E94FE6386E7A4
:103C600093E70E94FE63609146047091470480913F
:103C70004804909149040F94DD5B77C08C38A3E031
:103C80009A0709F472C0803A934009F0D5C980912F
:103C90002B0390912C0321E02093871305960E941B
:103CA000A5E863C000912B0310912C030E5F1F4FFA
:103CB00080E50E946150C12CD12C7601882321F02F
:103CC0000E9490506B017C0183E50E946150882323
:103CD00051F00E9490509B01AC01A8EEB3E00F940C
:103CE000A1976B017C01C8010F5F1F4FFC01408150
:103CF0004032C9F326E02093E106C114D104E10467
:103D0000F104C9F520812223B1F10E94E1EE0F9464
:103D1000AF0B8091D31184608093D3118CE793E132
:103D20000E94C16AC114D104E104F104D9F10E94D6
:103D3000336AC60ED71EE81EF91E84E08093640223
:103D40000E94336A6C157D058E059F0510F182E097
:103D5000809364028091D3118B7F8093D3118091E3
:103D60008813882391F11092E1061092C50D1092EC
:103D7000C40D0C94EB8A8091D00D811107C084EAA8
:103D800099E30E9463820E9494E8C1CF1092E106F9
:103D9000BECF0E9450638111DACF90E080E00E9494
:103DA0006884CECF1091640284E0809364020E9404
:103DB0004B630E945063811105C090E080E00E9437
:103DC0006884F7CF10936402C5CF85E699E60E9418
:103DD00094E8CBCF89E999E30E9463820E9494E83A
:103DE0001798169815981498C0CF81E080936402B4
:103DF00086E693E60E94056784E50E946150182FCD
:103E00008CE40E94615000E080FB00F910FB01F996
:103E10008EE094E10E94F27083E2EEE0F4E1DE01D4
:103E2000119601900D928A95E1F720E050E040E074
:103E3000BE016F5F7F4F86EE92E00F94BE5ECE01B3
:103E400001960E944A7288E593E60E9405678DCF2D
:103E500081E00F94C56689CF80912B0390912C034C
:103E600061E004960F94546580CF8091D41188232B
:103E700019F00E9488EE79CF80911B16882361F09B
:103E800080919C1690919D16A0919E16B0919F16C0
:103E9000892B8A2B8B2B69F40E9443501092E111DD
:103EA0001092E2111092E3111092E41180E00E944E
:103EB000096780918913882319F081E08093881322
:103EC0000E94336A6093760370937703809378033C
:103ED0009093790380918F12811147CF8091651261
:103EE000882309F442CF0F94BF803FCF809189137C
:103EF000882309F43ACF83E50E946150882309F4AE
:103F000034CF0E9490506B017C01C0929C16D092DD
:103F10009D16E0929E16F0929F160F944B5DC092F4
:103F2000E111D092E211E092E311F092E4111DCF81
:103F300080E50E9461509091D411992391F0809175
:103F4000EC11882349F08091DC11811105C082E8D1
:103F500098E70E94056709CF86E798E70E94056702
:103F600004CF90918813992309F457C0882309F44A
:103F700048C00F94D0610E94516680E792E60E948B
:103F8000FE6360919C1670919D1680919E16909193
:103F90009F164AE00E9491648FE20E94E56360915F
:103FA00095167091961680919716909198164AE002
:103FB0000E9491640E9451660E94336A00917603C8
:103FC000109177032091780330917903601B710B76
:103FD000820B930B20E63AEE40E050E00F947F977F
:103FE000C9016CE370E00F94BD9C8C0190E080E00F
:103FF0000E9407658AE30E94E563C8010F94D55BC0
:10400000B4CE80919F13882329F08FE993E10E9419
:104010009968B3CF8AE893E1FACF86E698E70E94E1
:104020000567A3CE80918913882309F49ECE0F944F
:10403000E65700912B0310912C030C5F1F4F8091CA
:104040008913882309F491CE88E196E10E94417298
:10405000109288131DA30CA3CE0184960F94BE6406
:10406000882309F482CE4CA15DA160913114709136
:10407000321419821C8222E0CE0101960E94D7756B
:1040800081111AC010E0CE0101960E944A721123DC
:1040900041F188E598E70E94FE638CA19DA10E94F2
:1040A000996810929C1610929D1610929E1610926E
:1040B0009F160F949A6259CECE0101960F942C5EF2
:1040C000882301F361E0CE0101960E94F27100970E
:1040D000C9F225EEDC012C931C820E943E5E182F53
:1040E000D2CF80E498E70E94FE638CA19DA10E943C
:1040F000D2678EE20E94E5630E94516636CE8091BF
:10410000881381110F94AF0B00912B0310912C0396
:104110000C5F1F4F61E270E0C8010F945E9D009735
:1041200019F08C010F5F1F4F80E50E946150F82E3F
:1041300080912B0390912C030817190708F4F12C98
:1041400080918913882309F410CE61E06F25C8019E
:104150000F94546583E50E946150882399F0809103
:104160002B0390912C038017910760F40E949050CC
:1041700060939C1670939D1680939E1690939F1645
:104180000F944B5D80918913882319F081E080930F
:104190008813F110EACD80911B16882361F080917D
:1041A0009C1690919D16A0919E16B0919F16892BFA
:1041B0008A2B8B2B69F40E9443501092E1111092CC
:1041C000E2111092E3111092E41180E00E9409675D
:1041D0000E94336A60937603709377038093780329
:1041E00090937903C2CD83E50E946150882309F43E
:1041F000BCCD0E948350082F80E50E9461501DE0D5
:10420000882319F00E948350182FEAECFAE7849172
:10421000811709F4AACD31962AE7E63EF207B9F7ED
:10422000163081F40093EE1161E0812F0E94A9CB3A
:10423000602F812F0E947BCB602F70E0812F0E9426
:10424000DACB93CD17FD91CDEFCF8AE50E94615077
:104250000E94D2CF8ACD8091F915882319F1CE0121
:1042600001960E94E1CA8823C1F089810E94E5631A
:104270008EE20E94E5638A810E94E5638EE20E94DD
:10428000E5638B810E94E5638EE20E94E5638C8189
:104290000E94E5630E94516668CD8AEA9AE70E940F
:1042A000FE6363CD86EA9AE70E9405675ECD80E5EE
:1042B0000E946150882321F00E94835080935D0208
:1042C00082E50E946150882341F00E9410550F94AE
:1042D0003499709361026093600281E50E9461509D
:1042E000882321F00E94835080932F0283E50E944F
:1042F0006150882341F00E9410550F9434997093B7
:104300002E0260932D0283E40E9461508823A9F05D
:104310000E9410556B017C0120E030E0A9010F9450
:10432000B1986FEF7FEF181624F4C701B6010F9410
:10433000349970935F0260935E0284E40E9461503E
:104340008823A9F00E9410556B017C0120E030E029
:10435000A9010F94B1986FEF7FEF181624F4C701ED
:10436000B6010F94349970932C0260932B028091C4
:104370005F028F9380915E028F93809161028F9391
:10438000809160028F9380915D02282F082E000C8F
:10439000330B3F938F938EEF92E69F938F9305E0BD
:1043A00013E61F930F930F94CE9580912C028F9359
:1043B00080912B028F9380912E028F9380912D02FA
:1043C0008F9380912F02282F082E000C330B3F93E0
:1043D0008F9387EF92E69F938F931F930F930F9482
:1043E000CE950FB6F894DEBF0FBECDBFBECC83E531
:1043F0000E946150882309F4B8CC0E9410550F9494
:104400002D997093F7116093F611AFCC89E894E67B
:104410000E94AB6783E50E946150882351F00E949F
:10442000835080937313882371F084E793E10E9493
:10443000C16A83E40E946150882341F00E94835046
:104440008093721392CC10927413F3CF81E0809317
:1044500072138BCC82E50E94615081110C94A89953
:104460000E94336A6B017C016091F6117091F71123
:10447000072E000C880B990B0F949A9111E0209154
:10448000CA0D3091CB0D4091CC0D5091CD0D0F94B4
:10449000459A18160CF010E01093C90D1092CF0D2C
:1044A000C701B6010F94EE678FE997E50E9463821A
:1044B0000E9494E882E080936C030E945F778CE70F
:1044C00093E10E94C16A51CC81E997E50E94638221
:1044D0000E9494E883E080936C0381E00E945F7700
:1044E00083E50E946150182F882349F00E941055DF
:1044F0000F942D997093F3116093F21105C082E52A
:104500000E9461508111F2CF0E94336A6B017C01DD
:104510001092CF0D6091F2117091F311072E000CE3
:10452000880B990B0F949A9101E0209162033091CE
:10453000630340916403509165030F94459A1816E4
:104540000CF000E00093C90D8091CF0D81111AC0CD
:104550006091F2117091F311072E000C880B990BEA
:104560000F949A9120916203309163034091640308
:1045700050916503E091C90DEE2391F00F94459A97
:104580001816A4F086E897E50E9463820E9494E8DA
:1045900084E080936C038CE793E10E94C16AE5CBD1
:1045A0000F94B19887FFEECF1111ECCF8091CE0D13
:1045B000823041F30E94336A6C197D098E099F098C
:1045C000693E73408105910550F08091D00D8111B5
:1045D00002C00E9454660E94336A6B017C010F94F2
:1045E000F92480E00E94BD8280E00F944C37ACCF6C
:1045F00083E50E946150882329F00E9483508093B4
:10460000EE11B3CB8FEF8093EE11AFCB1092EE1182
:10461000ACCB8091F011877F8093F011A6CB88E519
:104620000E9461508823D1F00F94AF0B88E50E945F
:104630006150811128C089E50E946150882319F0DA
:10464000169A1092BD068AE50E94615085E40E9488
:104650006150882309F489CB149A87CB89E50E949D
:1046600061508111E1CF8AE50E9461508111DCCF58
:1046700085E40E9461508111D7CF0F94AF0B149A3B
:104680000E945A6772CB179A1092BC06D4CF83E56A
:104690000E946150882309F468CB0E94105520E0E5
:1046A00030E04AE754E40F94D9910F943499609321
:1046B000FE027093FF02809300039093010355CB99
:1046C00013EA812E12E0912E0BECA02E05E0B02E05
:1046D00010E0F40181914F010E946150882309F498
:1046E00065C00E9410556B017C01133009F068C051
:1046F00020E030E040EA51E40F94B19887FF4EC0CB
:10470000A70196016091DB057091DC058091DD05C4
:104710009091DE050F94BB982B013C01AC019B01ED
:1047200060911F06709120068091210690912206CB
:104730000F94D99160931F067093200680932106F1
:1047400090932206A30192016091EB057091EC0514
:104750008091ED059091EE050F94D9916093EB0552
:104760007093EC058093ED059093EE0560915604EF
:104770007091570480915804909159040F94989126
:10478000A30192010F94D9910F9434996093560428
:10479000709357048093580490935904C092DB059A
:1047A000D092DC05E092DD05F092DE05B4E0AB0EC0
:1047B000B11C1F5F143009F08CCF0F94E716D5CAD7
:1047C000D5011496CD92DD92ED92FC921797EECF23
:1047D0008EE40E946150882309F4C7CA0E94905059
:1047E0006093D8117093D9118093DA119093DB11F3
:1047F000BCCA82E99DE90E94FE63C0902202D12CCE
:10480000F12CE12C8BE99AE70E94FE634AE0C70194
:10481000B6010E9491640E945166A7CA86E50E9473
:104820006150882329F083E19CE70E9405679DCAB7
:1048300085E50E946150882309F458C000912B033C
:1048400010912C030F5F1F4F10932C0300932B0329
:1048500080918903882309F488CABE016F5F7F4F66
:10486000C8010F948A86882309F47FCA82ED95E8EF
:10487000DE011196BE01675F7F4FFC0145915491A7
:104880002D913D914217530710F40C94D3B4241783
:10489000350708F46ACA02966A177B0771F765CA7A
:1048A00085E399E30E946382AC0163E080E00E94AB
:1048B000195968EE73E082E390E00F94E85B84EFAF
:1048C00091E00E94688468EE73E082E390E00F94C8
:1048D000E85B8EE190E00F94AA2581E00F942F4CC5
:1048E0000E943A5980E00F944C373FCA8DE79AE70F
:1048F0000E94FE6383E19CE70E94FE6383E29AE7E5
:104900000E94FE638FE19AE70E94FE6380E19AE7CE
:104910000E94FE6381E09AE70E94FE638FEE99E7B2
:104920000E94FE6388EE99E70E94FE6383EC99E79C
:104930000E9405671F92B1E3FB2EFF928FE298E77A
:104940009F938F9308EF17E71F930F930F94CE95C4
:104950001F92FF928BE198E79F938F931F930F9382
:104960000F94CE951F92FF928EE098E79F938F93BE
:104970001F930F930F94CE951F92FF9283E098E7B9
:104980009F938F931F930F930F94CE950FB6F89428
:10499000DEBF0FBECDBFE9C90E94D665E6C9009152
:1049A0002B0310912C030B5F1F4F83E0F12C40E091
:1049B0008150E9F0D8019C91292F2B7F2134B9F443
:1049C00011962C91213399F4913471F0953409F4B6
:1049D00041E098012E5F3F4F89012F5F3F4FF80163
:1049E00090819032C9F3E4CFFF24F394F2CF4423B3
:1049F00021F082E99DE90E94FE63FF2021F080EC16
:104A000099E70E94FE63C8010E949968AEC98EEDC5
:104A100092E60E94FE630E94516686ED92E60E9435
:104A2000FE631E992BC081ED92E60E94FE630E94F8
:104A300051668FEB92E60E94FE631D9922C081EDC4
:104A400092E60E94FE630E94516687EB92E60E9406
:104A5000FE631C9919C081ED92E60E94FE630E94DC
:104A600051668FEA92E60E94FE63019B10C081EDC1
:104A700092E60E94FE630E94516677C987EC92E637
:104A8000D4CF87EC92E6DDCF87EC92E6E6CF87ECD9
:104A900092E6EFCF84E40E946150882309F465C94F
:104AA0000E94105520E030E0A9010F94B1988111C7
:104AB00005C0109262060E94D45E57C90E9410552C
:104AC0006B017C0120E030E0A9010F94B1988111C5
:104AD00006C0C12CD12CA0EEEA2EAFE3FA2EC09274
:104AE0006306D0926406E0926506F092660681E065
:104AF00080936206E0CF03EA12E0FBECEF2EF5E0D4
:104B0000FF2ED8018D918D010E946150882349F0BC
:104B10000E9410550F943499F70164A375A386A3DE
:104B200097A3F4E0EF0EF11C22E0073A120749F7D1
:104B300044CE03EA12E07BECE72E75E0F72EE7EABD
:104B4000CE2EE2E0DE2ED8018D918D010E946150C3
:104B5000882339F00E941055F701648B758B868B82
:104B6000978BF4E0EF0EF11CC016D10661F7FDC87B
:104B700080E50E946150882351F00E941055609397
:104B8000FF0570930006809301069093020682E56C
:104B90000E946150882351F00E94105560930306D3
:104BA00070930406809305069093060684E50E94A0
:104BB0006150882309F4D9C80E94105560938B0670
:104BC00070938C0680938D0690938E06CEC883E5F5
:104BD0000E946150882351F00E941055609307068F
:104BE000709308068093090690930A0684E50E9454
:104BF0006150882351F00E94105560930B0670930A
:104C00000C0680930D0690930E0682E40E9461507C
:104C1000882361F00E9410550F94349960930F0619
:104C200070931006809311069093120688E50E94F7
:104C30006150882391F00E9410556093170670937D
:104C400018068093190690931A06609313067093C2
:104C50001406809315069093160689E50E9461500C
:104C6000882351F00E941055609317067093180620
:104C70008093190690931A068AE50E946150882352
:104C800051F00E94105560931B0670931C06809390
:104C90001D0690931E0685E40E946150882309F446
:104CA00064C80E9410550E940C6460931F067093A4
:104CB0002006809321069093220657C803EA12E04B
:104CC00053E2E52E56E0F52E66EAC62E62E0D62EB9
:104CD000D8018D918D010E946150882339F00E9486
:104CE0001055F7016083718382839383F4E0EF0EA4
:104CF000F11CC016D10661F738C883E50E946150E7
:104D0000882351F00E94105560935A0670935B06F9
:104D100080935C0690935D0686E40E946150882330
:104D200009F423C80E9410550E94995F60935E06A3
:104D300070935F06809360069093610616C883E5C2
:104D40000E946150882311F40C94B59E0E948350F8
:104D50008823C1F08130E1F082E99DE90E94FE6381
:104D600085E892E60E94FE638091CF119091D01168
:104D70008B51904F0E94D2678BEB99E70E94056799
:104D80000C94B59E10924D061092F2030C94B59EB1
:104D900080934D061092F2030C94B59E40908F06BE
:104DA0005090900660909106709092060C94CC9A68
:104DB0008090930690909406A0909506B0909606E9
:104DC0000C94D79A82E40E946150182F882341F0F6
:104DD0008091790290917A0290932102809320022F
:104DE00083E50E946150082F882339F00E94765095
:104DF00090937A0280937902102F82E50E9461508D
:104E0000882351F0809120029091210290937A02A0
:104E1000809379020C94B59E11110C94B59E8091EB
:104E20007A028F93809179028F9385EB99E79F9314
:104E30008F930F94CE950F900F900F900F900C942E
:104E4000B59E83E50E946150882351F00E94765000
:104E500090935102809350020E94D45E0C94B59EB0
:104E6000809151028F93809150028F938FEA99E73E
:104E70009F938F930F94CE950F900F900F900F905C
:104E80000C94B59E8E2D0F94618631E020E0892B25
:104E900009F030E0032F122F0C94799B80E50E94DB
:104EA000615008EE13E0882329F00E9410550F94FA
:104EB00034998B0183E50E946150882371F00E9430
:104EC00010550F9434996115710549F4B80190E0BB
:104ED00080E00E94006A0C94B59E70E060E0C8011A
:104EE0000F94E85B0C94B59E83E50E946150882383
:104EF00041F00E94765090934D0280934C020C94A6
:104F0000B59E90E080E0F7CF85E40E94615010E00C
:104F100000E0882359F00E9476508C01C12CD12CDE
:104F20003CE8E32E32E4F32E97FD06C0C12CD12CD1
:104F300046E1E42E43E4F42E83E50E946150882389
:104F400021F00E9410556B017C0183E40E946150A6
:104F5000882351F00E9476509C01A801C701B60138
:104F60000F94A8370C94B59E85E090E0F5CF809122
:104F70008F1281110C94B59E85E40E9461508111BD
:104F80000E94835086E40E94615081110E948350E8
:104F90000F94B369882311F40C94B59E60E080E00F
:104FA0000F94FD7F0C94B59E0E94AE690C94B59E43
:104FB0000E941D690C94B59E80912E068F9380915E
:104FC0002D068F9380912C068F9380912B068F93C3
:104FD00080912A068F93809129068F9380912806CD
:104FE0008F93809127068F93809126068F938091CF
:104FF00025068F93809124068F93809123068F93AB
:1050000002E91DE91F930F931F930F9380912206CE
:105010008F93809121068F93809120068F938091AA
:105020001F068F9380911E068F9380911D068F938C
:1050300080911C068F9380911B068F9380911A0696
:105040008F93809119068F93809118068F9380918A
:1050500017068F93809116068F93809115068F9374
:10506000809114068F93809113068F93809112067E
:105070008F93809111068F93809110068F9380916A
:105080000F068F9380910E068F9380910D068F935C
:1050900080910C068F9380910B068F9380910A0666
:1050A0008F93809109068F93809108068F9380914A
:1050B00007068F931F930F931F930F9380918E0674
:1050C0008F9380918D068F9380918C068F93809122
:1050D0008B068F93809106068F93809105068F93A0
:1050E000809104068F93809103068F93809102062E
:1050F0008F93809101068F93809100068F9380910A
:10510000FF058F931F930F931F930F938091FE05BD
:105110008F938091FD058F938091FC058F938091F3
:10512000FB058F938091FA058F938091F9058F93FA
:105130008091F8058F938091F7058F938091F60504
:105140008F938091F5058F938091F4058F938091D3
:10515000F3058F938091F2058F938091F1058F93E2
:105160008091F0058F938091EF058F931F930F939C
:105170001F930F938091EE058F938091ED058F9390
:105180008091EC058F938091EB058F938091EA05D8
:105190008F938091E9058F938091E8058F9380919B
:1051A000E7058F938091E6058F938091E5058F93B6
:1051B0008091E4058F938091E3058F938091E205C0
:1051C0008F938091E1058F938091E0058F9380917B
:1051D000DF058F931F930F931F930F938091DE052D
:1051E0008F938091DD058F938091DC058F93809163
:1051F000DB058F938091DA058F938091D9058F938A
:105200008091D8058F938091D7058F938091D60593
:105210008F938091D5058F938091D4058F93809142
:10522000D3058F938091D2058F938091D1058F9371
:105230008091D0058F938091CF058F931F930F930B
:105240001F930F938DEE95E79F938F930F94CE95B9
:105250000FB6F894DEBF0FBECDBF2CEA35EC47E2A7
:105260005EE360913B0670913C0680913D06909113
:105270003E060F94D9919F938F937F936F932CEA5F
:1052800035EC47E25EE36091370670913806809115
:10529000390690913A060F94BB989F938F937F9312
:1052A0006F93809136068F93809135068F9380910E
:1052B00034068F93809133068F931F930F931F9320
:1052C0000F9380EC95E79F938F930F94CE952CEAE4
:1052D00035EC47E25EE360914706709148068091A5
:1052E000490690914A060F94D9919F938F937F938B
:1052F0006F932CEA35EC47E25EE3609143067091D0
:10530000440680914506909146060F94BB989F9362
:105310008F937F936F93809142068F938091410684
:105320008F93809140068F9380913F068F931F93B8
:105330000F931F930F938BE895E79F938F930F9491
:10534000CE950FB6F894DEBF0FBECDBF80914D064F
:105350001F928F931F930F931F930F9320E030E0C2
:1053600040E752E460915E0670915F0680916006AE
:10537000909161060F94D9919F938F937F936F9330
:1053800080915D068F9380915C068F9380915B0680
:105390008F9380915A068F931F930F931F930F93B0
:1053A000809159068F93809158068F93809157066C
:1053B0008F93809156068F9320E030E040E752E4CF
:1053C0006091520670915306809154069091550653
:1053D0000F94D9919F938F937F936F9380915106F0
:1053E0008F93809150068F9380914F068F93809179
:1053F0004E068F931F930F931F930F938AE894E7A2
:105400009F938F930F94CE950FB6F894DEBF0FBE87
:10541000CDBF80916206882309F456C0809166064C
:105420008F93809165068F93809164068F9380910E
:1054300063068F931F930F931F930F9384E694E754
:105440009F938F930F94CE950FB6F894DEBF0FBE47
:10545000CDBF80919B068F9380919A068F93809108
:1054600099068F93809198068F93809197061F924B
:105470008F93809196068F93809195068F9380915C
:1054800094068F93809193068F93809192068F93C9
:10549000809191068F93809190068F9380918F06D3
:1054A0008F9382E99DE99F938F939F938F9383ECD2
:1054B00093E79F938F930F94CE950FB6F894DEBF2A
:1054C0000FBECDBF0C94B59E1F930F9385E494E758
:1054D0009F938F930F94CE950F900F900F900F90F6
:1054E000B8CF80E50E946150882311F40C94B59EDA
:1054F0001092F0041092F1041092F2041092F3044E
:1055000000EF14E094EFE92E94E0F92E2AE2D22E77
:10551000E0912B03F0912C03D0820E947650D801A9
:105520008D938D01EA16FB0611F40C94B59E8EE264
:105530000E9461508111ECCF1092F0041092F1049E
:105540001092F2041092F3040C94B59E0F94AF0BDA
:105550008091EC11811102C00E94915E85E40E944D
:105560006150882309F416C10E9410554B015C015B
:105570008CE40E946150882309F412C10E941055E6
:1055800068A779A78AA79BA78AE50E946150412C4A
:10559000512C08ED602E01E4702E882331F00E941A
:1055A00010552B013C01E89477F888E50E94615082
:1055B000C12CD12C13E5E12E13E4F12E882321F028
:1055C0000E9410556B017C0189E50E94615088237F
:1055D00009F4EBC00E9410556CA77DA78EA79FA76A
:1055E00080918F1210E0811105C082E899E70E9436
:1055F0007D5E182F0F94AF0B86E10E945F7720909D
:10560000790230907A02E091F611F091F711F9AB3E
:10561000E8ABBF01FF0F880B990B0F949A9168AF0D
:1056200079AF8AAF9BAFF091EE11FCAB80E1EAEF6E
:10563000F1E1DE01119601900D928A95E1F7109249
:10564000EE11A501940160910612709107128091EC
:105650000812909109120F94BC97609306127093F0
:105660000712809308129093091260E070E088ECB2
:1056700093E40F948A490F94AF0BC301B2010E94C7
:10568000B562C092FA11D092FB11E092FC11F09237
:10569000FD118CA59DA5AEA5BFA58093FE1190938D
:1056A000FF11A0930012B093011260E070E088E453
:1056B00092E40F948A490F94AF0B80918F1281115D
:1056C00079C00F94E25B082F0E9412850F94AF0BF4
:1056D00080918F12882309F4D6C184E080936402FC
:1056E00083E199E30E94638240E060E00F94E84C1C
:1056F000813079F50E943A598BE899E30E946382E0
:10570000AC0162E080E00E94195920E030E048ECF2
:1057100052E46091FA117091FB118091FC1190910B
:10572000FD110F94BB976093FA117093FB11809356
:10573000FC119093FD1160E070E088E492E40F9416
:105740008A490F94AF0B81EE98E30E9463820F9415
:10575000C44D0E943A598EE698E30E946382AC01E0
:1057600061E080E00E94195989E598E30E94638214
:10577000AC0162E080E00E94195984E080936402E9
:105780000E9450638111E4C00F94F92481E00E94CB
:10579000BD82F6CF812C912CA12C80ECB82EE8CEC6
:1057A00018A619A61AA61BA6EFCE1CA61DA61EA6F5
:1057B0001FA616CF84E0809364020E94336A6B01B7
:1057C0007C018EE298E30E9463820F94554CA1EB1A
:1057D0006A2EA3E77A2EB9EB4B2EB3E75B2E0E941D
:1057E0005063082F81112FC04601570190EC890E9C
:1057F00097E2991E99E0A91EB11C0F94F92481E04B
:105800000E94BD82023009F462C00F94871684E0C2
:1058100090E0013021F10E9468840E94336A86166C
:105820009706A806B906D8F68DEF97E30E94638223
:105830000F94554C1092F7111092F6110F94AF0B74
:10584000149A01E0DACF10921C1210925A0468A543
:1058500079A58AA59BA50E9442EF00E037CF0E9460
:1058600068840E945063882341F2A8A9B9A9B09323
:10587000F711A093F61180EE9AE30E9463820F94D1
:10588000554C42E064E080E00E9425598091F71178
:105890008F938091F6118F936091CA0D7091CB0D0B
:1058A0008091CC0D9091CD0D0F942D997F936F9396
:1058B0007F926F920E94BD5881E00E94D3580F9052
:1058C0000F900F900F900F900F9002E096CF609185
:1058D000F6117091F711072E000C880B990B0F949D
:1058E0009A912091CA0D3091CB0D4091CC0D5091E1
:1058F000CD0D0F94BB979F7720E030E040EA50E455
:105900000F94B19887FF0BC08EE298E30E946382E8
:105910000F94554C0E94336A6B017C0160CF64E0A8
:1059200081E00E9407596091CA0D7091CB0D809162
:10593000CC0D9091CD0D0F942D997F936F935F9225
:105940004F920E94BD580F900F900F900F9055CF1F
:1059500082E0809364020E94878268EE73E082E3B3
:1059600090E00F94E85B80E00F942F4CF4E0FF2E62
:10597000112309F4E7C081E00F942F4CBCA9B09328
:10598000EE1111111CC020E030E040EA50E46091BB
:1059900006127091071280910812909109120F94CB
:1059A000BC9760930612709307128093081290932D
:1059B000091260E070E080E090E40F948A49E09082
:1059C0000212F090031200910412109105122D8121
:1059D0003E814F81588569817A818B819C811F929C
:1059E0001F921F921F92812C912CA8E4AA2EA2E450
:1059F000BA2EB6E0CB2EB2E1DB2E0F944B3B0F94C8
:105A0000AF0BE984FA840B851C852D813E814F8183
:105A1000588569817A818B819C811F921F921F9288
:105A20001F92812C912CE0E7AE2EE1E4BE2E0F9464
:105A30004B3B0F94AF0BCE010D960F941A1780E1DC
:105A4000FE013196AAEFB1E101900D928A95E1F73E
:105A50000E949E602092790230927A023F922F92A9
:105A600087E692E69F938F930E94746885E699E695
:105A70000E9494E81092E1060FB6F894DEBF0FBEC4
:105A8000CDBF0C94B59E111103C0802F0E948B8452
:105A900048AD59AD6AAD7BAD812F0E94C38466CFFE
:105AA0000F5F043008F090C04DEB53E761E080E0F9
:105AB0000E9419594EE3602F80E00E9425591092F0
:105AC000F5031092F40364E670E080E090E00E9439
:105AD000006A0E945063882309F464C00E943A5906
:105AE0000F94602482E0809364020230C1F003309E
:105AF00009F472C00E943A598FEC98E30E946382C5
:105B0000AC0162E080E00E9419590130D9F433CF32
:105B10000111CACF87E00F94241601E0C5CF809110
:105B20008F12811156C00F94E25B082F0E941285DC
:105B3000802F0E948B8448AD59AD6AAD7BAD80E06B
:105B40000E94C384F09264020E943A598AEA98E360
:105B50000E946382AC0160E080E00E9419598CEAE7
:105B600094E40E946382AC0161E081E00E941959D3
:105B700084E998E30E946382AC0162E081E00E94C4
:105B8000195980E898E30E946382AC0163E081E0E8
:105B90000E9419594EE361E080E00E9425590E945D
:105BA0004B6301E00F94F92481E00E94BD82809153
:105BB000F4039091F503009709F48BCF97FF70CF12
:105BC0000150043008F4A4CF87E00F94241603E0BA
:105BD0006BCF0E948782B6CF0F94AF0B0E94BA5E44
:105BE0000E943A598FEB98E30E946382AC0160E017
:105BF00080E00E9419598BE899E30E946382AC010E
:105C000062E080E00E94195987E99DE10F942D031D
:105C10000F94AF0B97CF8091D411882311F40C947B
:105C2000B59E0C94399F80E00E94F2EE0C94B59ED4
:105C3000188683E50E946150882311F40C94B59E68
:105C40000E948350182F883088F083E699E70E94DD
:105C5000FE634AE067E070E080E090E00E949164BB
:105C600086EE92E00E9499680C94B59E8AE50E94A7
:105C70006150C82E8823E1F00E9410554B015C0151
:105C80002091D7053091D8054091D9055091DA057A
:105C90000F94D9910F942D997B016156704F603A02
:105CA0007F4008F18DE499E70E9405670C94B59E4A
:105CB0002BE0129FC0011124805B924F0F941A9722
:105CC0007C01BC01990F880B990B0F949A9120913C
:105CD000D7053091D8054091D9055091DA050F9438
:105CE000BB984B015C018CE40E946150682E8823B4
:105CF00009F496C0E0912B03F0912C033196BF017B
:105D000081918032E1F3882331F047E050E0CE0109
:105D100001960F94879D82E40E946150582E88233B
:105D200009F48BC00E948350082F80E50E946150C7
:105D3000782E882309F48AC00E948350D82E86E4E6
:105D400099E70E94FE63612F70E090E080E00E947E
:105D50000765812F0E94C75B811104C085E399E725
:105D60000E940567CC2049F0EBE01E9FC001112482
:105D7000B701805B924F0F944E97662061F0FBE075
:105D80001F9FB0011124675B724F47E050E0CE01C6
:105D900001960F942097552049F02BE0129FC001E7
:105DA0001124602F8E5A924F0F943097772049F02C
:105DB0003BE0139FC00111246D2D8D5A924F0F941B
:105DC000309782E399E70E94FE6344E0C501B40185
:105DD0000E9423658FE299E70E94FE63B701FF0CE2
:105DE000880B990B0E9407658CE299E70E94FE637D
:105DF000CE0101960E94D26789E299E70E94FE6374
:105E0000602F70E090E080E00E94076586E299E7ED
:105E10000E94FE638D2D90E00F94D55B0C94B59E8F
:105E20003BE0139FB0011124675B724F47E050E0E5
:105E3000CE0101960F94FC966ECFABE01A9FC00185
:105E400011248E5A924F0F940C976ECFBBE01B9F7C
:105E5000C00111248D5A924F0F940C976FCFC3013C
:105E6000B2010F949A912091F4043091F50440917D
:105E7000F6045091F7040F94B19887FD02C00C947A
:105E8000F29D0E94336A681979098A099B09693E63
:105E9000734081059105C8F080E099E70E94FE6398
:105EA0006091F4047091F5048091F6049091F704E8
:105EB00041E00E9423658FE20E94E563C8010F94D0
:105EC000D55B0E94336A4B015C010F94F92480E09A
:105ED0000E94BD8280E00F944C370C94D99D8FE3D3
:105EE0000E9461508823C9F08DEE98E70E94FE63FE
:105EF00086EA9FE00F940C9721E030E0811102C008
:105F000030E020E0C9010F94D55B86ED98E70E9450
:105F100005670F945E850C94B59E81E20E946150E6
:105F2000882349F161E086EA9FE00F94549768E086
:105F300070E080EB9FE00F944E9768E170E082EB99
:105F40009FE00F944E9760E370E084EB9FE00F9426
:105F50004E9760E570E086EB9FE00F944E9768E700
:105F600070E088EB9FE00F944E9785EC98E70E94D5
:105F700005670C94B59E8AE50E9461508823C1F0A4
:105F800061E086EA9FE00F94549700EB1FE070E019
:105F900060E0C8010F944E970E5F1F4F0A3BBFE0B1
:105FA0001B07A9F78BEB98E70E9405670C94B59E39
:105FB00083E50E946150882321F10E9476508C0174
:105FC00089E40E946150882311F40C94B59E0E94CC
:105FD0008350853010F00C94B59E90E08852984F15
:105FE000B801880F991F0F944E978EE197E60E9493
:105FF000056786ED98E70E9405670F945E850C940F
:10600000B59E8AEA98E70E9405670C94B59E0E94A7
:10601000105520E030E040E251E40F94D9910F9404
:1060200034996C5A633009F4A2C098F5613009F4D0
:1060300059C0623011F00C94B59E80918F12EDEA38
:10604000F3E7882311F0EFEAF3E70591149180E577
:106050000E946150882309F479C00E949050F0900A
:106060008A03FF2011F40C94B59E6017710711F498
:106070000C94B59E8DE997E30E9463828C0185E6BE
:1060800097E30E9463824F2DB8010F94EA860C9427
:10609000B59E643009F4D5C0653011F00C94B59EFE
:1060A00080E50E946150882309F451C10E949050FC
:1060B00010918803112311F40C94B59E6230710580
:1060C00010F40C94B59E89E896E30E9463827C01EB
:1060D00088E596E30E946382412FB7010F94EA8618
:1060E0000C94B59E80E50E9461508823A9F00E941F
:1060F000105520E030E04AE754E40F94D99120E0B5
:1061000030E040E05FE30F94BC970F943499CB01EB
:106110000F94FB860C94B59E81E50E946150882304
:1061200011F40C94B59E85EA9DE00F941A97BC017A
:1061300090E080E00F94989120E030E04AE754E44A
:106140000F94BB980F94DD5B0C94B59E81E50E9483
:106150006150882311F40C94B59EB80190E080E062
:106160004AE00E9491640E9451660C94B59E809111
:106170008F12E3EAAE2EE3E7BE2E882321F07DE9FD
:10618000A72E73E7B72E80E50E946150882309F49B
:106190004CC062E270E080912B0390912C030F942D
:1061A0005E9D009789F18C010F5F1F4F62E270E0E6
:1061B000C8010F945E9D009739F16C01C01AD10A95
:1061C0000115110509F1C5010F94CA947C018C15C4
:1061D0009D0508F47601E5E0EE16F10460F043E079
:1061E00050E069E973E7C8010F94EB94892B19F427
:1061F00066E0E62EF12CA701B501C8010F94EB94DF
:10620000892B11F40C94B59EF0908A038DE997E3E5
:106210000E9463828C0185E697E30E9463824F2D82
:10622000B8010F94EA860C94B59E81E50E946150F6
:10623000882311F40C94B59EC5010E9405670C9447
:10624000B59E80E50E946150882309F477C0809153
:106250002B0390912C03019690932C0380932B0396
:1062600020918903222311F40C94B59EBE016F5F27
:106270007F4F0F948A868AE090E00F941A972981C5
:106280003A8112E08217930728F011E028173907A6
:1062900008F410E01295110F110F107C8CE090E0C3
:1062A0000F941A97AC012B813C8182E0421753076F
:1062B00028F081E02417350708F480E0F0E18F9F93
:1062C000C0011124180F8EE090E00F941A97AC01D2
:1062D0002D813E8182E04217530728F081E0241788
:1062E000350708F480E024E0829FC0011124180FD4
:1062F00080E190E00F941A97AC012F81388592E0ED
:106300004217530728F091E02417350708F490E06E
:10631000190F163510F40C94B59EF090890382E1A4
:1063200097E30E9463828C0182EE96E30E9463826F
:106330004F2DB8010F94EA860C94B59E81E50E941A
:106340006150882311F40C94B59E0C9413A481E53C
:106350000E946150882311F40C94B59E81E090E076
:106360000F94D55B0C94B59E8091350381111CC0B0
:1063700020E030E0A901C701B6010F94B19887FF72
:1063800006C081E893E70E9405670C942B9E20E0ED
:1063900030E040E251E4C701B6010F94B19887FFA5
:1063A0002DC081E00E9409678091350320E030E034
:1063B000A901813029F5C701B6010F94459A87FDDF
:1063C000E0CF20E030E040E251E4C701B6010F9495
:1063D000B19887FFD6CF20E030E0A901C701B60110
:1063E0000F94B19887FDCDCFC0924604D092470458
:1063F000E0924804F09249040C942B9E82E0D2CFA4
:10640000C701B6010F94459A87FDBBCF2FE632E155
:1064100043E05BE3C701B6010F94D9912AE037ED61
:1064200043E25CE30F94BB976B017C0120E030E01A
:10643000A9010F94B19887FD11C020E030E040E23F
:1064400051E4C701B6010F94459A181624F6C12CE1
:10645000D12C40E2E42E41E4F42EC6CFC12CD12C45
:106460007601C2CF88E50E946150882339F00E94EE
:1064700010550F942D9980E00F94120B8AE50E941D
:106480006150882339F00E9410550F942D9981E0B6
:106490000F94120B85E40E946150882311F40C9430
:1064A000B59E0E9410550F942D99CB010F94120A9E
:1064B0000C94B59E83E50E946150882359F010E04A
:1064C0000E9410550F943499812F0F94FB0A1F5F7F
:1064D0001530B1F733EAE32E32E0F32E10E0D701A6
:1064E0008D917D010E946150882339F00E941055E2
:1064F0000F943499812F0F94FB0A1F5F143079F7A2
:1065000082E40E946150882339F00E9410550F9454
:10651000349984E00F94FB0A0F94210A0C94B59EE1
:1065200083E50E946150882351F00E9410550F941A
:106530002D996130710539F06230710519F10F94B0
:10654000210A0C94B59E23EAE22E22E0F22E10E0FE
:10655000F70181917F010E946150882341F00E94E0
:1065600010550F942D994FEF812F0F947C0A1F5FC8
:10657000143071F782E40E946150882301F30E9475
:106580001055DDCF93EAE92E92E0F92E10E0D70105
:106590008D917D010E946150882349F00E94105521
:1065A0000F942D99462F6FEF812F0F947C0A1F5F58
:1065B000143069F7DFCF80E50E946150882329F00D
:1065C0000E948350182F0C940D9D84E50E94615009
:1065D0008111F6CF0C940C9DC12CD12C8CE8E82EA7
:1065E00082E4F82E0C94189D60E070E088E492E458
:1065F0000E94176360E070E0CB010C94229D82E062
:106600008093E10687E990E60E9463820E9494E805
:10661000A7019601609106127091071280910812ED
:10662000909109120F94BC97609306127093071211
:10663000809308129093091260E070E080EA91E480
:106640000F948A490E94BA5E0F94AF0B64EF71E019
:1066500082E390E00F94E85B8091D00D811105C03A
:1066600080913F0381110F94B44D81E00F942F4C22
:1066700082E00F944C3785E699E60E9494E81092E8
:10668000E1060C94339D85E50E946150C12CD12C0C
:106690007601882321F00E9410556B017C018AE568
:1066A0000E9461508823A1F00E9410559F770E949C
:1066B000B5624B015C0180918F12811113C00F9460
:1066C000BF80C501B40190580E94B5620C94B59E7C
:1066D00060E070E088E492E40E94176360E070E09C
:1066E000CB01E5CFC701B6010E9442EFEACF80ECB3
:1066F00092E00E94D6540C94B59E82EC92E00E94E7
:10670000D6540C94B59E80918F1281110C94B59E35
:1067100081E40E946150882311F40C94B59E80910D
:106720002B0390912C0340E150E070E060E0019673
:106730000F949792862F0E9430FA0C94B59E90E0A9
:1067400080E00C94829D80918F1281110C94B59EF3
:1067500088E50E946150882311F40C94B59E0E9434
:106760008350823010F00C94B59E80E00F94F9783D
:106770000C94B59E843509F07FC010932C030093D0
:106780002B0381E080933C030E948350182F2091BB
:106790002B0330912C0391E07901E90EF11CF701F4
:1067A0008081803211F0893011F49F5FF5CF082E7F
:1067B000000C990B0F941B9DD7018C9390ED980FB3
:1067C000953058F08F3369F0883759F0833631F1BE
:1067D0008CE493E70E9405671BC090918F128F3362
:1067E000D9F480918F12811113C08AE69AE30E9436
:1067F00063828C0187E59AE30E94638250E040E067
:10680000B8010E94EAEF682FF70180810E94D4F955
:1068100010923C030C94EB8A833649F480918F12DA
:106820008111F6CF0F94E25B682F83E6EFCF9111D1
:106830000DC00F94E25B181305C08CE593E70F942D
:10684000F595E6CF812F0E94B5F9E2CF82E99DE967
:106850000E94FE63112359F084E50E94E563812FB5
:1068600090E0C0960F94D55B86E592E6B3CF83E4C3
:1068700092E60E94FE63CCCF843409F05DC0109391
:106880002C0300932B030E9476508230910541F136
:106890008CF40196E1F08091CF119091D0118B5141
:1068A000904F9F938F931F9284E48F9386E793E694
:1068B0000C94408B83309105F9F0479761F785E49C
:1068C0000E946150882309F180E00E949D688FE258
:1068D00092E69F938F930F94CE950F900F90FFCFDA
:1068E0000AE212E622E040E060E072E280E092E03C
:1068F0000E94D3570C94EB8A03E212E623E041E0B6
:1069000060E070E190E080E0F3CF82E50E946150AA
:1069100091E089278093EF048FE393E70E94FE6361
:106920008091EF04882321F08BE192E60C94908B08
:1069300082E192E60C94908B82E99DE90E94FE63CD
:1069400085E892E60E94FE638091CF119091D0116C
:106950008B51904F0E94D26785EA98E70C94908BF8
:106960002DEC3CEC4CEC5DE3C701B6010F94459A6D
:10697000181614F40C94F58C0C94058EA301920156
:10698000622D732D8E2D9F2D0F94B198181614F033
:106990000C948D9525E0C20ED11C32E0A30EB11CE3
:1069A00084010C94549587E499E30E9463820F94C8
:1069B000554C4FE358E762E080E00E941959F80116
:1069C00081918F01982F9F7D11F40C9450A497EF23
:1069D000980F923010F40C9450A48D3011F40C9454
:1069E00050A40E94D358EBCF8091040490910504E9
:1069F0000895CF92DF92EF92FF9269017A012DEC18
:106A00003CEC4CE45EE30F94BB972DEC3CEC4CE487
:106A10005EE30F94D9912DEF3DEA40E05DE30F94E2
:106A2000BC97A70196010F94D99124E230EF49E178
:106A300050E40F94BB98FF90EF90DF90CF900895B3
:106A40008150823108F05AC0E82FF0E08827E45DD9
:106A5000FA448F4F0D94049D4CB550B53EB544B5E6
:106A600048B57EB553B559B55DB563B567B56BB57A
:106A700071B575B57EB579B57FB583B58091800068
:106A80008F77809380000895809180008F7DF9CF6B
:106A900080918000877FF5CF84B58F7784BD08957E
:106AA00084B58F7DFBCF8091B0008F778093B0004D
:106AB00008958091B0008F7DF9CF809190008F77FD
:106AC000809390000895809190008F7DF9CF809100
:106AD0009000877FF5CF8091A0008F778093A000F2
:106AE00008958091A0008F7DF9CF8091A000877FCD
:106AF000F5CF809120018F778093200108958091B8
:106B000020018F7DF9CF80912001877FF5CF83B160
:106B100082958170089583B18295817091E0892773
:106B20000895CF92DF92EF92FF9220910604B0E099
:106B3000A0E0C090D006D090D106E090D206F090B0
:106B4000D30620FF42C0C81AD90AEA0AFB0AC0923B
:106B5000D006D092D106E092D206F092D306CB01B5
:106B6000B0E0A0E0C090D406D090D506E090D60664
:106B7000F090D70621FF36C0C81AD90AEA0AFB0AE4
:106B8000C092D406D092D506E092D606F092D706EF
:106B900070E060E08091D8069091D906A091DA0665
:106BA000B091DB0622FF2BC0841B950BA60BB70B05
:106BB0008093D8069093D906A093DA06B093DB06AB
:106BC000FF90EF90DF90CF9008958C0D9D1DAE1D2E
:106BD000BF1D8093D0069093D106A093D206B093A8
:106BE000D306BDCF8C0D9D1DAE1DBF1D8093D40659
:106BF0009093D506A093D606B093D706C9CF840F3D
:106C0000951FA61FB71FD4CF85E08093CE0D0D949E
:106C10006024CF93C82F82ED9CE30E9463820F947F
:106C2000C44D80918F1281110DC089E79CE30E94B1
:106C300063820F94C44D87EA9BE30E946382CF91E5
:106C40000D94C44DCC23B9F387E49CE3F0CF0F94AB
:106C500060241092660380916D03811104C08DEA57
:106C600095E60C9405670895CF93C82F0E943A5972
:106C700088EB9AE40E946382AC0160E080E00E94AD
:106C80001959C13009F475C082E99AE40E946382FF
:106C9000AC0161E080E00E94195983E00E94E85A4B
:106CA00064EF71E080E090E00E94006A87E89AE477
:106CB0000E946382AC0162E081E00E9419594EE3B8
:106CC00063E080E00E94255988E79AE40E9463828D
:106CD0000E94CF581092F5031092F40384E0809341
:106CE0006402C0E08091F4039091F503009719F1DC
:106CF00097FF0BC04EE362E080E00E94255940E21E
:106D000063E080E00E942559C1E08091F4039091F6
:106D1000F503181619065CF440E262E080E00E9478
:106D200025594EE363E080E00E942559C0E01092AF
:106D3000F5031092F4030F94F92481E00E94BD82C0
:106D400064E670E080E090E00E94006A0E94506378
:106D5000882341F282E08093640280E00E94E85A36
:106D60001092EE111092F3030F94F9248C2FCF910F
:106D7000089585EA9AE40E946382AC0161E080E0B4
:106D80000E9419598FEF8093EE118093F3030F94B3
:106D9000F92486CF87EA9CE00F940C9761E082305B
:106DA00008F4682787EA9CE00D9430978BEA9DE011
:106DB0000F940C9763E0833009F467E08BEA9DE061
:106DC0000D9430978AEA9DE00F940C97833059F028
:106DD000853059F083E080934A0260914A028AEA42
:106DE0009DE00D94309785E0F6CF81E0F4CF8CEAFA
:106DF0009DE00F940C9761E0811160E08CEA9DE0CA
:106E00000D9430978FEA9FE00F940C9761E0811109
:106E100060E08FEA9FE00D943097E9EFF5E1608143
:106E200081E0682760838BEB9FE00D943097CF93D0
:106E3000DF93809101048C33E1F0803501F18832D9
:106E400091F088E280930104C0E9D1E060910104EF
:106E500087EA9DE00F943097BE0185EA9DE0DF91BF
:106E6000CF910D944E978CE380930104C8E5D2E056
:106E7000EDCF80E580930104C0E2D3E0E7CF89E164
:106E800080930104CAEFD0E0E1CF8091030488230E
:106E900021F0813059F482E001C081E08093030445
:106EA0006091030488EA9DE00D94309710920304EA
:106EB000F7CF80918A03882321F0813059F482E052
:106EC00001C081E080938A0360918A0384EA9DE097
:106ED0000D94309710928A03F7CF8091890388230D
:106EE00021F0813059F482E001C081E08093890370
:106EF0006091890383EA9DE00D9430971092890395
:106F0000F7CF80E00D94F97861E08CEA9CE00F9473
:106F1000309780E00F94F978E0E2F2E183E6809325
:106F2000761281E080938F12858F828314A286E08F
:106F3000848380E00F94157981EF99E90E940567B9
:106F400083E08093741208958CEA9CE00F940C9770
:106F5000882361F082E080938F1210923D1210928C
:106F6000221260E08CEA9CE00D9430970C9484B778
:106F7000CF93DF930F94AF0BCAEFD1E160916C1206
:106F800070E090E080E00F949A9120E030E040E8DB
:106F900051E40F94BB979B01AC016C857D858E8578
:106FA0009F850F94BB976C877D878E879F8762E054
:106FB00088E696E8DF91CF910D948A69CF9389E2B4
:106FC0009DE00F940C978150C1E08E3F08F4C0E023
:106FD0006C2F89E29DE00F94309782E092E80E9446
:106FE00005678C2F0E94E563CF910C9451662F9218
:106FF0003F924F925F926F927F928F929F92AF9249
:10700000BF92CF92DF92EF92FF920F931F93CF9395
:10701000DF9300D01F92CDB7DEB75C014B018091AA
:107020001B16813009F0DEC08091191681FFDAC08D
:1070300082FDBCC07401212C32E0332E0091201659
:10704000109121162091221630912316E114F1049B
:1070500009F430C18091311690913216DC011496FA
:107060007C907A94B901A80129E0769567955795A7
:1070700047952A95D1F774221170711025C001151A
:10708000110511F540911C1650911D1660911E16A8
:1070900070911F16411551056105710509F0A8C0D1
:1070A00080912D1690912E16A0912F16B09130162A
:1070B0000097A105B10509F0B4C088E196E10E94EE
:1070C000F770882309F48EC0C101801B910B670102
:1070D0008E159F0508F46C01E0913116F09132167F
:1070E00080911C1690911D16A0911E16B0911F162E
:1070F0000297A109B109258504C0880F991FAA1F0D
:10710000BB1F2A95D2F74685578560897189840F00
:10711000951FA61FB71F9C01AD01270D311D411DF5
:10712000511D29013A01C11432E0D30609F08AC089
:107130008091D20D9091D30DA091D40DB091D50D29
:10714000481659066A067B0669F41092DA0D8FEF2D
:107150009FEFDC018093D20D9093D30DA093D40DBB
:10716000B093D50D9501B301A2018091DB0D9091F3
:10717000DC0D0E94DA5D8823A9F1809120169091A0
:107180002116A0912216B09123168C0D9D1DA11DD4
:10719000B11D8093201690932116A0932216B093D0
:1071A0002316AC0CBD1CEC18FD0848CF40912916E5
:1071B00050912A1660912B1670912C1680912016F2
:1071C00090912116A0912216B091231648175907C5
:1071D0006A077B0709F42ECF88E196E10E945E7072
:1071E000811128CF81E0809318168FEF9FEF81C027
:1071F0009E012F5F3F4F0E94A86E882399F38981DB
:107200009A81AB81BC81E0913116F09132162789C9
:10721000203181F4883FEFEF9E07A105B10508F00A
:107220004CCF80931C1690931D16A0931E16B093FE
:107230001F164ACF883FFFEF9F07AF07FFE0BF074A
:1072400080F33BCF0115110569F54091201650914F
:107250002116609122167091231680912916909123
:107260002A16A0912B16B0912C16481759076A07B9
:107270007B07C0F00E943E5E882309F4B3CF81E013
:107280008093DA0D4092D20D5092D30D6092D40DBE
:107290007092D50DA601B501C8018352924F0F948B
:1072A000309D6BCF41E0C301B2010E94D96D8111C5
:1072B000F1CF98CF8091291690912A16A0912B1684
:1072C000B0912C1680179107A207B30768F480913C
:1072D00019160093291610932A1620932B16309313
:1072E0002C168068809319168091191683FD18C09A
:1072F000C4010F900F900F900F90DF91CF911F91CD
:107300000F91FF90EF90DF90CF90BF90AF909F9044
:107310008F907F906F905F904F903F902F90089547
:1073200088E196E10E940C728111E2CF5BCF0F934E
:10733000CF93DF93CDB7DEB7A3970FB6F894DEBF38
:107340000FBECDBF2091291530912A1582179307C2
:10735000D8F4613031F421503109A901481B590B8F
:10736000CA01880F991FFC01E55DFA4E8081918169
:107370000F948161A3960FB6F894DEBF0FBECDBF08
:10738000DF91CF910F91089543E354E1509332146C
:1073900040933114821B930B01969093A116809316
:1073A000A0164091F3155091F41585E0440F551F38
:1073B0008A95E1F770E060E083E394E10E945E70FB
:1073C00000E00E7F0D7FE0913114F091321483E2E2
:1073D000DE01119601900D928A95E1F722E050E0CE
:1073E00040E0BE016F5F7F4F86EE92E00F94BE5E7D
:1073F000CE0101960E944A72BDCF2F923F924F92CA
:107400005F926F927F928F929F92AF92BF92CF9234
:10741000DF92EF92FF920F931F93CF93DF9300D0F1
:107420001F921F92CDB7DEB78C834A015B0123E424
:107430003DEC4FE25DE3CB01B4010F94BB976B01D0
:107440007C0120E030E040EA51E4C501B4010E9433
:10745000F9B4562E472E382E292EA7019601C501C4
:10746000B4010E94F9B469837A838B83A92EBC800E
:107470008B2D90E09C012D5F3F4F3D832C830B2D86
:1074800010E08C819D81801791070CF4A1C02F9290
:107490003F924F925F92B801012E000C880B990B1E
:1074A0000F949A91A70196010F94D9919B01AC0179
:1074B0000F94BC979B01AC0160E070E08CE092E41B
:1074C0000F94BB979F938F937F936F931F9296E434
:1074D0009F932DE236E83F932F930E947468B80182
:1074E000660F771F6F5F7F4F072E000C880B990B7D
:1074F0000F949A91A70196010F94D9919B01AC0129
:1075000060E070E08CE092E40F94BB97962E872E9B
:10751000782E692EAF929B819F932A812F93398178
:107520003F936F927F928F929F921F9286E48F93E8
:107530002DE236E83F932F930E9474682F923F927A
:107540004F925F926F927F928F929F921F9292E3DF
:107550009F932DE236E83F932F930E9474680FB6F5
:10756000F894DEBF0FBECDBFAF923B813F938A81BF
:107570008F9399819F93B8016F5F7F4F072E000C07
:10758000880B990B0F949A91A70196010F94D991AA
:107590009B01AC010F94BC979B01AC0160E070E0D3
:1075A0008CE092E40F94BB979F938F937F936F939C
:1075B0001F9222E32F938DE296E89F938F930E9470
:1075C0007468B3940FB6F894DEBF0FBECDBF57CF2B
:1075D0000F900F900F900F900F90DF91CF911F9110
:1075E0000F91FF90EF90DF90CF90BF90AF909F9062
:1075F0008F907F906F905F904F903F902F90089565
:107600000F931F93CF93DF93982F862F142FE901A9
:10761000692F0E940759113021F0123079F0CE0104
:1076200015C0CE010E94CF588AE30E94D358802F04
:10763000DF91CF911F910F910C94D358CE010E94EE
:10764000CF588AE30E94D3588FEC95E6DF91CF9113
:107650001F910F910C94CF58BF92CF92DF92EF926F
:10766000FF920F931F93CF93DF93C82FF62EE42E34
:10767000B22E680180E00F942F4CDCE7FE1408F076
:10768000DDE2B1100E943A5960E080E00E940759A3
:10769000C1111DC088EB9AE40E9463820E94CF58FA
:1076A00088EF8C0F823060F583E696E40E94638257
:1076B0000E94CF5882E496E4CC3031F180E396E426
:1076C000CD3011F1CE3021F58DE196E41DC0C130F1
:1076D00009F3C230F9F28AEB96E4C330E9F288EAA2
:1076E00096E4C430C9F286E996E4C530A9F284E88C
:1076F00096E4C63089F2C73099F685E796E4CCCF98
:10770000CA3099F580E596E40E9463820E94CF58C2
:107710004DEE51E861E080E00E941959C33070F5E8
:107720008FE096E40E946382AC0162E080E00E94F8
:10773000195962E082E10E940759C1111AC08D2FC8
:107740000E94D35882E096E40E946382AC0163E019
:1077500080E00E94195963E082E10E940759C2301B
:1077600019F18D2F0E94D35823C0CB3009F0A2CF3E
:10777000C9CF8FEC95E60E94CF58E4CF86EF8C0FEF
:107780008230A8F580EF95E40E946382AC0162E04C
:1077900080E00E9419598AE30E94D35862E082E196
:1077A0000E940759CA30E9F28FEC95E60E94CF5843
:1077B000C114D10419F0C6010E94688481E08F0DC4
:1077C000482F50E092E024E030E0E91611F026E086
:1077D00030E0421753070CF080E0DF91CF911F910A
:1077E0000F91FF90EF90DF90CF90BF900895CA3037
:1077F000F8F641E0C43021F042E0C33009F440E043
:107800000D2F2BEE31E862E082E00E9400BB41E0E8
:10781000C53021F042E0C53008F440E00D2F29EEDC
:1078200031E868E082E00E9400BB41E0C63021F010
:1078300042E0C63008F440E00D2F27EE31E86EE05C
:1078400082E00E9400BB41E0C73021F042E0C73037
:1078500008F440E00D2F23EE31E860E083E00E9461
:1078600000BB41E0C83021F042E0C83008F440E0FD
:107870000D2F2CED31E869E083E00E9400BB98CF2A
:10788000DF92EF92FF920F931F93CF93DF93CDB7C9
:10789000DEB763970FB6F894DEBF0FBECDBF309151
:1078A000DB032091DA03321373C07C0180914E0216
:1078B000882309F445C080E79AE40E9463829F937D
:1078C0008F9385E296E89F938F938E010F5F1F4FF2
:1078D0001F930F930F942396D82E47E050E0B701E3
:1078E000800F912F911D0F94FC960F900F900F9089
:1078F0000F900F900F9020E0822F8D0D90E0273099
:1079000039F02F5FF801E80FF91F30813111F4CF02
:10791000F801E80FF91F2DE520838C0F9D1FFC0156
:1079200012820F94F720482F6091D80380E00E94C4
:10793000255962E1C8010E94125A80E20E94D35880
:107940008091D903882321F12091DB038091F403F6
:107950009091F50328171906D9F410924F0289EE79
:107960009BE5892B11F00E94E95B81E080934F0237
:107970000F941B2163960FB6F894DEBF0FBECDBFE8
:10798000DF91CF911F910F91FF90EF90DF900895BD
:107990008091DB038F5F8093DB03ECCF0F931F930A
:1079A000CF93DF9300D000D01F921F92CDB7DEB7E8
:1079B0008C018AE090E00F941A979A8389838CE077
:1079C00090E00F941A979C838B838EE090E00F9445
:1079D0001A979E838D8380E190E00F941A97988781
:1079E0008F83C801DE011196BE01675F7F4FFC01E6
:1079F000259134914D915D914217530748F024171A
:107A0000350720F00296A617B70789F780E001C076
:107A100081E028960FB6F894DEBF0FBECDBFDF9190
:107A2000CF911F910F91089580916103882321F0D8
:107A3000813069F482E001C081E08093610360914C
:107A400061038FEF9FE00F9430970D94380B1092E5
:107A50006103F5CFCF93DF938FEF9FE00F940C97E7
:107A6000813099F08230A1F081E097E40E94638236
:107A7000EC018AEF96E40E94638222E044E15DEB30
:107A8000BE01DF91CF910D94452781EF96E4EECFB3
:107A900084EE96E4EBCFCF93DF938091400288236E
:107AA00089F081E798E40E946382EC0188E691E422
:107AB0000E94638222E049EB5EEFBE01DF91CF912D
:107AC0000D9445278BE698E4EECFCF93DF9386EDB8
:107AD0009EE00F940C97813019F581E798E40E949D
:107AE000638222E047E350E5BC0187E695E60F9408
:107AF00045278EEC9EE00F940C978130A1F481E72E
:107B000098E40E946382EC018DE491E40E94638218
:107B100022E045EE5EEFBE01DF91CF910D94452747
:107B20008BE698E4DCCF8BE698E4EBCF80914103C1
:107B3000882321F080914E02882351F081E08093C8
:107B4000410360E08AE29DE00E949C5B80934203D7
:107B50000F9435221092D8038091D803843008F016
:107B600090C01092DB0380910204811155C08DED0D
:107B700096E40E9463820F94542A84E493E40E9462
:107B8000638267E378EC0F943428809101048C338E
:107B900009F460C008F043C0893109F44FC088324D
:107BA00009F442C080EF91E40E94638264E076EBC6
:107BB0000F94B22186E991E40E9463826DE87FEB25
:107BC0000F94342880914203882331F062E47EEBE5
:107BD0008AE491E80F94342889E29DE00F940C9791
:107BE000882309F44BC08CEA94E40E94638222E06B
:107BF0004EED57EBBC018AE795E60F9445270F94AD
:107C000009228091D8038F5F8093D8038091DA0393
:107C10008F5F8093DA03A0CF81EA94E4AACF803506
:107C200019F18F3F09F0BECF8FE991E40E94638282
:107C300022E047E157EB61E671E809C08FE991E482
:107C40000E94638222E047E157EB66E671E80F94F9
:107C50004527A8CF8FE991E40E94638222E047E1A3
:107C600057EB6CE571E8F3CF8FE991E40E946382F2
:107C700022E047E157EB67E571E8E9CF82EB94E456
:107C8000B4CF08950F9435221092D8038091D80371
:107C90008430A8F41092DB038DED96E40E94638299
:107CA0000F94542A0F9409228091D8038F5F8093F8
:107CB000D8038091DA038F5F8093DA03E7CF0895CA
:107CC000CF9387EB94E40E946382AC0160E080E094
:107CD0000E9419594AE061E080E00E9425590F9402
:107CE00035221092D803C2E08091D803843018F571
:107CF0001092DB03811102C0C093D80382EB94E49D
:107D00000E94638268EC75E30F94B2218CEA94E4DC
:107D10000E9463826FE37FEE0F94B2210F940922D9
:107D20008091D8038F5F8093D8038091DA038F5FAF
:107D30008093DA03D9CFCF910895CF92DF92EF925B
:107D4000FF920F931F93CF93DF9300D01F92CDB775
:107D5000DEB78CEA9DE00F940C97D82E8BEA9DE05D
:107D60000F940C97F82E0F9435221092D80380E3CD
:107D7000E82EEF0C98E7C92E8091D803843008F0E4
:107D80004FC01092DB0381EA94E40E9463820F9457
:107D9000542AE982CA82EB821C828AE994E40E9416
:107DA000638220E046ED56EBBE016F5F7F4F0F947C
:107DB000452780914A02805D89831A828CE894E489
:107DC0000E94638220E042EE56EBBE016F5F7F4F60
:107DD0000F94452787E0F81220C081E798E4D1107E
:107DE00002C08BE698E40E9463828C0186E794E4EB
:107DF0000E94638222E047EF56EBB8010F944527BB
:107E00000F9409228091D8038F5F8093D8038091CB
:107E1000DA038F5F8093DA03AFCF86E894E4E3CF91
:107E20000F900F900F900F90DF91CF911F910F91B6
:107E3000FF90EF90DF90CF9008950F94352210922D
:107E4000D8038091D803843008F03FC01092DB0340
:107E500084E493E40E9463820F94542A8091F9038E
:107E60000E94C75B882341F08BE393E40E94638206
:107E70006DEE76EC0F9434288091CE0D811108C000
:107E800088E293E40E94638267E274EE0F943428E0
:107E90008FE193E40E94638266EF76EC0F943428BE
:107EA00087E193E40E9463826EE77FEC0F94B22136
:107EB0000F9409228091D8038F5F8093D80380911B
:107EC000DA038F5F8093DA03BCCF089587E0809355
:107ED000F9030C941DBF86E08093F9030C941DBF39
:107EE00085E08093F9030C941DBF84E08093F9032F
:107EF0000C941DBF83E08093F9030C941DBF82E0B6
:107F00008093F9030C941DBF81E08093F9030C94D6
:107F10001DBF1092F9030C941DBFCF93DF930F94F4
:107F200035221092D8038091D803843008F065C0C0
:107F30001092DB0380E092E40E9463820F94542A43
:107F400080910304813009F446C0823009F446C0B0
:107F50008BEA91E40E946382EC018DE891E40E9437
:107F6000638222E045E457EBBE010F9445278091E0
:107F70008A038130B1F18230B9F18BEA91E40E9439
:107F80006382EC0185E791E40E94638222E049E587
:107F900057EBBE010F94452780918903813039F159
:107FA000823041F18BEA91E40E94638222E04DE647
:107FB00057EBBC0181E795E60F9445270F94092202
:107FC0008091D8038F5F8093D8038091DA038F5F0D
:107FD0008093DA03A8CF86E891E4BCCF8DE791E4E3
:107FE000B9CF86E891E4CBCF8DE791E4C8CF86E89E
:107FF00091E4DACF8DE791E4D7CFDF91CF91089567
:10800000CF93C82F8CEB97E40E94638240E060E03E
:108010000F94E84C811174C00E94D481C23008F4DE
:108020006FC08C1708F46CC0F8948AEA95E5DC01FF
:108030008093FC1F9093FD1FA093FE1FB093FF1F22
:1080400080E88093FB1FCC0FCC0FCC0FC093FA1F9E
:108050008091F31F8F938091F21F8F938091F11F76
:108060008F938091F01F8F9382EA93E89F938F9371
:108070000F94CE958091F71F8F938091F61F8F9369
:108080008091F51F8F938091F41F8F9389E893E877
:108090009F938F930F94CE958091F91F8F9380912A
:1080A000F81F8F9381E793E89F938F930F94CE955A
:1080B0008091FA1F1F928F9389E593E89F938F9386
:1080C0000F94CE958091FB1F1F928F9381E493E8CC
:1080D0009F938F930F94CE958091FF1F8F938091E4
:1080E000FE1F8F938091FD1F8F938091FC1F8F93B4
:1080F00088E293E89F938F930F94CE950E9430600F
:1081000081E00F942F4C21E041E070E060E08FE8C7
:1081100090EC0F945F2210925C13CF910895CF934F
:10812000DF930F9435221092D8038091D8038430C6
:1081300008F05CC01092DB030E945781882331F065
:1081400081EA94E40E9463820F94542A8EE695E6B5
:108150000E946D810F94E321882349F080E00E9402
:10816000F781811143C0DF91CF910C9400C00E9430
:10817000D481D82FC1E0CD1760F580E091E021E0F7
:10818000FC014591559165917491453A5A45644B6E
:108190007B4419F08FE39FE306C0FC01C21310C0BB
:1081A0003A96859194910E946D810F94E3218823E2
:1081B00071F08C2F0E94F781811118C08C2FD3CFC2
:1081C000349645915491840F951F2F5FD9CFCF5F7F
:1081D000D2CF0F9409228091D8038F5F8093D80368
:1081E0008091DA038F5F8093DA039FCFDF91CF9185
:1081F0000895CF93DF9381E00F942F4C21E041E06D
:1082000070E060E08FE890EC0F945F2210925C13B6
:10821000C0919A03D0919B030E945781CA56D643BE
:1082200039F0811107C082E390E00E946884F0CFAA
:10823000882321F0DF91CF910D94602480E0DF91BD
:10824000CF910C94F78141E061E089E991E80F94C6
:10825000E84C811107C061E085E991E80E94DE6782
:108260000F94602481E00F942F4C82E080934E02A3
:10827000089561E082E291E80E94DE670D94602437
:1082800061E086E291E80E94DE670D94602461E07F
:108290008EE191E80E94DE670D94602461E08CE23B
:1082A00091E80E94DE670D94602480918F12811105
:1082B0000EC08EE49BE30E9463820F94C44D84E061
:1082C00080933F0361E080E391E80C94DE6782E0F5
:1082D0009BE30E9463820F94C44D80E00F942F4C67
:1082E0000E943A5987E990E60E946382AC0162E0FD
:1082F00080E00E94195981E0E3CFCF93DF938CE5B2
:1083000093E10E94C16A80910A12811118C0809184
:108310000B12811114C0C0919A03D0919B0386E384
:10832000CC32D80761F086E3CA3BD80741F0809190
:10833000D311811104C08091D511882331F082E0DE
:1083400080934E02DF91CF9108958DEBC639D80707
:1083500081F482E080934E028AE29DE00F940C97B4
:1083600061E0811160E08AE29DE0DF91CF910D94A0
:1083700054979091C20D8091C30D981304C00E9430
:108380003C60882361F00E946B60811110C082E024
:1083900080934E0280E0DF91CF910D94241686E306
:1083A000CA36D807E1F460E08AEB96E314C086E3AE
:1083B000CA36D80759F082ECCC30D80739F083ECB4
:1083C000C23FD80719F0C45CD54309F70E943A5957
:1083D00060E08CE296E3DF91CF910D94232782EC4D
:1083E000CC30D80701F386E3C83BD807E1F28BEE27
:1083F000CB34D807C1F284ECC739D807A1F283EC9B
:10840000C23DD80781F280ECC93FD80761F2C45C55
:10841000D54309F0BCCFC7CF1F93CF93DF930F9401
:1084200035221092D803D1E01BE08091D80384302C
:1084300008F07BC11092DB0388E294E40E9463821F
:108440000F94542A0E946B60882381F00E943C6044
:10845000811104C08091CE0D843041F488E194E410
:108460000E9463826CE276E30F9434288091D00DF1
:10847000882341F085E594E40E94638264E77EEE00
:108480000F94B2218091C20D9091C30D891B8F7002
:1084900079F40E94816081110BC08091D511811106
:1084A0000FC087E094E40E94638268EB76E306C025
:1084B00081E194E40E94638262EF73EC0F943428AC
:1084C00080910B12811119C080910A12811115C07F
:1084D0008091D411811111C080913C0381110DC094
:1084E00080917913882309F4F9C089EF93E40E94FD
:1084F00063826AEF7EEF0F94B2218091D4118823BA
:1085000089F080916D0381110DC08091EC11882359
:1085100009F4F0C08AEE93E40E94638268E87EEE7C
:108520000F9434280E943C60811104C08091D411C2
:10853000882381F08091E106813061F080913C03D5
:10854000811108C087EB94E40E94638260E67EEBB1
:108550000F94342880916D0381111FC0809189137D
:10856000811105C08091CE0D882309F4CAC0809185
:108570001B16811112C08091791381110EC0809158
:10858000CE0D81110AC0D093F8038AED93E40E94C6
:1085900063826BE47BEE0F9434280E94816081112A
:1085A00016C08091D00D811112C081EA9DE00F9418
:1085B0000C97C82F0E94D55B87FD09C0C81739F0FA
:1085C000C102C0011124875B924F0E9440BC0E94EF
:1085D0008160811152C080913F0381114EC0809112
:1085E000D51181114AC080918F1281118FC0809165
:1085F0006512811108C08CEB93E40E94638267EAE4
:1086000076EC0F9434288BEA93E40E9463826EED3B
:1086100076EC0F94342889E993E40E94638261EE3A
:1086200076EC0F94342886E890E60E94638264EE2C
:1086300076EC0F9434288EEC9EE00F940C978823F0
:1086400041F087E790E60E94638267EE76EC0F9434
:10865000342881EA94E40E94638267E974EC0F9401
:1086600034288091D411811108C08BE793E40E94D3
:1086700063826BEE75EC0F9434288091791381112D
:108680000CC08091CE0D811108C08EE693E40E944B
:10869000638268E776E30F94342880918F1281110A
:1086A00008C08DE593E40E94638260EE75E30F9449
:1086B000342883E593E40E94638264EC75E30F94AD
:1086C00034280F9409228091D8038F5F8093D803B8
:1086D0008091DA038F5F8093DA03A7CE80918813AD
:1086E000882309F40ACF89EF93E40E94638260EB48
:1086F00076E301CF8AEE93E40E94638267E276EB31
:108700000FCFD093F8038DEC93E441CF89E893E445
:108710000E9463826AED76E30F94342889E993E43A
:108720000E9463826AEE76E392CFDF91CF911F9130
:108730000895EF92FF920F931F938DE891E40E94AA
:10874000638228ECE22EF12C07E211E030E020E019
:1087500040E166EF71E10F94062682E691E40E9403
:10876000638232E3E32EF12C08E710E030E020E0F2
:1087700040E162EF71E10F94062686E591E40E94E4
:1087800063824FE7E42EF12C0FEF10E030E020E0A1
:1087900048E06EEE71E10F9406261F910F91FF9055
:1087A000EF9008950F9435221092D8038091D8034A
:1087B0008430B8F41092DB0381EA94E40E9463826F
:1087C0000F94542A0E9499C30F9409228091D803D0
:1087D0008F5F8093D8038091DA038F5F8093DA03F1
:1087E000E5CF0895EF92FF920F931F93CF93DF93FE
:1087F000809150029091510220914E03211178C036
:1088000021E020934E039093500380934F038FEF0A
:108810009FE00F940C97809361030F943522109280
:10882000D8038091D803843008F07AC01092DB031B
:1088300083E095E40E9463820F94542A8EE694E4C8
:108840000E946382F12CE12C07EE13E02AE030E075
:1088500040E169E772E00F9406260E9499C387E61B
:1088600094E40E9463822AE030E040E160E572E037
:108870000F9406268091D00D811108C085E594E4FF
:108880000E94638264E77EEE0F94B22180918F1282
:10889000811102C00E9465BD0E944BBD8091D00D28
:1088A000811102C00E942ABD8091D111823091F1C4
:1088B000833099F1813059F18EE494E40E9463820F
:1088C000EC0186E494E40E94638222E042EA5EEFD7
:1088D000BE010F9445270F9409228091D8038F5F22
:1088E0008093D8038091DA038F5F8093DA0399CF66
:1088F00020914F03309150032817390709F487CF8F
:108900009093500380934F030E94D45E80CF8FE3F7
:1089100094E4D4CF81EF96E4D1CF86E394E4CECF34
:10892000DF91CF911F910F91FF90EF9008951F93CA
:10893000CF93DF938FEF9FE00F940C9780936103A9
:108940000F9435221092D80311E08091D80384301F
:1089500008F03DC11092DB0383E095E40E9463823E
:108960000F94542A89E392E40E94638262ED73ECCF
:108970000F9434280E948160882321F08091D411C3
:10898000882381F08DE292E40E9463826EEC75E3AD
:108990000F9434288AE192E40E94638266EF75E6C0
:1089A0000F942B218CEA9CE00F940C97882309F4F8
:1089B00091C081E798E40E94638222E044EA57EB89
:1089C000BC0187E891E80F9445278CEA9CE00F945E
:1089D0000C97882331F061E877EB8DE791E80F94ED
:1089E000B22180918F1281110AC00E9465BD8BE077
:1089F00092E40E9463826AEE76EC0F9434280E941F
:108A00004BBD8091D00D811102C00E942ABD809182
:108A1000D00D811162C01093020480E092E40E94A4
:108A2000638266E97DEB0F9434288FE992E40E941B
:108A300063826DE97EEB0F9434280F94F905882347
:108A4000B1F08FEA9FE00F940C97882309F44EC091
:108A500081E798E40E946382EC0187E492E40E943B
:108A6000638222E042E057EBBE010F9445278091DC
:108A7000D411811108C088E194E40E9463826CE201
:108A800076E30F9434288EED91E40E9463826FE8C0
:108A900070EC0F9434288091D00D811147C08091E3
:108AA000F915882331F184ED91E40E94638222E07C
:108AB0004DE057EB62E975E60F94452789E09FE0AA
:108AC0000F940C97882319F1813009F471C08BEA57
:108AD00091E41FC08BE698E46ECF80EF91E40E9492
:108AE000638264E076EB0F94B2219FCF8BE698E42B
:108AF000B1CF8BEC91E40E946382EC0184ED91E4B0
:108B00000E94638222E04DE057EBBE01D5CF84EC9A
:108B100091E40E946382EC018DEB91E40E946382F8
:108B200022E043EC5EEFBE010F9445278091D11106
:108B3000823009F443C0833009F443C08130D9F155
:108B40008EE494E40E946382EC0186E494E40E9443
:108B5000638222E042EA5EEFBE010F94452787EA76
:108B60009CE00F940C97882379F18CEA94E40E949E
:108B7000638222E04AEC56EBBC0185E895E60F944F
:108B800045278091D00D882331F063E271EC8BE6AC
:108B900091E80F94B2210F9409228091D8038F5F3E
:108BA0008093D8038091DA038F5F8093DA03CDCE70
:108BB00082EB91E4AECF8FE394E4C4CF81EF96E4EF
:108BC000C1CF86E394E4BECF82EB94E4D0CFDF91B3
:108BD000CF911F9108950F9435221092D803809160
:108BE000D803843008F07DC01092DB0383E095E465
:108BF0000E9463820F94542A8CED92E40E94638257
:108C000068E478EF0F94B2218091CE0D811108C0F5
:108C100088E293E40E94638268E673EE0F9434283E
:108C200083E59FE40E9463826FEF75E60F942B212A
:108C300081ED92E40E94638269E47BEE0F94B2219D
:108C400081EC92E40E94638269E371EC0F94B2219B
:108C500083EB92E40E94638260E471EC0F94342809
:108C60008FE992E40E94638267E471EC0F943428E8
:108C70008BE892E40E9463826CEB75E30F943428D6
:108C800089E792E40E94638262E176E30F943428DC
:108C900088E692E40E9463826CE875E30F943428BE
:108CA00084E592E40E9463826BE871E80F942B21C3
:108CB0000F94F905882341F087E492E40E946382CF
:108CC0006EE471EC0F94B2210F9409228091D803C5
:108CD0008F5F8093D8038091DA038F5F8093DA03EC
:108CE0007ECF08950F949A6210923D031092F5037F
:108CF0001092F4030D945722809128158823F9F0DF
:108D000081508093281593E2E6E5F4E1A3E3B4E112
:108D100001900D929A95E1F726E534E190E09817DD
:108D200060F443E2F901B396D90101900D924A959E
:108D3000E1F79F5F2D5D3F4FF2CF0F949A62109243
:108D40003D031092F5031092F4030D945722CF9334
:108D50000F9435221092D8038091D803843060F5A7
:108D60001092DB0383E095E40E9463820F94542AFF
:108D700085EE92E40E94638266E278EC0F94B22161
:108D8000C0E089E893E40E94638261E36C0F2C2FBA
:108D900045E358EC0F945B21CF5FC53091F70F94FA
:108DA00009228091D8038F5F8093D8038091DA03E2
:108DB0008F5F8093DA03D0CFCF91089584E00D9434
:108DC0002D2C85E00D942D2C86E00D942D2C87E024
:108DD0000D942D2C88E00D942D2C6091F90381EADF
:108DE0009DE00F94309783E00D946228CF93DF933A
:108DF0008091410381111AC06091F9038BE0689F53
:108E0000B0011124675B724F47E050E083E493E0C8
:108E10000F94FC9680914303082E000C990B9093BD
:108E2000F5038093F40381E0809341038091F40380
:108E30009091F503809734F480E290E09093F503ED
:108E40008093F4038091F4039091F50380389105A9
:108E500034F08FE790E09093F5038093F403E09172
:108E60004203F0E0EF5BFC4F8091F403828360E00B
:108E700080E00E940759C3E4D3E089910E94D3584F
:108E800083E0CA34D807C9F74EE561E08091420318
:108E90000E94255980914203882329F040E261E035
:108EA00081500E9425590E9450638823A9F0E091C7
:108EB00042038E2F90E00196079788F4EF5FE093CE
:108EC0004203F0E0EF5BFC4F8281082E000C990B0F
:108ED0009093F5038093F403DF91CF91089560910F
:108EE000F9038BE0689FB0011124675B724F47E084
:108EF00050E083E493E00F942097DF91CF910D949D
:108F0000CF28CF930F9435221092D8038091D803A5
:108F1000843088F51092DB030F94DD2081110F94CB
:108F2000510383E095E40E9463820F94542A85EEF6
:108F300092E40E9463826BE17AEF0F94B221C0E069
:108F400089E893E40E94638261E36C0F2C2F4CE26A
:108F50005AEF0F945B21CF5FC53091F70F94092230
:108F60008091D8038F5F8093D8038091DA038F5F5D
:108F70008093DA03CBCFCF910895EF92FF920F93B6
:108F80001F93CF938C017B010F9435221092D8034D
:108F90008091D803843028F51092DB030F94DD20F4
:108FA00081110F94510383E095E40E9463820F9432
:108FB000542AC0E061E36C0F2C2FA701C8010F9465
:108FC0005B21CF5FC530B1F70F9409228091D803A0
:108FD0008F5F8093D8038091DA038F5F8093DA03E9
:108FE000D7CFCF911F910F91FF90EF90089587E712
:108FF00090E60E9463826FE078EC0C94BDC786E82F
:1090000090E60E9463826BE178EC0C94BDC789E81E
:1090100093E40E94638263EA79EF0C94BDC7CF9317
:10902000C82F0F94B369882321F08C2FCF910D9412
:109030009381CF910895CF93C82F0F94CF2861E0EB
:109040008C2F0F941981CF910D94510380E00F94D0
:10905000D58081E00F94D58082E00F94D58083E0A5
:109060000F94D58084E00D94D5800D94D5800F9415
:1090700035221092D8038091D803843008F045C07F
:109080001092DB0380E092E40E9463820F94542AE2
:1090900069E87FEB89E49DE00F94E42764E87FEBC7
:1090A00084E59DE00F94E4276FE77FEB8FE59DE07B
:1090B0000F94E4276AE77FEB8AE69DE00F94E427AC
:1090C00065E77FEB85E79DE00F94E42760E77FEBA2
:1090D00080E89DE00F94E4276BE67FEB8BE89DE052
:1090E0000F94E42766E67FEB86E99DE00F94E42782
:1090F0000F9409228091D8038F5F8093D8038091C9
:10910000DA038F5F8093DA03B6CF0895CF92DF92B0
:10911000EF92FF9280E090E0A8ECB2E4809302121C
:1091200090930312A0930412B093051265E575E5C0
:1091300085E591E40F948A4980ED97E00E94688468
:1091400080EE9AE30E9463820F94554C6091F61171
:109150007091F711072E000C880B990B0F949A91C0
:109160009B01AC016091CA0D7091CB0D8091CC0D2B
:109170009091CD0D0F94BB979F7720E030E040EAAF
:1091800050E40F94459A1816B4F580EE9AE30E94C5
:1091900063820F94554C64E080E00E94075960910F
:1091A000F6117091F711072E000C880B990B0F9494
:1091B0009A9120E030E040E05FE30F94BC970F9479
:1091C0002D996B0120E030E040E05FE36091CA0D33
:1091D0007091CB0D8091CC0D9091CD0D0F94BC97DB
:1091E0000F942D99A60182E00F94540388EE93E02A
:1091F0000E946884ABCFFF90EF90DF90CF900895EE
:109200004F925F926F927F92AF92BF92CF92DF9216
:10921000EF92FF920F931F93CF93DF9324E030E000
:1092200041E050E0D901A256BF47FD01659174911C
:10923000861797070CF066C041505109440F551F1F
:10924000440F551FEA01C056DF47FE0105911491F6
:1092500042565F47FA0165917491F901E056FF4764
:10926000E590F490FE01C590D490FD01C591D49194
:10927000FA01A590B490861B970BBC01990F880B3F
:10928000990B0F949A912B013C01B7016C197D0940
:10929000072E000C880B990B0F949A919B01AC013F
:1092A000C301B2010F94D9916B017C01BE016A190F
:1092B0007B09072E000C880B990B0F949A919B0148
:1092C000AC01C701B6010F94BB986B017C01B801DA
:1092D000110F880B990B0F949A919B01AC01C70158
:1092E000B6010F94BC97DF91CF911F910F91FF9022
:1092F000EF90DF90CF90BF90AF907F906F905F9096
:109300004F9008954F5F5F4F2C5F3F4F20383105DE
:1093100009F088CFECE1F1E865917491072E000C1B
:10932000880B990B0F949A91DECF8F929F92AF92F8
:10933000BF92CF92DF92EF92FF929091F203882337
:1093400009F49DC0911192C00F94AF0B0E949E60D2
:109350006091500270915102072E000C880B990BFE
:109360000F949A9120914E0630914F0640915006ED
:10937000509151060F94D9912AE037ED43E25CE316
:109380000F94D99120910612309107124091081242
:10939000509109120F94BC976093061270930712B4
:1093A000809308129093091286E092E10F941A17A5
:1093B000C0906502D0906602E0906702F09068026B
:1093C00020E030E040E752E460915206709153068D
:1093D00080915406909155060F94D991609365023F
:1093E00070936602809367029093680281E0809395
:1093F000F20390E080E00E94CF6A20E030E0A90113
:1094000060915606709157068091580690915906C2
:109410000F94B198882311F10F94AF0B2091560649
:1094200030915706409158065091590660910212AA
:109430007091031280910412909105120F94BB97C2
:10944000609302127093031280930412909305129A
:109450000F944D1790E080E00E94CF6AC0926502A1
:10946000D0926602E0926702F0926802FF90EF905D
:10947000DF90CF90BF90AF909F908F9008959923E9
:10948000A9F30F94AF0B0E949E60809065029090AC
:109490006602A0906702B090680220E030E040E7EA
:1094A00052E460915E0670915F0680916006909133
:1094B00061060F94D9916093650270936602809360
:1094C000670290936802C0905606D0905706E090CD
:1094D0005806F090590620E030E0A901C701B60116
:1094E0000F94B1988823E1F0A701960160910212D0
:1094F0007091031280910412909105120F94BC9701
:1095000060930212709303128093041290930512D9
:109510000F944D1790E080E00E94CF6A0F94AF0B3C
:1095200020915A0630915B0640915C0650915D0691
:1095300060914E0670914F068091500690915106B1
:109540000F94BC976B017C016091500270915102A5
:10955000072E000C880B990B0F949A919B01AC017C
:10956000C701B6010F94D9912AE037ED43E25CE3DD
:109570000F94D9919B01AC01609106127091071272
:1095800080910812909109120F94BB976093061274
:1095900070930712809308129093091286E092E16B
:1095A0000F941A171092F20390E080E00E94CF6AA5
:1095B0008092650290926602A0926702B092680261
:1095C00055CF0F931F93CF93DF93EC0184E0FE01FF
:1095D00011928A95E9F723E030EA4AE050E960E326
:1095E00085EF95E10E94815D882391F023E030EAC8
:1095F0004AE050E961E185EF95E10E94815D8823B1
:1096000039F080E88093F5150F94C95780E02FC09A
:109610000E94336A8B010E947A5D8093F7158F3F19
:1096200069F40E94336A601B710B6D32714098F3CC
:1096300081E18093F5150F94C957E6CF8E3F11F065
:109640008FE0F7CF8E010C5F1F4F0E947A5D8993E8
:10965000C017D107D1F7CEEFD1E00E947A5D2197F4
:10966000E1F70F94C9578FEF0E94755D81E0DF919C
:10967000CF911F910F910895EF92FF920F931F9337
:10968000CF93DF9300D01F921F92CDB7DEB7082F84
:10969000162FF72E0F94B3698823D9F00B3029F1D8
:1096A000043131F187E5E82EE9820A831B83FC82CD
:1096B000CE0101960F945C1A8D8347E5502F612FE0
:1096C0007F2D0F94CF7860E080E00F94FD7F88239A
:1096D00059F30F900F900F900F900F90DF91CF9153
:1096E0001F910F91FF90EF90089510936C12DACFB5
:1096F00010936D12D7CF1F93CF93DF93282F30E0B5
:10970000F901E953FB478491F901EF58FB47D491E4
:10971000F901E55EFB47C491CC23A9F0162F811116
:109720000E9420B5EC2FF0E0EE0FFF1FE951FC473F
:10973000A591B4918FB7F894EC91111108C0D09510
:10974000DE23DC938FBFDF91CF911F910895DE2B35
:10975000F8CFCF93DF9390E0FC01EF58FB472491C3
:10976000855E9B47FC0184918823D1F090E0880FAF
:10977000991FFC01E353FC47A591B491FC01E95109
:10978000FC47C591D49161110EC09FB7F8948C919C
:10979000E22FE0958E238C932881E223E8839FBFFC
:1097A000DF91CF9108958FB7F894EC91E22BEC9371
:1097B0008FBFF6CF1F93CF93DF93182FEB0161E09C
:1097C0000E94A9CB209739F460E0812FDF91CF91DF
:1097D0001F910C947BCBCF3FD10511F461E0F5CF05
:1097E000E12FF0E0E953FB47E491E150E23108F06A
:1097F000B3C0F0E08827E050F4438F4F0D94049DF0
:1098000012CC1ACC1FCC29CC33CCACCC3DCC45CC23
:109810004DCC57CC61CC6BCC7ACC84CCACCC8ECC40
:1098200098CCA2CC84B5806884BDC7BDDF91CF91B0
:109830001F91089584B5806284BDC8BDF7CF809123
:109840008000806880938000D0938900C093880056
:10985000EDCF80918000806280938000D0938B0058
:10986000C0938A00E3CF809180008860809380005D
:10987000D0938D00C0938C00D9CF8091B0008068C8
:109880008093B000C093B300D1CF8091B0008062CC
:109890008093B000C093B400C9CF809190008068DD
:1098A00080939000D0939900C0939800BFCF80918F
:1098B0009000806280939000D0939B00C0939A00A8
:1098C000B5CF80919000886080939000D0939D00E8
:1098D000C0939C00ABCF8091A00080688093A000D3
:1098E0008091A0008F7B8093A000D093A900C093AB
:1098F000A8009CCF8091A00080628093A000D093AC
:10990000AB00C093AA0092CF8091A00088608093A2
:10991000A000D093AD00C093AC0088CF809120010F
:10992000806880932001D0932901C09328017ECFC5
:1099300080912001806280932001D0932B01C093FD
:109940002A0174CF80912001886080932001D093F8
:109950002D01C0932C016ACFC038D1050CF03ECF49
:1099600033CF8230910538F0880F991F880F991FE7
:1099700005970197F1F708954F925F926F927F924A
:109980008F929F92AF92BF92CF92DF92EF92FF920F
:109990000F931F93CF93DF93EB016A0179010E942C
:1099A0002681F601008111811C161D06B4F40E15E6
:1099B0001F0599F4C801DF91CF911F910F91FF907E
:1099C000EF90DF90CF90BF90AF909F908F907F905F
:1099D0006F905F904F900C94B1CCB80190E080E014
:1099E0000F9498912DEB37E346E855E30F94D99106
:1099F0004B015C01BE010D2E000C880B990B0F94DE
:109A00009A91A50194010F94D9912B013C01A501D4
:109A100094016AE077ED83E29CE30F94BB989B018D
:109A2000AC01C301B2010F94BC974B015C012AE069
:109A300037ED43E25EE30F94B1981816DCF5A5010B
:109A400094016AE077ED83E29CE30F94BB9820E0F9
:109A500034E244E759E40F94D99120E030E040E04B
:109A60005FE30F94BC970F9434995B016E157F05EB
:109A700008F457010A151B0531F4209721F0FCF07A
:109A8000F1E0AF1AB108C5010E94B1CCF601B18274
:109A9000A082DF91CF911F910F91FF90EF90DF9007
:109AA000CF90BF90AF909F908F907F906F905F907E
:109AB0004F90089580E1A82E87E2B82EDBCF8FEF7C
:109AC000A81AB80AE0CF2F923F924F925F926F92FE
:109AD0007F928F929F92AF92BF92CF92DF92EF923E
:109AE000FF920F931F93CF93DF9300D0CDB7DEB7D4
:109AF000F901E080F180E114F10409F46CC016165C
:109B000017060CF068C019015B834A836B018983D7
:109B1000FA0100811181B80190E080E00F949891E2
:109B20004B015C01B6010D2C000C880B990B0F94B6
:109B30009A912B013C01A5019401C501B4010F9438
:109B4000D9919B01AC01C301B2010F94D9919B0142
:109B5000AC016AE077ED83EA9BE30F94BB9820E0C9
:109B600030E040E05FE30F94BC970F9434996E159A
:109B70007F0530F589810E942681EA81FB81808101
:109B800091810E94B1CCF1018081918101979183F3
:109B9000808381E00F900F900F90DF91CF911F9104
:109BA0000F91FF90EF90DF90CF90BF90AF909F907C
:109BB0008F907F906F905F904F903F902F9008957F
:109BC000662777276C197D0998014A815B81898115
:109BD0000E94BCCCD8CF80E0DDCF0F931F93CF93F2
:109BE000DF93182F062FD1E0C0E0812F8D2329F0BD
:109BF000602F6D238C2F0E942E81CF5FDD0FC3302D
:109C0000A1F7DF91CF911F910F9108958F929F92AD
:109C1000AF92BF92CF92DF92EF92FF9230E020E0BE
:109C200091E0482F492319F1A901440F551F440F12
:109C3000551FFA01E053F94FC080D180E280F380D4
:109C4000762F7923812C912C54018394772321F052
:109C500088248A94982C5401C80CD91CEA1CFB1C3B
:109C60004053594FFA01C082D182E282F382990FA8
:109C70002F5F3F4F23303105A1F6FF90EF90DF902B
:109C8000CF90BF90AF909F908F9008952F923F926A
:109C90004F925F926F927F928F929F92AF92BF92FC
:109CA000CF92DF92EF92FF920F931F93CF93DF93A8
:109CB00000D000D0CDB7DEB7C090D006D090D1068E
:109CC000E090D206F090D3067C01EC18FD0880915C
:109CD000D4069091D506A091D606B091D706681B00
:109CE000790B8091D8069091D906A091DA06B091AF
:109CF000DB06FA01E81BF90BFA83E983FB01FF0F8E
:109D0000EE0BFF0FFE2FEE1FE27089819A8188E033
:109D10009802812D990B11248470E82B8F2D881FB8
:109D20008827881FE82BE093060490910B01987B0D
:109D300087E0E827E0FD9260E1FD9160E47009F0C2
:109D4000946090930B01000087E895EB011102C02D
:109D500090E080E090931C0480931B0430930504F2
:109D60002093040429813A813E832D8337FF05C067
:109D70003195219531093E832D838B0177FF03C0F7
:109D8000119501951109F7FE03C0F194E194F108D2
:109D90009801D8010F940C9D4B015C012D813E81EF
:109DA000D9010F940C9D860E971EA81EB91E97010F
:109DB000D7010F940C9D680D791D8A1D9B1D0F9472
:109DC00098910F948A9B20E030E040E05FE30F948D
:109DD000BC970F9434992B014B015B016B013B0144
:109DE0001C821B82312C212C1A821982611471046D
:109DF00009F448C0E0911B04F0911C043097F1F580
:109E000080E0EC14FD0440F0C40CD51C89819A81DB
:109E100001969A83898381E00A151B0530F08260E0
:109E2000A40CB51C9FEF291A390AED81FE81E815B3
:109E3000F90548F08460840C951C2B813C812F5FD0
:109E40003F4F3C832B83CE18DF08A01AB10AED8167
:109E5000FE818E1A9F0A0E942681E0911704F091DC
:109E600018043097D1F1B201C3011995009711F090
:109E70000E94B1CCF1E06F1A7108B8CF1995882310
:109E800009F4BECFE0911904F0911A04309741F023
:109E900030E020E04B815C81B10189819A81199584
:109EA00081E0672809F480E026960FB6F894DEBFBB
:109EB0000FBECDBFDF91CF911F910F91FF90EF901B
:109EC000DF90CF90BF90AF909F908F907F906F90DA
:109ED0005F904F903F902F90089584EF91E0C8CF0E
:109EE000CF93C82F86EA9CE00F940C97C0956C2FF7
:109EF000682386EA9CE0CF910D9430971F93CF930F
:109F0000DF9300D000D01F921F92CDB7DEB7BE0105
:109F10006F5F7F4F8091F9030E94F75B8091F90397
:109F20001BE0819FC00111246FEF7FEF805B924F98
:109F30000F944E976091F903619FB0011124675B04
:109F4000724F47E050E0CE0101960F94209781EACE
:109F50009DE00F940C979091F90389130AC00E9419
:109F6000E95B80E00E94D55B8F3F19F480E10E949D
:109F700070CF0F94CF2828960FB6F894DEBF0FBE8F
:109F8000CDBFDF91CF911F910895CF93C82F86EA5F
:109F90009CE00F940C97682F6C2B86EA9CE0CF9185
:109FA0000D9430972F923F924F925F926F927F92D3
:109FB0008F929F92AF92BF92CF92DF92EF92FF92D9
:109FC0000F931F93CF93DF93CDB7DEB7C25DD10957
:109FD0000FB6F894DEBF0FBECDBF182F81110AC097
:109FE0001092F3111092F2111092F7111092F611D3
:109FF0000E941E5C80E00F942F4C0F94DF770F942B
:10A00000D31E1092F7031092F603ECEBF6E083E018
:10A01000DF011D928A95E9F781E00E94F76CC35534
:10A02000DF4F99838883CD5AD04083E59FE40E9417
:10A0300063820F94554C60E070E080EA90E40E94E7
:10A0400017630E949E6080E00F94BB6981E00F94CB
:10A05000BB690F944D170F941B161092630220E0FA
:10A0600030E040EA50E46091FA117091FB11809168
:10A07000FC119091FD110F94BC976093FA117093AD
:10A08000FB118093FC119093FD1120E030E040EA39
:10A0900050E46091FE117091FF1180910012909137
:10A0A00001120F94BC976093FE117093FF1180937F
:10A0B00000129093011260E070E080EA91E40F9446
:10A0C0008A490F94AF0B812F0F94144EE9968FAFEE
:10A0D000E997811104C0E9961FAEE9970DC387E1A6
:10A0E0009FE40E9463820F94C44D112309F4DFC2E0
:10A0F00085EE9EE40E9463820F94554C4EE957E62C
:10A1000063E080E00E9419590E94D96C111128C0A7
:10A1100084E08093640286EA9EE40E94638241E0C8
:10A1200060E00F94E84C811106C08CE79EE40E9429
:10A1300063820F94C44D84EE9DE40E9463820F9469
:10A14000C44D82E08093640283EC9EE40E946382AB
:10A150000F94554C46E957E663E080E00E94195998
:10A16000009163021092630260E070E080E89FEB70
:10A170000E94B562C12CD12C80EAE82E80E4F82E32
:10A18000C0920212D0920312E0920412F0920512D1
:10A1900081E08093630260E070E080EA91E40F94D4
:10A1A0008A490F94AF0B0093630282E00F949B0BDC
:10A1B0002DEC3CEC44EA50E40F94B19818160CF4E2
:10A1C0007FC282E00F949B0B23E333E34BE950E41F
:10A1D0000F94459A87FD74C2111177C280E10E94E5
:10A1E00070CF81EA9DE00F940C97BBE08B9FC0017C
:10A1F000112470E060E0805B924F0F944E970E94B4
:10A20000D96CE8E9F2E184ECDF011D928A95E9F767
:10A210008FE298E80E94FE6381E090E00F94D55BA6
:10A2200083EC9EE40E9463820F94554CC09202120C
:10A23000D0920312E0920412F0920512B2E0E59679
:10A24000BFAFE597AB961FAEAB9710E000E00230D2
:10A25000110511F403E010E00E94D96C63E080E086
:10A260000E94075998012F5F3F4FE4963FAF2EAFF2
:10A27000E4973F932F934AE258E85F934F930E94ED
:10A28000BD58F3E0000F111FFA95E1F7C801885699
:10A290009D4EA0969FAF8EAFA09765E575E585E5CD
:10A2A00091E40F946D4BF801E65FF7478591959126
:10A2B000A591B4918093FA119093FB11A093FC1196
:10A2C000B093FD11025F1747F80185919591A59113
:10A2D000B4918093FE119093FF11A0930012B0935C
:10A2E000011260E070E088E492E40F946D4BAFE8F7
:10A2F000B6E8BF93AF930F94CE954EE756E863E070
:10A3000084E00E9419590F94AC030F94AF0B809115
:10A310006F008D7F80936F000FB6F894A8958091A1
:10A320006000886180936000109260000FBE109200
:10A330001C0410921B0421E935EB30931A0420937E
:10A34000190444EF54EB5093180440931704009100
:10A35000D8061091D9062091DA063091DB0640919B
:10A36000D4065091D5066091D6067091D70680919B
:10A37000D0069091D106A091D206B091D3063F931A
:10A380002F931F930F937F936F935F934F93BF937D
:10A39000AF939F938F938EE297E89F938F930F9441
:10A3A000CE954090D0065090D1066090D206709025
:10A3B000D306B42CA52C8091D4069091D506A091FB
:10A3C000D606B091D7066E968CAF9DAFAEAFBFAF3D
:10A3D0006E976B969FAC6B976C968FAC6C97C0909A
:10A3E000D806D090D906E090DA06F090DB060FB6DA
:10A3F000F894DEBF0FBECDBFA4E82A2EB4E63B2EF4
:10A40000B5E0CB16B7EFDB060CF4D0C11A82198287
:10A410001F921F92E3E0EF932F921F923F92DF92E1
:10A42000CF928F929F92AF92BF9225EA36E83F93E8
:10A430002F930F94CE950FB6F894DEBF0FBECDBF0D
:10A4400089819A81803D924008F47BC189819A81FB
:10A45000803A954010F00C94DDE29E012F5F3F4F53
:10A46000790110E000E02CE73CEFA60144565109C9
:10A47000692D782D8B2D9A2D0F94A376882311F4B6
:10A480000C94DDE289819A8180539D4FC090D8065B
:10A49000D090D906E090DA06F090DB060091D40661
:10A4A0001091D5062091D6063091D7064091D0065E
:10A4B0005091D1066091D2067091D3069F938F93ED
:10A4C000DF92CF921F930F935F934F938AE097E8A9
:10A4D0009F938F930F94CE954091D8065091D906B3
:10A4E0006091DA067091DB064854510900E028ECCF
:10A4F00030E06B966FAD6B976C967FAD6C97C20139
:10A500000E9446CE2091D0063091D1064091D206CD
:10A510005091D3066E962CAF3DAF4EAF5FAF6E97A6
:10A520008091D4069091D506A091D606B091D70619
:10A53000AA968CAF9DAFAEAFBFAFAA972091D806B9
:10A540003091D9064091DA065091DB06A6962CAFE1
:10A550003DAF4EAF5FAFA697A2EEBAE00FB6F8944C
:10A56000DEBF0FBECDBF90E080E0FC01EB55F847A9
:10A57000259134912D933D93FC01E357F8472591A4
:10A58000349157963C932E935697029688319105B5
:10A5900061F7A4964EAD5FADA497A8966EAD7FAD62
:10A5A000A8976C968EAD9FAD6C970F942B7362EE4F
:10A5B000262E66E0362E710170E2972EE0E5CE2E53
:10A5C000E7E8DE2E00EE18E95701812CD5018D91C8
:10A5D0005D011F928F93DF92CF920F94CE9583945B
:10A5E0000F900F900F900F90B0E28B12EFCF1F9350
:10A5F0000F930F94CE959A94E0E2EE0EF11C0F901B
:10A600000F909110E1CF1F930F930F94CE9562EEB0
:10A610007AE00F900F90E2EEF6E090E080E050E0FC
:10A6200040E02191211174C44F5F5F4F6E177F0787
:10A63000C1F79A01280F391F25383340ACF0433356
:10A64000510594F0833391057CF020E034E0241B25
:10A65000350B281B390B2417350734F40DEF1FEF8A
:10A66000281739070CF4D3C066961FAE669762961A
:10A670001FAE629722961FAE2297198282EE96E055
:10A68000892B99F082EE9AE00FEF009749F0AE0126
:10A690004F5A5F4FBE016B5A7F4F0F944E72082F77
:10A6A0008AEF9AE0892B09F038C48FEF48C483EC15
:10A6B0009EE40E9463820F94554C4AE957E620CDF0
:10A6C0008BE398E80F94C44D06CDC355DF4F8881C6
:10A6D0009981CD5AD0400E94DD6C0F944E1F0F948B
:10A6E000D61C0F94E24EE9968FAFE997882309F4C0
:10A6F000F2CC84E00E94C5CF81E00F942F4CE99604
:10A700008FADE997CE52DF4F0FB6F894DEBF0FBE84
:10A71000CDBFDF91CF911F910F91FF90EF90DF9010
:10A72000CF90BF90AF909F908F907F906F905F90F1
:10A730004F903F902F900895E1E0E596EFAFE597B9
:10A7400081CDFE0131967F0110E000E024E833E086
:10A75000A601692D782D8B2D9A2D0F94A376882331
:10A7600009F474CE89819A8191CE89819A8180344D
:10A770009B40B8F4CE0101967C0104EB10E02CE77D
:10A780003CEFA6014C525140692D782D8B2D9A2D0E
:10A790000F94A376882329F089819A818059974F55
:10A7A00075CE90E9C91A91E0D90A2ACE0091D8064F
:10A7B0001091D9062091DA063091DB064091D4063B
:10A7C0005091D5066091D6067091D7068091D0063B
:10A7D0009091D106A091D206B091D3063F932F93CA
:10A7E0001F930F937F936F935F934F93BF93AF9399
:10A7F0009F938F938DED96E89F938F930F94CE95B3
:10A800000FB6F894DEBF0FBECDBF0FEF1FEF8DEB7D
:10A8100097E89F938F930F94CE9563E084E00E9416
:10A82000075980E10E94DA580F945A1888E198E29B
:10A830000FB6F894A895809360000FBE90936000C7
:10A840008091600080648093600080916F008260DE
:10A8500080936F000F900F900D3FBFEF1B0709F41F
:10A86000CFC40F3F100711F40C9489E220E030E0D0
:10A87000A901A096AEADBFADA0976D917D918D91D0
:10A880009C910F94D9912091FA113091FB11409134
:10A89000FC115091FD110F94BC97A096EEADFFAD49
:10A8A000A0976083718382839383C090FE11D090C0
:10A8B000FF11E0900012F090011220E030E0A901B9
:10A8C00064817581868197810F94D991A701960142
:10A8D0000F94BC97A096AEADBFADA09714966D93A4
:10A8E0007D938D939C9317972DEC3CEC4CE050ECB2
:10A8F000C701B6010F94B19887FF0CC08DEC9CEC9A
:10A90000ACE0B0EC8093FE119093FF11A093001285
:10A91000B093011220E030E040E450E46091021274
:10A920007091031280910412909105120F94BC97BC
:10A930006093021270930312809304129093051295
:10A94000E4960EAD1FADE4970430110509F07FCCFD
:10A95000AB96BFADAB97BB2331F0E596EFADE59776
:10A96000E13009F0E9CE85E797E69F938F930F9446
:10A97000CE9590E080E00E9468840F900F902DECBF
:10A980003CEC4CE250EC60919C1270919D128091D5
:10A990009E1290919F120F94B19887FF38C489E05E
:10A9A00098E80E94056787ED97E80E94FE63609132
:10A9B0009C1270919D1280919E1290919F1242E084
:10A9C0000E94236583ED97E80E94FE636DEC7CECAA
:10A9D0008CE290EC0F94DD5BF2E0E396FFAFE3973F
:10A9E0008090981290909912A0909A12B0909B1219
:10A9F00020919C1230919D1240919E1250919F1275
:10AA0000A2962CAF3DAF4EAF5FAFA2974090A01281
:10AA10005090A1126090A2127090A3128091A41283
:10AA20009091A512A091A612B091A7126E968CAF2C
:10AA30009DAFAEAFBFAF6E97A50194016091B0120C
:10AA40007091B1128091B2129091B3120F94BB9792
:10AA5000AE966CAF7DAF8EAF9FAFAE97A2962CAD8A
:10AA60003DAD4EAD5FADA2976091B4127091B5123D
:10AA70008091B6129091B7120F94BB97AA966CAFC3
:10AA80007DAF8EAF9FAFAA976E962CAD3DAD4EAD0C
:10AA90005FAD6E97A2966CAD7DAD8EAD9FADA2976A
:10AAA0000F94BB979B01AC010F94D9916B017C0172
:10AAB000A5019401C501B4010F94D991A6966CAF7C
:10AAC0007DAF8EAF9FAFA697A3019201C301B201E4
:10AAD0000F94D991E8966CAF7DAF8EAF9FAFE8979A
:10AAE000A3019201C301B2010F94BC97A501940187
:10AAF0000F94D9919B01AC01A6966CAD7DAD8EAD46
:10AB00009FADA6970F94BB97E8962CAD3DAD4EAD8B
:10AB10005FADE8970F94BC97A70196010F94BC977F
:10AB2000E2966CAF7DAF8EAF9FAFE297AA962CAD49
:10AB30003DAD4EAD5FADAA97CA01B9010F94D99151
:10AB4000AA966CAF7DAF8EAF9FAFAA97AE962CAD95
:10AB50003DAD4EAD5FADAE97CA01B9010F94D9912D
:10AB60009B01AC01AA966CAD7DAD8EAD9FADAA9751
:10AB70000F94BC97A70196010F94D991E2962CAD42
:10AB80003DAD4EAD5FADE2970F94D9910F948A9B86
:10AB9000AE966CAF7DAF8EAF9FAFAE9720E030E04A
:10ABA00040E450E4C301B2010F942C9BAA966CAF11
:10ABB0007DAF8EAF9FAFAA97A7019601C301B201E7
:10ABC0000F94D991AE962CAD3DAD4EAD5FADAE9725
:10ABD0000F94BC97AA962CAD3DAD4EAD5FADAA9734
:10ABE0000F94BC976B017C01A5019401C501B401D0
:10ABF0000F94BC97E8962CAD3DAD4EAD5FADE89798
:10AC00000F94D9919B01AC01C701B6010F94BB977A
:10AC10006B017C01A6962CAD3DAD4EAD5FADA69708
:10AC2000C301B2010F94D9919B01AC01C701B601D8
:10AC30000F94BC97E2962CAD3DAD4EAD5FADE29763
:10AC40000F94BB986B017C01C092A812D092A912FC
:10AC5000E092AA12F092AB12A5019401C301B201D5
:10AC60000F94BB974B015C01B7FAB094B7F8B0945E
:10AC7000A2962CAD3DAD4EAD5FADA2976E966CAD7C
:10AC80007DAD8EAD9FAD6E970F94BB979B01AC01D0
:10AC9000C501B4010F94BB984B015C01A301920163
:10ACA000C701B6010F94BB979B01AC01C501B4016C
:10ACB0000F94D9916E962CAD3DAD4EAD5FAD6E97B4
:10ACC0000F94BC976093AC127093AD128093AE1248
:10ACD0009093AF121092C8121092C9121092CA1219
:10ACE0001092CB121092CC121092CD121092CE1262
:10ACF0001092CF1294E6CB56DF4F9883C559D040BF
:10AD0000A2961CAE1DAE1EAE1FAEA2976E961CAED6
:10AD10001DAE1EAE1FAE6E97DE0111966896BFAFD8
:10AD2000AEAF6897FE01EF5BFF4F6A96FFAFEEAFE5
:10AD30006A976E966CAD7DAD8EAD9FAD6E970F949C
:10AD4000B698A6966CAF7DAF8EAF9FAFA6976E9666
:10AD50006CAD7DAD8EAD9FAD6E970F947C9BC7574C
:10AD6000DF4F688379838A839B83C958D040A2963A
:10AD70006CAD7DAD8EAD9FADA2970F94B698C357C5
:10AD8000DF4F688379838A839B83CD58D040A29616
:10AD90006CAD7DAD8EAD9FADA2970F947C9BC756D9
:10ADA000DF4F688379838A839B83C959D040689633
:10ADB000AEADBFAD6897E0E41D92EA95E9F780E19A
:10ADC0006A96AEADBFAD6A971D928A95E9F790E09D
:10ADD00080E00E9468842091C8123091C91240918D
:10ADE000CA125091CB12C155DF4F288339834A8351
:10ADF0005B83CF5AD0408091CC129091CD12A0911C
:10AE0000CE12B091CF12CD54DF4F88839983AA839D
:10AE1000BB83C35BD040DE01AF5BBF4FC356DF4F88
:10AE2000B983A883CD59D040FE013196E096FFAF9B
:10AE3000EEAFE09700E0C756DF4F288139814A81A5
:10AE40005B81C959D0405058C358DF4F288339839C
:10AE50004A835B83CD57D040C357DF4F88819981A8
:10AE6000AA81BB81CD58D040B058CF57DF4F8883DF
:10AE70009983AA83BB83C158D040C757DF4F28812D
:10AE800039814A815B81C958D0405058CB57DF4F38
:10AE9000288339834A835B83C558D040E0962EAC23
:10AEA0003FACE09710E047E952E1A8965FAF4EAFA4
:10AEB000A8972A0154E0752EC12CD12C76010130BF
:10AEC00011F40C944DE3113011F40C94FFE20023C3
:10AED00011F40C943FE3023009F09DC1D2011196A8
:10AEE0002D913D914D915C911497CB57DF4F688127
:10AEF00079818A819B81C558D0400F94D9914B01AB
:10AF00005C01111196C160E070E080E89FE3A6C18A
:10AF10002F3F09F08BCB019689CBAE014F5F5F4F7E
:10AF2000BE016F5B7F4F8AEF9AE00F944E72669678
:10AF30006FAD669762961FAD6297801728F02296D4
:10AF40006FAD22971981082F083508F456C170E0BB
:10AF500090E080E00F949A9120E030E040EB50E4E4
:10AF60000F94BC972B013C0165964CAE5DAE6EAE66
:10AF70007FAE6597612F70E090E080E00F949A912A
:10AF800020E030E040EB50E40F94BC974B015C01B3
:10AF900025968CAE9DAEAEAEBFAE259720E030E0DC
:10AFA00040E950E429833A834B835C83AE014F5FD1
:10AFB0005F4FBE016F5B7F4FCE018F5A9F4F0F9443
:10AFC000036FA301920165966CAD7DAD8EAD9FAD13
:10AFD00065970F94BB976B017C019F7720E030E071
:10AFE00040E450E40F94459A181634F1A5019401F9
:10AFF00025966CAD7DAD8EAD9FAD25970F94BB971B
:10B000009F7720E030E040E450E40F94459A181612
:10B010009CF020E030E040EA50E469817A818B8145
:10B020009C810F94BB979F7720E030E040E450E490
:10B030000F94459A1816BCF520E030E040EA50E441
:10B0400069817A818B819C810F94BB979F938F93A9
:10B050007F936F93A501940125966CAD7DAD8EAD68
:10B060009FAD25970F94BB979F938F937F936F937B
:10B07000FF92EF92DF92CF9281E797E89F938F93B1
:10B080000F94CE9565964CAE5DAE6EAE7FAE659775
:10B0900025968CAE9DAEAEAEBFAE25970FB6F8949A
:10B0A000DEBF0FBECDBF20E030E048E751E465963B
:10B0B0006CAD7DAD8EAD9FAD65970F94BB9720E0D5
:10B0C00030E040E852E40F94D9916B017C016C961A
:10B0D000AEADBFAD6C97BD01BB0F880B990B0F9444
:10B0E0009A919B01AC01C701B6010F94BC976B010B
:10B0F0007C016596CCAEDDAEEEAEFFAE659720E08E
:10B1000030E048E751E425966CAD7DAD8EAD9FAD46
:10B1100025970F94BB9720E030E040E852E40F946D
:10B12000D9914B015C01A896EEADFFADA897BF0188
:10B13000FF0F880B990B0F949A919B01AC01C501ED
:10B14000B4010F94BC9725966CAF7DAF8EAF9FAFC7
:10B1500025972AE037ED43E25CE30F94D9919F9362
:10B160008F937F936F932AE037ED43E25CE3C7014F
:10B17000B6010F94D9919F938F937F936F9385E539
:10B1800097E89F938F930F94CE9520E030E040E0B6
:10B190005FE325966CAD7DAD8EAD9FAD25970F9489
:10B1A000BC970F942D996B0120E030E040E05FE305
:10B1B00065966CAD7DAD8EAD9FAD65970F94BC97D8
:10B1C0000F942D99CB0100E028EC30E0A4964EAD11
:10B1D0005FADA497B6010E9446CE0FB6F894DEBFCD
:10B1E0000FBECDBF10E000E082EC9DE0D1011D92CA
:10B1F0001D018A179B07D1F70ACB0FEF1FEFF4CF82
:10B20000E996FFADE997AB96FFAFAB972FCBE396EF
:10B210001FAEE397E5CBF20125813681478150854A
:10B22000CF57DF4F688179818A819B81C158D04097
:10B2300064CE123011F00C9431E2D20111962D91AE
:10B240003D914D915C911497CB57DF4F6881798187
:10B250008A819B81C558D0400F94D9919B01AC0144
:10B26000C501B4010F94D9919B01AC01C701B6018E
:10B270000F94BC976B017C0101110C9457E37A94F5
:10B28000F8E04F0E511C71101ACED101CD92DD9213
:10B29000ED92FD921D011F5F143009F004CEEAE02B
:10B2A000F8E8E696FFAFEEAFE6971F0127E932E137
:10B2B000AC963FAF2EAFAC97CF56DF4F1882C15937
:10B2C000D040CF55DF4F1882C15AD040CB55DF4F09
:10B2D0001882C55AD04010E0AC96AEADBFADAC9769
:10B2E00011968D919D910D90BC91A02DED968CAFF6
:10B2F0009DAFAEAFBFAFED97AC96EEADFFADAC97E7
:10B300004580568067807084812C912C20E8A22E85
:10B310002FE3B22E0023B9F0812C912C540101307F
:10B3200091F0023011F00C945CE29C01AD01CB571E
:10B33000DF4F688179818A819B81C558D0400F9405
:10B34000D9914B015C01ED962CAD3DAD4EAD5FAD9D
:10B35000ED97A6966CAD7DAD8EAD9FADA6970F9483
:10B36000D9916B017C01F101259135914591549161
:10B37000C755DF4F288339834A835B83C95AD0403E
:10B38000A3019201C756DF4F688179818A819B8131
:10B39000C959D0400F94D9919B01AC01C701B601A6
:10B3A0000F94BB97C155DF4F288139814A815B815A
:10B3B000CF5AD0400F94BC97C755DF4F28813981B1
:10B3C0004A815B81C95AD0400F94BB97A501940173
:10B3D0000F94D991CF56DF4F2881C159D040CF5516
:10B3E000DF4F3881C15AD040CB55DF4F4881C55A15
:10B3F000D040512F0F94BC97CF56DF4F688379838D
:10B400008A839B83C159D040002311F40C9468E2D5
:10B41000013011F40C946DE2023071F0A30192013D
:10B42000C358DF4F688179818A819B81CD57D04095
:10B430000F94D9916B017C01F10134968590959020
:10B44000A590B490ED962CAD3DAD4EAD5FADED97B2
:10B45000C757DF4F688179818A819B81C958D04065
:10B460000F94D991ED966CAF7DAF8EAF9FAFED97F6
:10B47000A3019201C357DF4F688179818A819B8143
:10B48000CD58D0400F94D9919B01AC01ED966CAD95
:10B490007DAD8EAD9FADED970F94BC97CD54DF4F32
:10B4A000288139814A815B81C35BD0400F94BC976E
:10B4B000A50194010F94BB97A70196010F94D99110
:10B4C000CF56DF4F288139814A815B81C159D040F5
:10B4D0000F94BC97CF56DF4F6883C159D040CF55EA
:10B4E000DF4F7883C15AD040CB55DF4F8883C55A90
:10B4F000D040192FAC964EAD5FADAC97485F5F4F13
:10B50000AC965FAF4EAFAC9758E0250E311CA7EB61
:10B51000B2E1AC96EEADFFADAC97AE17BF0709F048
:10B52000DBCE9058C356DF4FA881B981CD59D040AA
:10B530006D937D938D939D93C356DF4FB983A883FD
:10B54000CD59D0400F5FE096EEADFFADE09770961D
:10B55000E096FFAFEEAFE097043009F09FCC259660
:10B560002CAD3DAD4EAD5FAD2597E2962CAF3DAF16
:10B570004EAF5FAFE2978D819E81AF81B885ED962A
:10B580008CAF9DAFAEAFBFAFED9729853A854B85A8
:10B590005C85C358DF4F288339834A835B83CD574B
:10B5A000D0408D859E85AF85B889CF57DF4F888382
:10B5B0009983AA83BB83C158D04029813A814B81AA
:10B5C0005C81CB57DF4F288339834A835B83C5581F
:10B5D000D04029968CAD9DADAEADBFAD2997C75774
:10B5E000DF4F88839983AA83BB83C958D0402989B8
:10B5F0003A894B895C89C357DF4F288339834A8353
:10B600005B83CD58D040898D9A8DAB8DBC8DC7564C
:10B61000DF4F88839983AA83BB83C959D0402D8D7E
:10B620003E8D4F8D58A1C356DF4F288339834A83FF
:10B630005B83CD59D0408D899E89AF89B88DCF5617
:10B64000DF4F88839983AA83BB83C159D0402D964D
:10B650002CAD3DAD4EAD5FAD2D97CF55DF4F28835F
:10B6600039834A835B83C15AD04089A19AA1ABA197
:10B67000BCA1CB55DF4F88839983AA83BB83C55A6E
:10B68000D0402DA13EA14FA158A5C755DF4F28831B
:10B6900039834A835B83C95AD0408DA59EA5AFA547
:10B6A000B8A9C954DF4F88839983AA83BB83C75B3A
:10B6B000D04029A53AA54BA55CA5C554DF4F2883EA
:10B6C00039834A835B83CB5BD04061968CAD9DAD63
:10B6D000AEADBFAD6197C154DF4F88839983AA8314
:10B6E000BB83CF5BD04029A93AA94BA95CA9CD5314
:10B6F000DF4F288339834A835B83C35CD0408DA9A5
:10B700009EA9AFA9B8ADC953DF4F88839983AA8397
:10B71000BB83C75CD04029AD3AAD4BAD5CADC553E2
:10B72000DF4F288339834A835B83CB5CD0402196EB
:10B730008CAD9DADAEADBFAD2197C153DF4F8883BA
:10B740009983AA83BB83CF5CD04014E6C12CD12C53
:10B7500076014601570126013701A3019201ED96BA
:10B760006CAD7DAD8EAD9FADED970F94D9919B01E2
:10B77000AC01E2966CAD7DAD8EAD9FADE2970F94BE
:10B78000BB972B013C01A5019401C358DF4F688191
:10B7900079818A819B81CD57D0400F94D9919B01AB
:10B7A000AC01C301B2010F94BB972B013C01A7016F
:10B7B0009601CF57DF4F688179818A819B81C1587B
:10B7C000D0400F94D9919B01AC01C301B2010F94F9
:10B7D000BB97CB57DF4F288139814A815B81C558A0
:10B7E000D0400F94BB98A6966CAF7DAF8EAF9FAF45
:10B7F000A697C357DF4F288139814A815B81CD5895
:10B80000D0400F94D9919B01AC01C757DF4F68819D
:10B8100079818A819B81C958D0400F94BB972B01B5
:10B820003C01A5019401C756DF4F688179818A8167
:10B830009B81C959D0400F94D9919B01AC01C301A0
:10B84000B2010F94BB974B015C01A7019601C3564F
:10B85000DF4F688179818A819B81CD59D0400F94D7
:10B86000D9919B01AC01C501B4010F94BB97CF5690
:10B87000DF4F288139814A815B81C159D0400F94C3
:10B88000BB982B013C01CB55DF4F288139814A8180
:10B890005B81C55AD040A6966CAD7DAD8EAD9FAD97
:10B8A000A6970F94D9919B01AC01CF55DF4F6881CA
:10B8B00079818A819B81C15AD0400F94BB974B01FB
:10B8C0005C01C755DF4F288139814A815B81C95AA4
:10B8D000D040C301B2010F94D9919B01AC01C501C5
:10B8E000B4010F94BB974B015C01A7019601C954A9
:10B8F000DF4F688179818A819B81C75BD0400F943B
:10B90000D9919B01AC01C501B4010F94BB97C554FB
:10B91000DF4F288139814A815B81CB5BD0400F9416
:10B92000BB984B015C01CD53DF4F288139814A819F
:10B930005B81C35CD040A6966CAD7DAD8EAD9FADF6
:10B94000A6970F94D9919B01AC01C154DF4F688138
:10B9500079818A819B81CF5BD0400F94BB976B012B
:10B960007C01C953DF4F288139814A815B81C75CE3
:10B97000D040C301B2010F94D9919B01AC01C70122
:10B98000B6010F94BB976B017C01C553DF4F288133
:10B9900039814A815B81CB5CD040C501B4010F94F1
:10B9A000D9919B01AC01C701B6010F94BB97C1535C
:10B9B000DF4F288139814A815B81CF5CD0400F9471
:10B9C000BB986B017C01115009F0C7CEA6962CAD37
:10B9D0003DAD4EAD5FADA697C155DF4F6881798112
:10B9E0008A819B81CF5AD0400F94BC976093C81234
:10B9F0007093C9128093CA129093CB12A301920143
:10BA0000CD54DF4F688179818A819B81C35BD040AF
:10BA10000F94BC976093CC127093CD128093CE128A
:10BA20009093CF12A50194016E966CAD7DAD8EAD55
:10BA30009FAD6E970F94BC976E966CAF7DAF8EAF37
:10BA40009FAF6E97A7019601A2966CAD7DAD8EADAE
:10BA50009FADA2970F94BC97A2966CAF7DAF8EAFAF
:10BA60009FAFA297CB56DF4F9881C559D0409150D8
:10BA7000CB56DF4F9883C559D04091115AC96E9665
:10BA80006CAD7DAD8EAD9FAD6E970F94B698609303
:10BA9000B8127093B9128093BA129093BB126E963B
:10BAA0006CAD7DAD8EAD9FAD6E970F947C9B60931A
:10BAB000BC127093BD128093BE129093BF12A296D7
:10BAC0006CAD7DAD8EAD9FADA2970F947C9B9058D1
:10BAD0006093C0127093C1128093C2129093C312EC
:10BAE000A2966CAD7DAD8EAD9FADA2970F94B6982A
:10BAF0006093C4127093C5128093C6129093C712BC
:10BB00006E962CAD3DAD4EAD5FAD6E97A2966CAD11
:10BB10007DAD8EAD9FADA2970F94BB974B015C019D
:10BB20007C016B01E894F7F821EE3EE245E652E431
:10BB3000A2966CAD7DAD8EAD9FADA2970F94D991BD
:10BB40009F938F937F936F9321EE3EE245E652E4FD
:10BB5000C501B4010F94D9919F938F937F936F93F5
:10BB600081E297E69F938F930F94CE95B701A6013C
:10BB700080E69FE00F9442970FB6F894DEBF0FBEA9
:10BB8000CDBF2FE132E449E05BE3C701B6010F947A
:10BB9000459A10E000E0181674F425E33AEF4EE8F9
:10BBA0005BE3C701B6010F94459A02E010E0181656
:10BBB00014F001E010E025E33AEF4EE85BE36E9607
:10BBC0006CAD7DAD8EAD9FAD6E979F770F94459A0E
:10BBD00018160CF48AC425E33AEF4EE85BE3A2960C
:10BBE0006CAD7DAD8EAD9FADA2979F770F94459ABA
:10BBF00018160CF47AC42091B8123091B912409101
:10BC0000BA125091BB12E2962CAF3DAF4EAF5FAF70
:10BC1000E2978091C0129091C112A091C212B0918E
:10BC2000C312CB56DF4F88839983AA83BB83C55940
:10BC3000D0402091C8123091C9124091CA1250913F
:10BC4000CB12ED962CAF3DAF4EAF5FAFED9780912D
:10BC5000BC129091BD12A091BE12B091BF12C358F8
:10BC6000DF4F88839983AA83BB83CD57D04020912F
:10BC7000C4123091C5124091C6125091C712CF57CD
:10BC8000DF4F288339834A835B83C158D04080913A
:10BC9000CC129091CD12A091CE12B091CF12CB5771
:10BCA000DF4F88839983AA83BB83C558D040AAE01D
:10BCB000B8E8A496BFAFAEAFA49787E9282E82E17B
:10BCC000382EF101C180D280E380F4804580568017
:10BCD00067807084A496EEADFFADA4972591359151
:10BCE00045915491C757DF4F288339834A835B833B
:10BCF000C958D040A496EEADFFADA4973496859078
:10BD00009590A590B490C358DF4F288139814A811E
:10BD10005B81CD57D040C701B6010F94D991C3576D
:10BD2000DF4F688379838A839B83CD58D040CF5778
:10BD3000DF4F288139814A815B81C158D040C301DE
:10BD4000B2010F94D9919B01AC01C357DF4F6881B9
:10BD500079818A819B81CD58D0400F94BC97CB5775
:10BD6000DF4F288139814A815B81C558D0400F94CB
:10BD7000BC979B01AC01C501B4010F94BB974B016B
:10BD80005C01A7019601E2966CAD7DAD8EAD9FADD5
:10BD9000E2970F94D9916B017C01A3019201CB56DC
:10BDA000DF4F688179818A819B81C559D0400F948A
:10BDB000D9919B01AC01C701B6010F94BC97ED96D8
:10BDC0002CAD3DAD4EAD5FADED970F94BC979B0193
:10BDD000AC01C757DF4F688179818A819B81C9583F
:10BDE000D0400F94BB97A50194010F94589A2DEC65
:10BDF0003CEC4CE45FE30F94459A181614F40EEFF4
:10BE00001FEF38E0230E311CA4964EAD5FADA49712
:10BE1000485F5F4FA4965FAF4EAFA497AC968EADD0
:10BE20009FADAC978215930509F04BCF0115110515
:10BE300009F054C1A2962CAD3DAD4EAD5FADA297B9
:10BE40006E966CAD7DAD8EAD9FAD6E970F94BC9729
:10BE500020E030E040E05FE30F94D9916B017C017A
:10BE60000F94B698A2966CAF7DAF8EAF9FAFA2979E
:10BE70006093B8127093B9128093BA129093BB1268
:10BE8000C701B6010F947C9B6E966CAF7DAF8EAFF1
:10BE90009FAF6E976093BC127093BD128093BE12D9
:10BEA0009093BF129B01AC015058AE962CAF3DAFA2
:10BEB0004EAF5FAFAE972093C0123093C112409344
:10BEC000C2125093C312A2968CAD9DADAEADBFAD64
:10BED000A2978093C4129093C512A093C612B093F8
:10BEE000C7121092C8121092C9121092CA12109260
:10BEF000CB121092CC121092CD121092CE12109240
:10BF0000CF12412C512C3201A896AEADBFADA897EF
:10BF100011968D909D90AD90BC90149715962D9193
:10BF20003D914D915C911897A6962CAF3DAF4EAFC9
:10BF30005FAFA697E696EEADFFADE697C590D590BC
:10BF4000E590F490A5019401A2966CAD7DAD8EAD07
:10BF50009FADA2970F94D991E2966CAF7DAF8EAF53
:10BF60009FAFE297A6962CAD3DAD4EAD5FADA697C7
:10BF7000AE966CAD7DAD8EAD9FADAE970F94D99161
:10BF80009B01AC01E2966CAD7DAD8EAD9FADE297AD
:10BF90000F94BC979B01AC01C701B6010F94BB97EE
:10BFA0002091C8123091C9124091CA125091CB12FF
:10BFB0000F94BC976B017C01C092C812D092C91239
:10BFC000E092CA12F092CB1220E030E040E85FE34A
:10BFD000C301B2010F94BC972B013C01E696EEAD74
:10BFE000FFADE69734962591359145915491E296AF
:10BFF0002CAF3DAF4EAF5FAFE297A50194016E96B7
:10C000006CAD7DAD8EAD9FAD6E970F94D9914B0108
:10C010005C01A6962CAD3DAD4EAD5FADA697A29648
:10C020006CAD7DAD8EAD9FADA2970F94D9919B0164
:10C03000AC01C501B4010F94BC979B01AC01E29621
:10C040006CAD7DAD8EAD9FADE2970F94BB97209107
:10C05000CC123091CD124091CE125091CF120F944C
:10C06000BC974B015C018092CC129092CD12A092B1
:10C07000CE12B092CF12A8964EAD5FADA897485F92
:10C080005F4FA8965FAF4EAFA897E6968EAD9FAD77
:10C09000E6970896E6969FAF8EAFE697241635068C
:10C0A00009F032CFA3019201C701B6010F94BB98EA
:10C0B0006093C8127093C9128093CA129093CB12E6
:10C0C000A3019201C501B4010F94BB986093CC12F7
:10C0D0007093CD128093CE129093CF124090B812ED
:10C0E0005090B9126090BA127090BB12C090C412F6
:10C0F000D090C512E090C612F090C7122091BC12E9
:10C100003091BD124091BE125091BF12A2962CAF39
:10C110003DAF4EAF5FAFA2978091C0129091C11218
:10C12000A091C212B091C3126E968CAF9DAFAEAF0C
:10C13000BFAF6E97A7019601C301B2010F94D991C9
:10C140004B015C016E962CAD3DAD4EAD5FAD6E9773
:10C15000A2966CAD7DAD8EAD9FADA2970F94D99197
:10C160009B01AC01C501B4010F94BB974B015C016D
:10C17000AC019B01C701B6010F94BB986B017C0118
:10C180006E966CAD7DAD8EAD9FAD6E979058A5014E
:10C1900094010F94BB986E966CAF7DAF8EAF9FAF3E
:10C1A0006E97A2966CAD7DAD8EAD9FADA297905867
:10C1B000A50194010F94BB98AE966CAF7DAF8EAF86
:10C1C0009FAFAE97A5019401C301B2010F94BB9834
:10C1D0004B015C014090C8125090C9126090CA1285
:10C1E0007090CB122091CC123091CD124091CE1292
:10C1F0005091CF12A2962CAF3DAF4EAF5FAFA2973A
:10C20000C092B812D092B912E092BA12F092BB1258
:10C21000AE968CAD9DADAEADBFADAE978093BC126A
:10C220009093BD12A093BE12B093BF126E962CAD28
:10C230003DAD4EAD5FAD6E972093C0123093C112ED
:10C240004093C2125093C3128092C4129092C512AE
:10C25000A092C612B092C712C701B6019058A301AE
:10C2600092010F94D9916B017C01A2962CAD3DAD4A
:10C270004EAD5FADA2976E966CAD7DAD8EAD9FADB0
:10C280006E970F94D9919B01AC01C701B6010F9431
:10C29000BB976093C8127093C9128093CA1290938F
:10C2A000CB12AE966CAD7DAD8EAD9FADAE97905876
:10C2B000A30192010F94D9916B017C01A2962CAD40
:10C2C0003DAD4EAD5FADA297C501B4010F94D991BC
:10C2D0009B01AC01C701B6010F94BB976093CC12D0
:10C2E0007093CD128093CE129093CF1290E080E0A5
:10C2F0000E94688417FDFCC08FE597E69F938F939B
:10C300000F94CE9548EC52E160EC72E188EB92E13B
:10C310000F94511D4091C8125091C9126091CA12D8
:10C320007091CB1285EE9FE00F9442974091CC1212
:10C330005091CD126091CE127091CF1289EE9FE094
:10C340000F9442974091B8125091B9126091BA126D
:10C350007091BB128DED9FE00F9442974091BC12FB
:10C360005091BD126091BE127091BF1281EE9FE09C
:10C370000F9442974091C0125091C1126091C21225
:10C380007091C31285ED9FE00F9442974091C412C3
:10C390005091C5126091C6127091C71289ED9FE04D
:10C3A0000F9442970F94D61C0F900F90C355DF4FF8
:10C3B00088819981CD5AD0400E94DD6C80E090E068
:10C3C000A0EAB0E48093021290930312A0930412A7
:10C3D000B093051260E070E080EA91E40F948A491E
:10C3E0000F94AF0B17FD22C010920212109203128D
:10C3F000109204121092051280E090E0A6E1B3E4DE
:10C400008093B4069093B506A093B606B093B70692
:10C4100065E575E585E591E40F9457498EE19DE466
:10C420000E9463820F94C44D0F94E24E81E00F94FA
:10C430002F4C82E00F944C378FED9CE40F3F100798
:10C4400061F00E3F6FEF160709F075C0E3968FADF0
:10C45000E397811165C08AEA9CE40E9463820C9490
:10C4600062D3F2012581368147815085CF57DF4F56
:10C47000688179818A819B81C158D0400C942CD9E4
:10C48000F2012581368147815085C358DF4F68818D
:10C4900079818A819B81CD57D040C5C0F201258129
:10C4A000368147815085C358DF4F688179818A8101
:10C4B0009B81CD57D040D1C0A3019201CF57DF4F10
:10C4C000688179818A819B81C158D0400C949FD921
:10C4D000C12CD12C76010C941CDAC12CD12C90E803
:10C4E000E92E9FE3F92E0C941CDA02E010E083CBD6
:10C4F0000E3F3FEF130789F4E3964FADE3974230C9
:10C5000009F054CF88E397E69F938F930F94CE95CD
:10C510004BCFE3961FAEE39749CF0FEF1FEF46CF08
:10C52000E3969FADE397923019F488E69CE495CFAB
:10C5300081E29CE492CFE396AFADE397A11116C0E0
:10C5400086E09BE40130110561F083EC9AE402304F
:10C55000110539F08AEA9CE40115110511F48BE408
:10C560009BE40E9463820F94C44D10C0E396BFAD5C
:10C57000E3978AED9BE4B23011F08EE89BE40E94D1
:10C5800063820F94C44D10161106D4F20F3F1F4F53
:10C5900011F40C946BD086E00E94C5CF8FE59FE02C
:10C5A0000F940C9781110C947CD385E49DE40E9438
:10C5B00063820F94C44D0C947CD389819A81803717
:10C5C000984010F00C94B5D3AE014F5F5F4F7A01E5
:10C5D00004EB10E024E833E0A601485C5109692D22
:10C5E000782D8B2D9A2D0F94A376882311F40C941B
:10C5F000B5D389819A8180569A4F0C9446D20023F4
:10C6000011F40C943FD9023009F03ACFD2011196BF
:10C610002D913D914D915C911497A6966CAD7DAD99
:10C620008EAD9FADA6970F94D9914B015C0160E050
:10C6300070E080E89FE3113091F0123009F02ECFC6
:10C64000D20111962D913D914D915C911497A69632
:10C650006CAD7DAD8EAD9FADA6970F94D9919B012A
:10C66000AC01C501B4010F94D9919B01AC01C70184
:10C67000B6010F94BC976B017C010C943FD9812CBF
:10C68000912C40E8A42E4FE3B42E11110C9419D92B
:10C6900020E030E040E85FE3EACF812C912C30E8E5
:10C6A000A32E3FE3B32E1111C2CF0C943FD9111129
:10C6B000AACF0C943FD9CF93C82F86EA9CE00F9461
:10C6C0000C97982F9C2381E09C1380E0CF910895D4
:10C6D000AF92BF92CF92DF92EF92FF920F931F9390
:10C6E000CF93DF9300D000D01F92CDB7DEB78091FB
:10C6F0004003811118C081EA9DE00F940C97182F18
:10C700000E94C75B882379F080E10E945BE3882365
:10C7100051F02BE0129FC0011124805B924F0F94C7
:10C720001A97892BF1F480914103882371F081EAF3
:10C730009DE00F940C972BE0829FC00111246FEFB6
:10C740007FEF805B924F0F944E970E94506321E0E1
:10C75000811120E041E070E060E08EEE90EF0F94F8
:10C760005F222091F4033091F5032115310559F032
:10C7700081E0121613060CF080E0809341031092C2
:10C78000F5031092F40381EA9DE00F940C971BE0EF
:10C79000819FB0011124675B724F47E050E0CE01EA
:10C7A00001967C010F94FC9660E080E00E9407599E
:10C7B00081EA9DE00F940C97819FC0011124805B5A
:10C7C000924F0F941A97BC01990F880B990B0F94F5
:10C7D0009A912091D7053091D8054091D905509173
:10C7E000DA050F94BB98D62EC72EB82EA92E8091AD
:10C7F00041030EE310E2811102C000E21EE384E275
:10C800009AE30E9463821F920F931F921F93AF922D
:10C81000BF92CF92DF92FF92EF929F938F930E94ED
:10C82000BD580FB6F894DEBF0FBECDBF27960FB62A
:10C83000F894DEBF0FBECDBFDF91CF911F910F9156
:10C84000FF90EF90DF90CF90BF90AF9008956091F0
:10C85000F90381EA9DE00F9430970C9468E361E05E
:10C8600088EA9DE00E949C5B809303048091D00D38
:10C87000882341F082E08093030462E088EA9DE02F
:10C880000F94309768E287EA9DE00E949C5B80935A
:10C89000010460E971E085EA9DE00E94845B61E04B
:10C8A00084EA9DE00E949C5B80938A0361E083EAB6
:10C8B0009DE00E949C5B8093890361E082EA9DE099
:10C8C0000E949C5B80938803089544E150E06623B6
:10C8D00089F0BC018DED93E00F94F9941092F1036F
:10C8E0001092DC0382ED95E60E94056781E080935B
:10C8F0004E020895BC018DED93E00F94879DEECF1D
:10C9000090916603891780F4913061F480910C1244
:10C91000882351F040E25EE460E070E08CE092E158
:10C920000C947E6A80E0089581E00895EF92FF9272
:10C930001F93CF93DF93EC01162F862F0E9480E484
:10C940008823E9F0BE018DED93E00F94BA947C0149
:10C950008CE092E10E94C16A109366031092E10696
:10C9600010928603EF2859F061E0CE010E9465E441
:10C97000DF91CF911F91FF90EF900D946024DF9194
:10C98000CF911F91FF90EF900895EF92FF921F9328
:10C99000CF93DF93182FEB017A0180E00F942416D8
:10C9A0001092F7111092F6111092F3111092F211E9
:10C9B0000F94F92480E00E94BD820E943A598EEDC6
:10C9C00095E40E946382AC0160E080E00E94195906
:10C9D0008EEC95E40E946382AC0161E080E00E94ED
:10C9E00019591150173078F4E12FF0E08827E450FE
:10C9F000FB418F4F0D94049D3BE547E55FE580E5E6
:10CA00008CE58FE592E58AEB95E40E946382AC01A8
:10CA100062E080E00E9419598AEA95E40E946382EC
:10CA2000AC0163E080E00E94195968EE73E080E099
:10CA300090E00E94006A80E00F94241664E670E0A3
:10CA400080E090E00E94006A0F94F92480E00E9448
:10CA5000BD820E945063882389F380E396E40E949C
:10CA6000638262E00E9496E4DF91CF911F91FF9074
:10CA7000EF900D9460248DE995E40E946382AC01EF
:10CA800062E080E00E9419598EE895E4C7CF83E800
:10CA900095E40E946382AC0162E080E00E94195933
:10CAA0008EE895E40E946382AC0163E080E00E941E
:10CAB000195963E082E10E940759CE011EC08BE73D
:10CAC00095E40E946382AC0162E080E00E94195903
:10CAD00062E082E10E940759CE010E942A5A81E752
:10CAE00095E40E946382AC0163E080E00E941959E2
:10CAF00063E082E10E940759C7010E942A5A95CF3C
:10CB00008FE595E40E946382AC0162E080E00E94C0
:10CB100019598BE795E4C6CF85EA9AE4BACF82E942
:10CB20009AE4B7CF80E595E4EDCF8F929F92AF92D4
:10CB3000BF92CF92DF92EF92FF920F931F93CF930A
:10CB4000DF93F82E6091CA0D7091CB0D8091CC0DC2
:10CB50009091CD0D0F942D994B016B016091620363
:10CB60007091630380916403909165030F942D99F4
:10CB7000EB019CE3A92E88EC90E0FF2031F06B01E3
:10CB8000E40124EBA22E90E080E09093F7118093D3
:10CB9000F61184E690E0F11002C090E080E09093FE
:10CBA000F3118093F2110F94F92481E00E94BD8269
:10CBB000E12CB12C85E0982E8091D51181111CC0FB
:10CBC0000F94F92481E00E94BD8200E911E020E089
:10CBD00042E06B2D87E0F11001C088E00E942CBB81
:10CBE000B82E8E2D692D0F94A39C911102C00E9426
:10CBF0005466E394EA10E0CF1092F7111092F61108
:10CC00001092F3111092F2110F94F924B601DD0C79
:10CC1000880B990B4E01DD0FAA08BB08FF2009F411
:10CC20004DC00F949A919B01AC0160916203709189
:10CC3000630380916403909165030F94BB970F94F5
:10CC40002D99EB01C501B4010F949A919B01AC01A0
:10CC50006091CA0D7091CB0D8091CC0D9091CD0D4E
:10CC60000F94BB970F942D991091D51111110CC0F1
:10CC7000F11044C0693071050CF046C08EE190E0BF
:10CC800011E0C817D9073CF446EE52E0BA0180E043
:10CC90000E94C5E410E00F94F92481E00E94BD8257
:10CCA000812FDF91CF911F910F91FF90EF90DF9037
:10CCB000CF90BF90AF909F908F9008950F949A91CE
:10CCC0009B01AC016091CA0D7091CB0D8091CC0D90
:10CCD0009091CD0D0F94BB970F942D99EB01C50149
:10CCE000B4010F949A919B01AC0160916203709121
:10CCF00063038091640390916503B2CF89E090E073
:10CD00006E3171050CF4BCCF46EE52E0BA0181E001
:10CD10000E94C5E4C0CF2F923F924F925F926F92D4
:10CD20007F928F929F92AF92BF92CF92DF92EF92BB
:10CD3000FF920F931F93CF93DF938C010E94D96CC6
:10CD400081E00E94BD821801220C331C220C331C8E
:10CD5000E101C650DE4E88809980AA80BB8020E029
:10CD600030E040E050E4C501B4010F94BC97688303
:10CD700079838A839B8360E070E084E392E40F947C
:10CD80008A4995E0E92EF12C0E94D96C20E030E030
:10CD900048E452E4688179818A819B810F94BC9731
:10CDA000688379838A839B836CE670E08EE20E94BD
:10CDB000DACB60E070E088E493E40F948A490F9442
:10CDC000AF0B8091610362E270E0811102C064E404
:10CDD00070E08EE20E94DACB20E030E048E452E4DA
:10CDE000688179818A819B810F94BB97688379835D
:10CDF0008A839B8360E070E088E492E40F948A4920
:10CE00000F94AF0B1E993AC01D9938C021E0E21A69
:10CE1000F10809F0B9CF0E94336A2B013C0124ECE0
:10CE2000420E29E0521E611C711C81E00E94BD82ED
:10CE3000E101C650DE4EC880D980EA80FB8020E048
:10CE400030E040E85FE31E9926C01D9924C0C70169
:10CE5000B6010F94BB97688379838A839B8360E0D4
:10CE600070E084E392E40F948A490F94AF0B0E9420
:10CE7000336A4616570668067906E8F669ED72E0E9
:10CE8000012B11F06BED72E046EE52E087E00E945C
:10CE9000C5E480E030C0C501B4010F94BB97A70181
:10CEA00096010F94B19818164CF320E030E040E85A
:10CEB0005FE3C501B4010F94BC97A70196010F94DD
:10CEC000459A87FDDBCFE101C650DE4E20E030E021
:10CED00040E251E4C701B6010F94BC97688379839F
:10CEE0008A839B8360E070E084E392E40F948A4934
:10CEF0000F94AF0B81E0DF91CF911F910F91FF90C5
:10CF0000EF90DF90CF90BF90AF909F908F907F90E9
:10CF10006F905F904F903F902F9008952F923F9287
:10CF20004F925F926F927F928F929F92AF92BF9239
:10CF3000CF92DF92EF92FF920F931F93CF93DF93E5
:10CF40007C013B01CB016AE070E00F94D19C660E3E
:10CF5000771EE114F104E1F420E030E048E851E408
:10CF60006091021270910312809104129091051247
:10CF70000F94BC9760930212709303128093041273
:10CF80009093051260E070E084E392E40F948A4984
:10CF900010E000E0D0E0C0E0D12CC12C312C512CAD
:10CFA0005701AA0CBB1CAA0CBB1CC50186509E4E87
:10CFB0004C0194E0292E2E0C20E030E040E85FE3A5
:10CFC000F40160817181828193810F94BB97F40198
:10CFD000608371838283938360E070E084E392E4F2
:10CFE0000F948A490F94AF0B1E9904C01D9902C07B
:10CFF0001C9B39C053B0E114F10451F456FA552486
:10D0000050F81D998EC0C2E0D0E0442443942CC057
:10D01000F1E0EF16F10441F455FA552450F81E9B47
:10D02000F2CFD0E0C0E0F1CF54FA552450F883B1EC
:10D03000829586958695837021E082278170C82F1E
:10D0400080E0D82F8F93CF931F925F92E1ECF1E8AD
:10D05000FF93EF930F94CE950F900F900F900F903A
:10D060000F900F90D2CF412C063011050CF04FC01D
:10D070000F5F1F4F0F94F92481E00E94BD826C1452
:10D080007D0434F08FEFC81AD80A442009F494CFF5
:10D09000511020C06BED72E091E0E916F10441F00F
:10D0A0006DED72E0E2E0EE16F10411F069ED72E070
:10D0B0004BED52E0C130D10531F04DED52E02297F9
:10D0C00011F049ED52E084E0C614D7040CF483E07B
:10D0D0000E94C5E4F501E650FE4E108211821282D4
:10D0E00013820F944D17852DDF91CF911F910F91D2
:10D0F000FF90EF90DF90CF90BF90AF909F908F9078
:10D100007F906F905F904F903F902F90089510E028
:10D1100000E020E043E0632D822D0E942CBB382EDE
:10D12000A9CFC1E0D0E071CFCF93DF93EC0180E0D5
:10D130000E9480E4882331F061E0CE01DF91CF913D
:10D140000C9465E4DF91CF9108950F931F93CF93D3
:10D15000DF931F921F92CDB7DEB720918913222350
:10D1600069F18C0180911B16882379F184E596E89A
:10D170000E940567109288131A830983CE010196D5
:10D180000F94BE648823D1F049815A816091311493
:10D190007091321426E588E196E10E94D7758111DD
:10D1A00022C088EB99E60E94FE6389819A810E94E1
:10D1B000D2678EE20E94E5630E9451660F900F9045
:10D1C000DF91CF911F910F91089510923B1682E944
:10D1D0009DE90E94FE638BE69CE90E94FE63C80104
:10D1E0000E949968C7CF81E08093861389819A81D4
:10D1F0000F943A6182E496E80E94FE630F94D06136
:10D200000E94516687E49CE90E94056787E49CE9D7
:10D210000E9494E81092D10DD1CFDF92EF92FF924D
:10D220000F931F93CF93DF9300D01F92CDB7DEB73C
:10D230001092F7111092F6111092F3111092F21150
:10D24000D090EE118FEF8093EE118BEBE82E81E8FA
:10D25000F82E05EB11E820E030E048E452E460915C
:10D26000CA0D7091CB0D8091CC0D9091CD0D0F9486
:10D27000459A18168CF020E030E048E452E46091C2
:10D2800062037091630380916403909165030F942E
:10D29000459A18160CF042C08AE095E40E94638219
:10D2A0000F94554C42E064E080E00E942559609163
:10D2B000CA0D7091CB0D8091CC0D9091CD0D0F9436
:10D2C0002D997F936F93FF92EF920E94BD5881E05A
:10D2D0000E94D35840E064E089E00E9425596091A3
:10D2E00062037091630380916403909165030F94CE
:10D2F0002D997F936F931F930F930E94BD5881E0E8
:10D300000E94D35888EE93E00E9468840E9454667D
:10D310000FB6F894DEBF0FBECDBF9DCFD092EE11F9
:10D3200081E00F942F4C0E943A598EE395E40E94BD
:10D330006382AC0160E080E00E94195960ED77E003
:10D3400080E090E00E94006A82E08093640200ED39
:10D3500017E021E043E060E080E00E942CBBF82E63
:10D3600080E00E9434B681111DC046EE52E0BA0141
:10D3700086E00E94C5E408E813E121E043E06F2D58
:10D380008DE00E942CBBE12C5CC146EE52E0BA015C
:10D3900085E0EFCF80E396E40E94638262E00E9422
:10D3A00096E467C100ED17E021E043E06F2D81E0D6
:10D3B0000E942CBBF82E81E00E9434B6E82E882310
:10D3C00021F321E043E06F2D82E00E942CBBF82E78
:10D3D0001E9904C01D9902C01C9B48C01E9B16C00C
:10D3E00020E030E040E251E46091FA117091FB11CD
:10D3F0008091FC119091FD110F94BC976093FA11EC
:10D400007093FB118093FC119093FD111D9B16C02E
:10D4100020E030E040E251E46091FE117091FF1194
:10D4200080910012909101120F94BC976093FE11AD
:10D430007093FF1180930012909301121C9B16C0F1
:10D4400020E030E040E251E460910212709103125A
:10D4500080910412909105120F94BC976093021270
:10D4600070930312809304129093051260E070E0B1
:10D4700084E392E40F948A490F94AF0B1E9904C081
:10D480001D9902C01C9B25C01A8219821C821B8216
:10D490001E9B06C069ED72E0CE0101960F94539D6C
:10D4A0001D9B06C06BED72E0CE0101960F94539D5B
:10D4B0001C9B06C06DED72E0CE0101960F94539D4A
:10D4C00046EE52E0BE016F5F7F4F82E00E94C5E4EE
:10D4D000E12C0F94F92481E00E94BD82EE2009F432
:10D4E0004ACF00ED17E021E043E06F2D84E00E9479
:10D4F0002CBBF82E6AEF70E090E080E00E948EE78F
:10D50000882309F438CF10E000E021E043E06F2DDC
:10D5100084E00E942CBBF82E90E080E00E948BE615
:10D52000882309F428CF0CED15E021E043E06F2DAE
:10D5300085E00E942CBBF82E62ED70E081E090E067
:10D540000E948EE7882309F416CF10E000E021E066
:10D5500043E06F2D86E00E942CBBF82E81E090E026
:10D560000E948BE6882309F406CFEAE0F8E885916B
:10D570009591A591B4918093FA119093FB11A0938A
:10D58000FC11B093FD11EEE0F8E885919591A5911D
:10D59000B4918093FE119093FF11A0930012B09369
:10D5A000011260E070E080E291E40E94B5620E94A6
:10D5B0009E600CED15E021E043E06F2D86E00E94B7
:10D5C0002CBBF82E62ED70E082E090E00E948EE7C6
:10D5D000182F60E070E080EA91E40E94B5621123A8
:10D5E00009F4C9CE00ED17E021E043E06F2D87E09C
:10D5F0000E942CBBF82E81E00E9495E5882309F457
:10D60000BACE08EE13E021E043E06F2D88E00E94DF
:10D610002CBBF82E80E00E9495E5E82E882309F4C3
:10D62000AACE00ED17E021E043E06F2D89E00E94D3
:10D630002CBB08E813E121E043E0682F8CE00E9456
:10D640002CBB1092660361E086EF95E60E94DE67D0
:10D6500081E00F942F4CEE2009F49CCE81E00E94D3
:10D66000C5CF8FE295E40E9463820E9494E80F94F4
:10D67000602481E0809364028E2D0F900F900F90B4
:10D680000F90DF91CF911F910F91FF90EF90DF905E
:10D6900008950C940DE92F923F924F925F926F92F2
:10D6A0007F928F929F92AF92BF92CF92DF92EF9232
:10D6B000FF920F931F93CF93DF93CDB7DEB7A3975E
:10D6C0000FB6F894DEBF0FBECDBF8091410381300D
:10D6D00051F130F0823009F49FC21092410305C12C
:10D6E0008091D713882349F01092D71310924F02DC
:10D6F0000F949A6281E080934F020F94ED609093B3
:10D700004903809348038091D00D8111E8C089E0DE
:10D710009FE00F940C9780934B0381E0809341032B
:10D720008FEF80934A0380914C03811107C08CE4F2
:10D7300093E00E94726A81E080934E0280914E02D3
:10D74000811121C064EF71E08CE493E00E94436A90
:10D750008823A1F080914A038F3F81F082E080937B
:10D7600041031092420310924503109244038CE44B
:10D7700093E00E94726A81E080934E0280914E0293
:10D78000882309F4AEC08FEF80934A038CE493E0C2
:10D790000E94726A0F9435221092D803CE0101962E
:10D7A0005C018091D803843008F09FC01092DB03A5
:10D7B0008091F803882309F4B1C083E095E40E94C6
:10D7C00063820F94542A6AE873E183E394E10E9430
:10D7D000507280918A138F3209F0A3C08091F9159D
:10D7E000882341F088EF94E40E94638262E776EC3C
:10D7F0000F94B221C0904803D090490301E091E01A
:10D80000C91AD10808F4FBC18091DB039091DA03B7
:10D810008913F1C160914B03C6010E9497B94091F1
:10D82000DB03242F30E08091F4039091F5031091F5
:10D83000D4132817390751F4D0924703C0924603F6
:10D84000109343035091D80350934A035091DA0345
:10D85000112309F46BC04513CCC140914E024423FF
:10D86000E9F040919F137AE8E72E73E1F72E442305
:10D8700021F06FE9E62E63E1F62E6091D8034EE3C6
:10D880002817390709F040E280E00E94255985E019
:10D890000E94D35862E1C7010E94125A8091D903B5
:10D8A000882309F4A6C12091DB038091F4039091B1
:10D8B000F5032817190609F09CC110924F0261E088
:10D8C0008AE893E10F9424641092F5031092F40314
:10D8D0000F94572200934F020F941B2190CF82E0A8
:10D8E0001ACF0E94506381114ECFA3960FB6F894C1
:10D8F000DEBF0FBECDBFDF91CF911F910F91FF9083
:10D90000EF90DF90CF90BF90AF909F908F907F90DF
:10D910006F905F904F903F902F9008958DED96E41B
:10D920004ECF6CE776EC81EB91E862CF451361C195
:10D9300040914E024423D1F040919F135AE8E52EC6
:10D9400053E1F52E442321F04FE9E42E43E1F42E78
:10D950006091D8034EE32817390709F040E280E0D0
:10D960000E94255963E1C7010E94125A8091D90390
:10D97000882309F43EC12091DB038091F403909148
:10D98000F5032817190609F034C110924F0280914F
:10D990003F0381119FCF8AE893E19F938F9386EE97
:10D9A00099E69F938F93BF92AF920F9423967E0137
:10D9B000F5E0EF0EF11C0F900F900F900F900F906D
:10D9C0000F9047015E2C4F2CF40181914F01882369
:10D9D00049F0082E000C990B0F941B9DF401319710
:10D9E0008083F2CF85E0EFEDF2E0DE015F960190FB
:10D9F0000D928A95E1F725E9622E2FE0722E4701FC
:10DA0000BE01615E7F4FC7010F94699D892B71F53F
:10DA100060E0C3010F94549720902815622D8AE589
:10DA20009FE00F94549786E8882E83E1982E9AE021
:10DA3000E92E9FE0F92E312C321451F1370188E0A4
:10DA4000680E711CF701E85BFE40E80DF91D60816E
:10DA5000C7010F9454979FEFE91AF90A6E147F04D7
:10DA600089F73394EFEF8E1A9E0AE6CFFFEFEF1A95
:10DA7000FF0AF4016081C3010F945497FFEF6F1AFE
:10DA80007F0A2DE962162FE0720609F0B8CFC4CFE5
:10DA90008091D00D882361F060E0C5010E94DE67AF
:10DAA00061E082EE99E60E94DE670F94602412CF57
:10DAB00061E0852D942D0F945465409095165090FB
:10DAC00096166090971670909816942D852DF1E219
:10DAD0004F16FEE45F066104710410F090E28EE4DC
:10DAE000E92EF82E21E242162EE45206610471045A
:10DAF00008F45FC080E2481A8EE4580A6108710891
:10DB000040929C1650929D1660929E1670929F169F
:10DB1000C301B2010F944B5D0E94C26C00933E039F
:10DB200084EC94E40E946382BC01C7010F94BF207F
:10DB300080919C1690919D16A0919E16B0919F1673
:10DB4000409195165091961660919716709198167F
:10DB500084179507A607B70780F511112EC02091ED
:10DB60001B16211103C080E090E0DC0184199509A7
:10DB70000F949020009388130E945B788091D611B7
:10DB80009091D711892BA1F286EF95E60E947D5ED8
:10DB9000811105C08CEA91E80E947D5E811111E03F
:10DBA0008091EB11811102C00E94775C1092EB1101
:10DBB000E5CF412C512C3201AFCF0F94B120109200
:10DBC0003E030F948C6685E699E60E9494E8111155
:10DBD00063CF84ED94E40E94638241E060E00F949F
:10DBE000E84C182F81E00F942F4C112309F454CFE7
:10DBF0005CCF8091DB038F5F8093DB0300CE0F94BB
:10DC000009228091D8038F5F8093D8038091DA0333
:10DC10008F5F8093DA03C5CD8091400311E08111BD
:10DC200005C080914E02811101C010E08091440333
:10DC300090914503892B91F460914B0380914603A9
:10DC4000909147030E9497B980919F13811146C01C
:10DC50008AE893E190934503809344031111109255
:10DC600042036CE271E08CE493E00E94436A81110C
:10DC700003C0112309F439CE8091430302E18111DD
:10DC800001C003E14EE360914A0380E00E94255900
:10DC900080914303882319F085E00E947F592091E9
:10DCA00042038091440390914503602F820F911DA0
:10DCB0000E94125A811115C08CE493E00E94726A8E
:10DCC000809142038F5F80934203112309F40DCEAC
:10DCD00010924C0381E08093410307CE8FE993E1DA
:10DCE000B9CF10924C03F1CF61E088E799E60E942A
:10DCF000DE6782E08093E10680E59DE50E94638215
:10DD00000E9494E80F94602483E080934E0208956B
:10DD10000F931F930F9460241092660380916D03FC
:10DD200081114CC010923E0380E59DE50E94638204
:10DD30000E9494E80F94AF0B88E08093E1060E9464
:10DD40003F6A81E00E94E85A1092D5118091EC114F
:10DD5000882331F060E070E080E89FE30E943C7F20
:10DD60001092D4110E94336AAB01BC0180917203FE
:10DD700090917303A0917403B09175030091FA031D
:10DD80001091FB032091FC033091FD03801B910B4C
:10DD9000A20BB30B840F951FA61FB71F80937203AE
:10DDA00090937303A0937403B09375030E94D96C8E
:10DDB0008BE995E60E9405671092E1061F910F918D
:10DDC0000895CF93DF93EC0180E00E9480E48823E4
:10DDD00031F060E0CE01DF91CF910C9465E4DF91EA
:10DDE000CF910895CF93DF93C82FDFB7F8940F94A6
:10DDF000AC0381E08093CF0D10926C0360E085EA64
:10DE00009FE00F94309780E090E0A0E8BFEB809314
:10DE1000690290936A02A0936B02B0936C0282E055
:10DE20008093DC111092EC110F94A1190E94C26C26
:10DE300010923E03109288130F94E6570F94BB0B79
:10DE4000DFBF80918813811104C08EEB95E60E949C
:10DE5000056710929712109272031092730310923A
:10DE60007403109275031092D411C1111092D51140
:10DE700081E08093CE0DDF91CF910D94602481E0FD
:10DE80000C94F2EECF92DF92EF92FF92CF936B0160
:10DE90007C0182E08093E10683EF9CE50E9463822F
:10DEA0000E9494E820E030E044E352E460910612DE
:10DEB0007091071280910812909109120F94BB97EC
:10DEC00060930612709307128093081290930912C0
:10DED0006AE077E58DEA92E40F948A490F94AF0BDC
:10DEE00020E030E04CE052E460910612709107129D
:10DEF00080910812909109120F94BB9760930612BB
:10DF000070930712809308129093091269E27CE5DE
:10DF100085E891E40F948A490F94AF0B20E030E03C
:10DF2000A901C701B6010F94B1988823E1F0A701B8
:10DF300096016091061270910712809108129091DB
:10DF400009120F94BC976093061270930712809386
:10DF500008129093091260E070E080E291E40F945F
:10DF60008A490F94AF0B80EF92E40E9463820F9472
:10DF7000554C149A64E670E080E090E00E94006ADC
:10DF800082E00F942416C3E30E945063811107C0FE
:10DF9000C15029F084E690E00E946884F5CF0F9488
:10DFA000AF0B0E945063882329F084E690E00E9422
:10DFB0006884F7CF81E00F942F4C85E699E60E94A4
:10DFC00094E81092E106CF91FF90EF90DF90CF9010
:10DFD0000D9451032F923F924F925F926F927F92D6
:10DFE0008F929F92AF92BF92CF92DF92EF92FF9269
:10DFF0000F931F93CF93DF9300D0CDB7DEB76C01A3
:10E000008B017A0180918F12452B09F4C0C08111D8
:10E01000C3C026E02983B12C0115110521F0C801E8
:10E020000F94CA94B82E0E943A5984E080936402F7
:10E0300055245394412C29812350330B3B832A834D
:10E04000B394B394B9820F94F92481E00E94BD8205
:10E050008091F4039091F503009709F4BAC097FFFB
:10E06000A1C05A941092F5031092F40333E03515D1
:10E070000CF09EC0842D042C000C990B2A813B814E
:10E08000821793070CF090C043940E943A5923E002
:10E09000522EC114D10429F0A60160E080E00E9454
:10E0A0001959642C042C000C7708E114F10431F0A8
:10E0B0008A819B816816790609F488C093E0B92E9D
:10E0C000312C33940115110529F0A801632D81E04D
:10E0D0000E941959B310F5CF842C042C000C990818
:10E0E000AA08BB089FEF891A990AA90AB90A212C24
:10E0F0002394622D89810E940759C501B4010F94B0
:10E10000AC322FEF821A920AA20AB20A2310F0CF81
:10E11000E114F10451F08A819B816816790629F493
:10E12000A70163E081E00E9419594FE851E861E0DE
:10E1300080E00E9419594EE3652D80E00E94255928
:10E1400064E670E080E090E00E94006A0E94506304
:10E15000882309F478CF82E0809364028FEF850DE5
:10E16000840D0F900F900F90DF91CF911F910F9121
:10E17000FF90EF90DF90CF90BF90AF909F908F90E7
:10E180007F906F905F904F903F902F9008958823DD
:10E1900031F034E039833FCF85E089833CCF95E08F
:10E1A000998339CF53945ECF87E00F9424166FCFB5
:10E1B00051106FCF141434F44A940E943A595524E4
:10E1C000539467CF87E00F942416F9CF82E0B82EDE
:10E1D00077CF93E095150CF44DCF5BCF0F931F9342
:10E1E000CF93DF9380918F12811118C085E79AE356
:10E1F0000E946382EC018AE69AE30E9463828C01AA
:10E2000087E59AE30E946382AE014F5F5F4FB801DA
:10E210000E94EAEF853088F48093FF038AE08093C0
:10E220003F0320E041E070E060E084EA95E3DF91A5
:10E23000CF911F910F910D945F22DF91CF911F918C
:10E240000F910D94CF28AF92BF92CF92DF92EF92B1
:10E25000FF920F931F93CF93C82F882329F061E07B
:10E260008FE59FE00F94309788E3E82E81E8F82E41
:10E2700097EDC92ED12C2CE3A22EB12C0C2F10E03F
:10E280001F92CF93FF92EF920F94CE950F900F9025
:10E290000F900F90EFEFEC0FED30A0F4F0E0882737
:10E2A000EB5AFE408F4F0D94049DB0F1D0F1DCF19C
:10E2B000E6F12BF245F25CF256F260F26EF277F282
:10E2C0008BF28BF21092EC118FE59FE00F940C977C
:10E2D000823039F488EA90E40E9463820F94C44D3E
:10E2E0000FC083E490E40E94638240E060E00F94FA
:10E2F000E84C811107C061E08FE59FE00F943097F3
:10E30000C1E0BCCF60E08FE59FE00F943097C0E0A4
:10E3100010E000E01F930F9381E595E69F938F93A4
:10E320000F94CE950F900F900F900F90CC3009F472
:10E33000F8C0CD3009F40AC182EA9DE3CC2309F488
:10E3400007C181E00F942F4C82E0CF911F910F9174
:10E35000FF90EF90DF90CF90BF90AF900D944C372F
:10E360001092660381E00E945BE3C2E0882309F417
:10E3700085CF82E00E945BE3C3E0882309F47ECF6F
:10E3800084E00E945BE3C4E0882309F477CF80E156
:10E390000E945BE3C5E0882309F470CFCCE06ECF28
:10E3A0008AEF9FE30E9463820F94C44D0E940DE99F
:10E3B0008111A6CFCDE062CF8CEB9FE30E946382F8
:10E3C0000F94C44D80E00E94D2CFF2CF84E99FE346
:10E3D0000E9463820F94C44D86E69FE30E9463828D
:10E3E0000F94C44D86EA9EE40E94638241E060E09F
:10E3F0000F94E84C813031F48EE19DE40E946382F9
:10E400000F94C44D86E49FE30E9463820F94C44D31
:10E4100081E00E94D2CF882369F260E070E088ED4D
:10E4200091E40E941763D092F711C092F61181E235
:10E430009FE30E9463820F94554C0E9486C860E05F
:10E4400070E0CB010E9442EF0E9455C11092F7117B
:10E450001092F61155CFD092F711C092F611B092EA
:10E46000F311A092F2118BE09FE30E94638241E0DE
:10E4700060E00F94E84C882309F180918F12C7E087
:10E48000882309F4FBCEC6E0F9CE20E041E070E03D
:10E4900060E088EB96E30F945F228AEC9EE30E9493
:10E4A00063820F94C44D06E010E034CF0E9486C80A
:10E4B0000E9455C1CAE0E2CE0E9455C1C9E0DECE3D
:10E4C00081E00E9409B620E041E070E060E08EEE5D
:10E4D00090EF0F945F2209E010E01CCF80E00E94D3
:10E4E00009B684E08093CE0D0AE010E013CF87E7F1
:10E4F0009EE30E94638241E060E00F94E84C81114A
:10E5000007C087E49EE30E9463820F94C44DD6CF78
:10E5100081EE9DE3E1CE60E08FE59FE00F943097C0
:10E52000F9CE83E89DE30E9463828C01109266031A
:10E5300085E699E60E9494E80F9460240115110580
:10E5400009F4FFCEC8010F94C44DFBCE81E29DE3D8
:10E550000E9463828C01F2CF2F923F924F925F9282
:10E560006F927F928F929F92AF92BF92CF92DF92E3
:10E57000EF92FF920F931F93CF93DF9300D01F92E0
:10E580001F92CDB7DEB78091CE0D813009F091C0DA
:10E590009091C20D8091C30D98138BC080910A1287
:10E5A000811187C01092E1068CEA97E40E94638291
:10E5B0000E9494E81092CE0D109200040E94336ADB
:10E5C00000917603109177032091780330917903BD
:10E5D000601B710B820B930B0091720310917303FC
:10E5E0002091740330917503601B710B820B930BA8
:10E5F00020E63AEE40E050E00F947F9760916E0382
:10E6000070916F0380917003909171030E943A5F43
:10E6100060E070E080E291E40E94B5628091BC0607
:10E62000882311F18091BD068823F1F080E090E00D
:10E63000A8E4B2E48093FA119093FB11A093FC112B
:10E64000B093FD1180E090E0AEE3B3E48093FE115F
:10E650009093FF11A0930012B093011260E070E05C
:10E6600084E392E40F948A490F94AF0B80916D0379
:10E67000882309F4D1C09FB7F894809102018B7F61
:10E68000809302019FBF80918F1281110BC08091F6
:10E690006512882339F08091D41181110E94227F64
:10E6A0000F94BF800F9471240E945A6788E0809372
:10E6B000F0118091CE0D823009F065C09091C20DAD
:10E6C0008091C30D98135FC080910A1281115BC0C5
:10E6D0008091E106873041F01092E1068DE997E4E0
:10E6E0000E9463820E9494E81092CE0D1092000462
:10E6F0000F94AF0B0E94336A6093FA037093FB038D
:10E700008093FC039093FD0310926C031092F71119
:10E710001092F61160E070E080EA91E40E94B56228
:10E720008091BC06882311F18091BD068823F1F009
:10E7300080E090E0A8E4B2E48093FA119093FB119A
:10E74000A093FC11B093FD1180E090E0AEE3B3E440
:10E750008093FE119093FF11A0930012B0930112C9
:10E7600060E070E088E492E40F948A4980916D0340
:10E77000882309F459C09FB7F894809102018B7FD8
:10E78000809302019FBF8091CE0D843009F08BC031
:10E7900085EA9DE00F941A973091C20D2091C30D28
:10E7A000321357C12091D6113091D711232B09F084
:10E7B00050C12091EC11298321114BC120910004FB
:10E7C000211135C02CE0209300044496BC0190E058
:10E7D00080E00F94989120E030E04AE754E40F94F1
:10E7E000BB986B017C01E0910004E150EC3008F033
:10E7F0005AC0F0E08827E050FC408F4F0D94049DF4
:10E80000EFF6D9F6D5F6D1F6CDF6C7F652F6CDF538
:10E81000C9F562F51FF419F41092EE110E943F6AD7
:10E8200081E00E94E85A2FCF1092EE11ACCF215018
:10E83000CACF65E086EA92E80E945D6834C08091A4
:10E840008F1281112DC03091FF033B8361E082E381
:10E850009AE60E94DE6761E089E992E80E94DE673D
:10E8600061E08BE892E80E94DE670F94E25B9B8197
:10E870009817B1F08F3F29F061E08AEF95E60E948A
:10E88000DE671F922B812F9387E892E89F938F93E7
:10E890000E9474680F900F900F900F9031E03983B1
:10E8A00089818093FE038091CE0D833009F0D1C021
:10E8B00090910004911109C08093E10691E090933A
:10E8C000860380934E02809300048091000483307D
:10E8D00019F59091C20D8091C30D98131DC00F942E
:10E8E000AC0310924102809143028F9380914202C7
:10E8F0008F938BE193E89F938F930E94746882E9D2
:10E9000097E40E9463820E9494E882E0809300046E
:10E910000F900F900F900F9080910004823009F0BB
:10E920007CC080914102882309F477C0109286034D
:10E930008EE797E40E9463820E9494E81092F71198
:10E940001092F611309182033983809183038B8377
:10E95000109184030091850320E030E0A901B98182
:10E96000F8016B2F782F8F2F9E2F0F94B198811164
:10E970001FC020E030E0A90160917E0370917F0309
:10E9800080918003909181030F94B198811110C000
:10E9900020E030E0A90160917A0370917B038091BF
:10E9A0007C0390917D030F94B198882309F42AC2C7
:10E9B00080917D038F9380917C038F9380917B0363
:10E9C0008F9380917A038F93809181038F938091AD
:10E9D00080038F9380917F038F9380917E038F9329
:10E9E0000F931F939B819F9329812F9384E093E83A
:10E9F0009F938F930E94746861E085E096E60E9481
:10EA0000DE670FB6F894DEBF0FBECDBF81E192E1A5
:10EA10000E94726A81E0809300048091000481303A
:10EA2000C1F460ED77E081E192E10E94436A8823BE
:10EA300081F085E699E60E9494E81092E10682ED65
:10EA400090E090934302809342021092000410924F
:10EA5000CE0D8091CE0D8530E9F49091C20D80915C
:10EA6000C30D981317C08091D6119091D711892B9F
:10EA700089F48091EC1181110DC0809100048130E6
:10EA800009F406C208F4C3C1823009F4E5C1833039
:10EA900009F4C1C10F900F900F900F900F90DF916C
:10EAA000CF911F910F91FF90EF90DF90CF90BF908B
:10EAB000AF909F908F907F906F905F904F903F901E
:10EAC0002F9008950E943A591092870361E08CE2DA
:10EAD00096E30F94232780918F1281111EC080919D
:10EAE000FE0310E0811101C012E0212F30E0220F5F
:10EAF000331F2D583D473A832983E981FA81859157
:10EB0000949161E00E94DE671F5F89819A8102967D
:10EB10009A8389831A3089F7C6CE20E030E040E836
:10EB200050E4C701B6010F94D99120E030E040E7EE
:10EB300052E40E94F9B49F938F937F936F931F9237
:10EB40008CE38F932FE532E83F932F930E947468F4
:10EB500020E030E040E051E4C701B6010F94D991C4
:10EB600020E030E040E252E40E94F9B49F938F939A
:10EB70007F936F931F9284E68F932FE532E83F9344
:10EB80002F930E9474680FB6F894DEBF0FBECDBFFE
:10EB90008ACE67E081E592E84FCE61E085E492E8B5
:10EBA0000E94DE678EE38F938CE48F938CEC8F93BF
:10EBB0008DEC8F9385E392E89F938F930E94746806
:10EBC00061E08CE292E80E94DE6720E030E040E8FD
:10EBD00050E4C701B6010F94D99120E030E048EC31
:10EBE00051E40E94F9B49F938F937F936F931F9288
:10EBF0001BE91F931F928BE48F938AE192E89F9306
:10EC00008F930E947468A7019601C701B6010F9403
:10EC1000BC9720E030E048EC51E40E94F9B49F93A7
:10EC20008F937F936F931F921F931F9284E68F930E
:10EC30008AE192E89F938F930E94746820E030E00D
:10EC400048EC52E4C701B6010E94F9B49F938F9338
:10EC50007F936F931F921F931F9218EC1F938AE16B
:10EC600092E89F938F930E9474680FB6F894DEBF6A
:10EC70000FBECDBF20E030E040EA51E4C701B6014D
:10EC80000E94F9B49F938F937F936F931F9287E8AD
:10EC90008F931F921F932AE132E83F932F930E9494
:10ECA000746871CF20E030E046E153E4C701B6015B
:10ECB0000E94F9B4562E472E382E292E20E030E03F
:10ECC00040EA51E4C701B6010E94F9B46B83C72E34
:10ECD000782E692E85E0D82E812C912C96E1A92ED4
:10ECE00093E4B92E32E33C8387E88D830AE112E88E
:10ECF0009D81E92EF12C3C81232F30E03A8329833A
:10ED00002F923F924F925F921F929F931F928C81FE
:10ED10008F931F930F930E947468B701FF0C880BA9
:10ED2000990B0F949A9120E030E040EA51E40F945F
:10ED3000BB970F9434996D836F927F92CF929B8192
:10ED40009F931F922D812F931F923C813F931F937E
:10ED50000F930E94746829813A81B901330F880B9F
:10ED6000990B0F949A91A50194010F94BC970F945D
:10ED700034996C83B7FAB094B7F8B094DA940FB6BC
:10ED8000F894DEBF0FBECDBFD110B2CF8CCDB7018E
:10ED9000A60180E00E94FDB986CDB701A60184E0FE
:10EDA000F9CFB701A60188E0F5CFB701A6018CE045
:10EDB000F1CF90918F12998366E08EE092E80E94E5
:10EDC0005D682981211105C061E08AEF95E60E9406
:10EDD000DE6761E086EF95E60E94DE6764CD85E63A
:10EDE00099E60E9494E8109200041092CE0D8FE5EF
:10EDF0009FE00F940C97882309F42BCE8BE00E94A0
:10EE000023F151CD84ED92E80E94FE63FFCD83E0B3
:10EE1000809300043FCE10924F0287E497E40E9453
:10EE200063820F94C44D81E080934F0292E09093EF
:10EE30004E0261E08FEF95E60E94DE6761E081ECB3
:10EE400092E80E94DE6761E087EB92E80E94DE674D
:10EE500022E0209300041ECE61E080EB92E80E9445
:10EE6000DE6710924F028EE097E40E94638241E0D9
:10EE700060E00F94E84C811107C01092F7111092D6
:10EE8000F61181E08093000481E080934F0202CE6E
:10EE900085E699E60E9494E8109200041092CE0D47
:10EEA000F9CD0F931F93809103018095817090910C
:10EEB0000704891789F180919A0390919B038B54E1
:10EEC0009B4E11F40F94CF2882E080934E028091E4
:10EED000030180958170809307040E947A59809184
:10EEE0000704882309F486C080918913811105C025
:10EEF0000F94C56681E08093D71385E699E60E945A
:10EF000094E81092F80361E08BE49BEE0F942327C2
:10EF10008CE593E10E94C16A0E94336A0091680304
:10EF20001091690320916A0330916B03061717074C
:10EF300028073907D8F580914E02882321F08CE507
:10EF400093E10E94C16AE0919A03F0919B031995A5
:10EF500080919A0390919B038C52964309F45DC073
:10EF600080919A0390919B0326E38A36920709F0D9
:10EF700075C080914E02823021F40E947A5910921D
:10EF8000DC0380914E02882319F0815080934E0259
:10EF90000E94336A6C597F4F8F4F9F4F6093680375
:10EFA0007093690380936A0390936B038091D00DF3
:10EFB000882399F08091A003882379F060E177E2BB
:10EFC0008FE693E10E94436A882339F088E00E942B
:10EFD0005F778FE693E10E94726A8091CE0D843054
:10EFE00009F053C08091C60D81114FC01F910F9140
:10EFF0000C94ACF2109288131092891382E99DE967
:10F000000E94FE6385EE95E60E9405678EEC96E40D
:10F010000E9463820E9494E87FCF0E944360811126
:10F020000EC0E0919A03F0919B03309739F50E944E
:10F030003A590F94602482E080934E029ACF8091D7
:10F04000CE0D81118DCF40E95FE561E070E08CE588
:10F0500093E10E947E6A8111E4CF82CF8C52964365
:10F0600009F487CF40E355E760E070E08CE593E179
:10F070000E947E6A882309F47CCFD3CF81E08093FD
:10F080006703199510926703D2CF1F910F910895CE
:10F0900087E10E945BE3811106C087E10E9470CF87
:10F0A00080E00C9423F18FE79AE30E94638241E0B1
:10F0B00060E00F94E84C882381F30F94602481E092
:10F0C0000F942F4C82E00D944C373F924F925F92F9
:10F0D0006F927F928F929F92AF92BF92CF92DF9268
:10F0E000EF92FF920F931F93CF93DF93CDB7DEB7CD
:10F0F00064970FB6F894DEBF0FBECDBF082F0F94F4
:10F100008D1A00937712402F64E5CE0101960F947B
:10F11000801A49815A816B817C818D810F94CF78CF
:10F1200061E081E00F94FD7F811107C00F94EC191D
:10F130000F949A7F0F948B80E2CF0F94AF0B609166
:10F140006C1270E090E080E00F949A919B01AC010A
:10F1500066E676E68DE992E40F94BB97D62EE72E0D
:10F16000F82E192F262F372F482F592F60E070E0E7
:10F1700080E291E40F94BB984B015C01EDEDF3E06C
:10F1800085E1DF011D928A95E9F71092DC038D2D50
:10F190009E2DAF2DB12FBC01CD0110E0F12CE12C43
:10F1A000DD24DA94CC24C3942B013C0177FA7094CB
:10F1B00077F8709420E030E048E452E40F94B04BCC
:10F1C0009091C20D8091C30D9817C1F183E00F9407
:10F1D0009B0B20910612309107124091081250911A
:10F1E00009120F94BB97A50194010F94D9910F9424
:10F1F0009A980F943499362E6F15F1F01431C8F4A3
:10F20000E12F1F5FF0E0E352FC4FD082C0924E022C
:10F2100080914F02811102C00F94C83290E080E0CB
:10F220000E946884F32CCCCFC301B201EE24E39496
:10F23000C1CF14E1E3E1E6CF3F2CF0CFB1E0EB1218
:10F24000F3CF0F948D1A44E150E06DED73E0CE01E1
:10F2500001960F94879DFE0131969E012B5E3F4FD4
:10F26000819187FD3CC080E3DF0111978C932E17BD
:10F270003F07B1F782E99DE90E94FE6388E796E8BF
:10F280000E94FE63CE0101960E9499688CE092E193
:10F290000E94C16A0093761200936E1380919312BC
:10F2A0009091941201969093941280939312649685
:10F2B0000FB6F894DEBF0FBECDBFDF91CF911F9187
:10F2C0000F91FF90EF90DF90CF90BF90AF909F9005
:10F2D0008F907F906F905F904F903F90089581E363
:10F2E000C3CFCF93DF93D82F0F94B369C82F882350
:10F2F00031F188EB9BE00F94AC1C82E00F94241654
:10F3000087E990E60E9463826D2F0F941C520F9440
:10F310007F6980917612833629F062E181E699E96E
:10F320000F948A698D2F0E9465F80E94B8B783E018
:10F330000F9424160F94A86981E00F942F4C8C2F02
:10F34000DF91CF9108950E9471F90E94BA5E0F94E7
:10F35000AF0B0F9460240F94B44D85E699E60E949C
:10F3600094E81092E1060D945103CF93DF93D82FC8
:10F370000F94B369C82F882399F0809176128D1766
:10F3800079F00E948160811102C00F94BF800F94B8
:10F390007F690F94AF0B8D2F0E9465F80F94A869B9
:10F3A0008C2FDF91CF9108951F93CF93DF93C82FB8
:10F3B000162F0F94B369D82F882369F0C336F1F064
:10F3C000C83771F0CF3339F484E690E00F94AC1C69
:10F3D000812F0E9471F98D2FDF91CF911F91089598
:10F3E00010924D0210924C02812F0E94B5F98FEAC3
:10F3F00090E090934D0280934C02EDCF84E690E034
:10F400000F94AC1C0E94B8B7E6CFCF93C82F8DE500
:10F410009AE40E9463826C2F0F941C528C2F0E94DE
:10F42000B5F90F94AF0B0F94BF8081E00F942F4C70
:10F4300081E0CF91089580E00E9405FA81E00E946A
:10F4400005FA82E00E9405FA83E00E9405FA84E052
:10F450000E9405FA0D9451030E9405FA0D94510380
:10F460001F93CF93DF9300D01F921F92CDB7DEB7CB
:10F47000182F0F94B3698823D9F0412F62E5CE018C
:10F4800001960F94801A49815A816B817C818D810C
:10F490000F94CF7860E080E00F94FD7F882369F3BC
:10F4A00020913B1230913C1230938C1220938B129E
:10F4B0000F900F900F900F900F90DF91CF911F91B1
:10F4C0000895FC019491903249F087EF890F8230C2
:10F4D00028F081E09D3019F080E0089581E00895E2
:10F4E000883E23E0920710F087EE93E008952F9274
:10F4F0003F924F925F926F927F928F929F92AF92C4
:10F50000BF92CF92DF92EF92FF920F931F93CF9310
:10F51000DF93CDB7DEB72E970FB6F894DEBF0FBEE0
:10F52000CDBF2090B3053090B4054090B505509004
:10F53000B6056090B7057090B8052114310439F410
:10F5400081E080938305812C912C5401F9C0B10195
:10F55000032C000C880B990B0F949A91A301920134
:10F560000F94BB976B017C0180918305882391F0F8
:10F5700010927F05109280051092810510928205ED
:10F5800010927B0510927C0510927D0510927E05ED
:10F590001092830520913306309134064091350650
:10F5A00050913606C701B6010F94D99169837A83C9
:10F5B0008B839C8320917F0530918005409181054C
:10F5C00050918205C701B6010F94BC974B015C01B5
:10F5D0002091B4032D873091B50339871091B6037C
:10F5E0000091B703412F502F0F94B19887FD17C09A
:10F5F0008091B0038D879091B10399871091B203E8
:10F600000091B3039C01412F502FB401C5010F9409
:10F61000459A181624F08D8699861A2D0B2D8D8506
:10F620009985A12FB02F80937F0590938005A0939B
:10F630008105B093820520913706309138064091BC
:10F64000390650913A06BC01812F902F0F94D99121
:10F650006D837E838F83988720917705309178051D
:10F660004091790550917A05C301B2010F94BB977F
:10F6700020913B0630913C0640913D0650913E065C
:10F680000F94D99120ED3CEC4CE45DE30F94D991BB
:10F690004B015C0123E333E343E75FE360917B05C8
:10F6A00070917C0580917D0590917E050F94D99194
:10F6B0009B01AC01C501B4010F94BC974B015C01E7
:10F6C00080927B0590927C05A0927D05B0927E058C
:10F6D0002D813E814F81588569817A818B819C8102
:10F6E0000F94BC97A50194010F94BB974B015C014B
:10F6F00020E030E04FE753E40F94459A20E030E0FB
:10F70000A90118160CF06DC1C701B6010F94459AF6
:10F71000181684F4A70196016D857985812F902FA5
:10F720000F94BB9760937F0570938005809381054C
:10F7300090938205812C912C3FE7A32E33E4B32EC6
:10F7400040927705509278056092790570927A051B
:10F750006091480270914902072E000C880B990BAA
:10F760000F949A919B01AC01C301B2010F94B1981F
:10F7700087FF57C1232809F454C1C501B4010F9470
:10F780002D99759567956093E9042091AD053091A9
:10F79000AE053A8329834090AF055090B005609044
:10F7A000B1057090B205B901330F880B990B0F9416
:10F7B0009A91A30192010F94BB976B017C01209158
:10F7C0003F063091400640914106509142060F9409
:10F7D000D9916D837E838F83988720918C0530919A
:10F7E0008D0540918E0550918F05C701B6010F948C
:10F7F000BC975B018C013091AC033E878091AD03D7
:10F800008D873090AE032090AF03232F382F432DE8
:10F81000522DB501C8010F94B19887FD18C0909181
:10F82000A8039E872091A9032D873090AA032090DA
:10F83000AB03292F3D85432D522DB501C8010F94EF
:10F84000459A181624F0AE86BD86302E212E8E8560
:10F850009D85A32DB22D80938C0590938D05A0934B
:10F860008E05B0938F052091430630914406409158
:10F87000450650914606BC01832D922D0F94D991D7
:10F8800069877A878B879C872091880530918905C5
:10F8900040918A0550918B05C301B2010F94BB972B
:10F8A00020914706309148064091490650914A06FA
:10F8B0000F94D99120ED3CEC4CE45DE30F94D99189
:10F8C0004B015C0123E333E343E75FE3609184058D
:10F8D0007091850580918605909187050F94D99147
:10F8E0009B01AC01C501B4010F94BC974B015C01B5
:10F8F0008092840590928505A0928605B092870536
:10F90000409288055092890560928A0570928B0515
:10F9100029853A854B855C856D817E818F819885AF
:10F920000F94BC97A50194010F94BB974B015C0108
:10F9300020E030E04FE753E40F94459A20E030E0B8
:10F94000A90118160CF070C0C701B6010F94459AB2
:10F95000181684F4A70196016E857D85832D922D5E
:10F960000F94BB9760938C0570938D0580938E05E3
:10F9700090938F05812C912C9FE7A92E93E4B92EAB
:10F9800020E030E04AEF52E4C301B2010F94B19895
:10F9900087FF6DC0C501B4010F942D9975956795CA
:10F9A0006093E80489819A81892B11F41092E8040C
:10F9B0002E960FB6F894DEBF0FBECDBFDF91CF916C
:10F9C0001F910F91FF90EF90DF90CF90BF90AF907D
:10F9D0009F908F907F906F905F904F903F902F906F
:10F9E0000895C501B4010F94B19887FFA9CE20E016
:10F9F00030E0A901C701B6010F94B19887FFA3CDEC
:10FA0000A70196016D857985812F902F0F94BB9763
:10FA100060937F05709380058093810590938205A4
:10FA200092CD1092E904B1CEC501B4010F94B19802
:10FA300087FFA6CF20E030E0A901C701B6010F94EF
:10FA4000B19887FF10C0A70196016E857D85832D33
:10FA5000922D0F94BB9760938C0570938D058093C6
:10FA60008E0590938F05812C912C540189CF109293
:10FA7000E80498CF8091F6119091F7119093B40516
:10FA80008093B3058091F2119091F3119093AE059C
:10FA90008093AD050895CF939FB7F894C0917100FE
:10FAA000C270809171008D7F809371009FBF8091A3
:10FAB000B5059091B605A091B705B091B8058093B2
:10FAC000CA0D9093CB0DA093CC0DB093CD0D80912A
:10FAD000AF059091B005A091B105B091B2058093AA
:10FAE000620390936303A0936403B09365038091D2
:10FAF000910590919205A0919305B0919405809302
:10FB0000F4049093F504A093F604B093F704809165
:10FB10006D03811102C00E943AFD109290059FB7BB
:10FB2000F894CC2329F08091710082608093710059
:10FB30009FBFCF910895813061F120F0823009F4A8
:10FB40004BC0089517989091090181E0292F2270E8
:10FB500091FF80E0861759F080910B016623A9F090
:10FB6000826080930B018BE891E00197F1F7409A56
:10FB700083E090E00197F1F7409880910B012223F8
:10FB800031F0826080930B0108958D7FEACF8D7FE5
:10FB9000F9CF1698809109018170861759F09091DC
:10FBA0000B01662399F0916090930B01EBE8F1E073
:10FBB0003197F1F7419AE3E0F0E03197F1F741989E
:10FBC000882331F080910B018160DCCF9E7FECCFE8
:10FBD00080910B018E7FD6CF15989091090181E01D
:10FBE000292F247092FF80E0681759F090910B0143
:10FBF0006623B1F0946090930B01EBE8F1E031974C
:10FC0000F1F7429AE3E0F0E03197F1F74298681794
:10FC100009F4BACF80910B01222321F08460B2CF86
:10FC20009B7FE9CF8B7FAECF8091D211811125C010
:10FC30008091D00087FF3DC08091D00084FF03C039
:10FC40008091D60008954091D6002091DB04309138
:10FC5000DC04C90101968F7799276091DD047091CA
:10FC6000DE048617970729F1255A3B4FF901408397
:10FC70009093DC048093DB041CC08091C80087FF54
:10FC800018C08091C80084FF03C08091CE00089501
:10FC90004091CE002091DB043091DC04C901019633
:10FCA0008F7799276091DD047091DE0468177907DA
:10FCB000D9F6089523E0811121E080E06BE173E043
:10FCC0004BEC57E03FB7F894909102019460909309
:10FCD00002013FBFFB013197F1F73FB7F8949091D4
:10FCE00002019B7F909302013FBFFA013197F1F728
:10FCF0008F5F8213E7CF08958AE02BE831E04FB79A
:10FD0000F894909102019460909302014FBFF90121
:10FD10003197F1F74FB7F894909102019B7F909340
:10FD200002014FBFF9013197F1F7815041F7089572
:10FD3000862798E027E0382F880F37FD82279150DB
:10FD4000D1F708958091D111813071F020F0823087
:10FD500069F483E001C081E08093D1116091D111F9
:10FD600087ED9EE00D94309782E0F6CF1092D1118E
:10FD7000F5CF6091400281E068276093400287E8F8
:10FD80009FE00D94309789E09FE00F940C9761E01D
:10FD9000882321F062E0813009F060E089E09FE093
:10FDA0000F94309781E08093D713089587EA9CE001
:10FDB0000F940C97811105C080913F0381508830CA
:10FDC00010F080E0089581E008958EEC9EE00F949D
:10FDD0000C9760E0813009F061E08EEC9EE00D94BC
:10FDE0003097813021F485E599E60C94CF5881E570
:10FDF00099E6FBCF8CE698E60C940567CF92DF92EC
:10FE0000EF92FF920F931F93CF93DF93C82F6B0155
:10FE10007A01D22F40E2811101C04EE363E080E01D
:10FE20000E942559C6010E94CF5840E2C13009F412
:10FE30004EE363E08D2F0E942559C7010E94CF58E1
:10FE40000115110599F040E2C23009F44EE363E078
:10FE500082E10E942559C801DF91CF911F910F9136
:10FE6000FF90EF90DF90CF900C94CF58DF91CF911F
:10FE70001F910F91FF90EF90DF90CF900895CF9357
:10FE8000DF93CDB7DEB72F970FB6F894DEBF0FBE66
:10FE9000CDBFFC01DE01119690E09D01849141E00F
:10FEA000490F882329F08D933196942F4D30B1F767
:10FEB000F901E90FF11D8AE380839F5FF901E90FE2
:10FEC000F11D80E29E3019F081939F5FFBCF1F866A
:10FED0007F936F933F932F938CEF95E99F938F932D
:10FEE0000E94BD580F900F900F900F900F900F90A1
:10FEF0002F960FB6F894DEBF0FBECDBFDF91CF9126
:10FF000008950E941E5C10924E03089580E00C94A8
:10FF10009D680F931F93CF93DF93EB01142F052F51
:10FF20000E94D358CE010E94CF588AE30E94D35832
:10FF3000CE010F94CA949EE0981B892F0E94DA5834
:10FF40000F931F9384EC98E89F938F930E94BD5862
:10FF50000F900F900F900F90DF91CF911F910F9105
:10FF600008950F931F93CF93DF938C01EB0180E7EC
:10FF70009AE40E9463829F938F938DEB98E89F93FE
:10FF80008F93DF93CF930F942396C80FD11D47E033
:10FF900050E0B801CE010F94FC961F820F900F9095
:10FFA0000F900F900F900F90DF91CF911F910F91B5
:10FFB000089581E00E94DA580F94E25B90917712E5
:10FFC000933609F49FEF89130EC086E40E94D3583C
:10FFD0000F94E25B8F3F29F08F5C0E94D35883E03F
:10FFE00008958FE3FACF8F3F89F08F5C0E94D3583A
:10FFF0008EE30E94D35880917712833649F08F3F69
:020000022000DC
:1000000039F08F5C0E94D35884E008958FE3EECFDF
:100010008FE3F8CF0F931F93CF93DF93EC01CB01C6
:10002000BA014A81413029F088F0423009F1433069
:10003000D1F48B81811125C082E08A8363E083E65D
:1000400095E90E9496E485E08B830DC0A901980193
:100050000F94459A18163CF463E0888199810E94B8
:1000600096E481E08A83DF91CF911F910F910895EB
:100070008B81811106C08881998123E02A8363E006
:10008000E0CF8150E1CFCF93DF939091D5119111C3
:1000900021C0C62FD82F882309F187E095E9662370
:1000A00011F085E195E963E00E9496E48BE89DE913
:1000B0000E94FE6384EE94E9C11102C082EC94E9CF
:1000C0000E94056780E00E945F778AE5D1118BE589
:1000D0000E945F77DF91CF910D94235B8EE994E9C5
:1000E000662311F08EEA94E963E00E9496E48BE8BF
:1000F0009DE90E94FE6385E894E9C111E1CF8DE698
:1001000094E9DECF9FB7F894E2E0F1E0808184606B
:1001100080839FBF2FEF89E698E121508040904077
:10012000E1F700C000009FB7F89480818B7F808347
:100130009FBF08952F923F924F925F926F927F924E
:100140008F929F92AF92BF92CF92DF92EF92FF92E7
:100150000F931F93CF93DF93CDB7DEB7A1970FB661
:10016000F894DEBF0FBECDBF1C0148015901FC0150
:10017000E85BFF4FC080D180E280F3809A01AB0141
:10018000C701B6010F94D9910F949A980F9434999E
:100190008B018D839983A5019401C701B6010F944A
:1001A000D9910F949A980F943499362F272FA8013C
:1001B0006D817981483751056105710520F448E763
:1001C00050E060E070E0D101D6968D909D90AD90AA
:1001D000BC90D9978F8A988EA98EBA8E48155905EA
:1001E0006A057B0520F44F8B588F698F7A8F432FD8
:1001F000522FBC01483751056105710520F448E7CD
:1002000050E060E070E0182D092DA9A2B8A24815B1
:1002100059056A057B0520F4142F052F69A378A3DF
:10022000F101EE5BFF4FC080D180E280F380CD8290
:10023000DE82EF82F886CD28CE28CF2841F4C12C6B
:10024000D12C7601C394CD82DE82EF82F8862F898D
:10025000388D498D5A8DB901CA010F946F976D87FA
:100260007E878F87988BA5019401C501B4010F94F7
:100270006F972B013C01212F302F49A158A1612FED
:10028000702FCA010F946F97698B7A8B8B8B9C8B25
:10029000CD80DE80EF80F884CC0CDD1CEE1CFF1CD2
:1002A000C986DA86EB86FC86C301B201615071090A
:1002B00081099109CD84DE84EF84F8886C197D0969
:1002C0008E099F09C984DA84EB84FC846C0D7D1D42
:1002D0008E1D9F1DA70196010F947F9769017A01DA
:1002E000C301B20129893A894B895C89621B730B6E
:1002F000840B950B29853A854B855C850F947F97F8
:1003000029013A01D701C601840D951DA61DB71D0F
:100310008C8F9D8FAE8FBF8FF101E45BFF4F90817B
:100320009B8F992309F48DC0612F702F89A198A10B
:100330000F949891F101EC5AFF4F20813181428155
:1003400053810F94D9910F9434996D8B7E8BD10189
:1003500050962D913D914D915C91539729833A830D
:100360004B835C838C8D9D8DAE8DBF8D82179307E3
:10037000A407B50708F068C029013A01481A590ACC
:100380006A0A7B0A9B8D40E080E0992389F0C501D1
:10039000B4010F949891F101EC5AFF4F2081318103
:1003A000428153810F94D9910F943499462F872F0E
:1003B0003FB7F894F101E95BFF4F2081211127C07D
:1003C000D1015996CD92DD92ED92FC925C97C40CCE
:1003D000D51CE61CF71CF101C58ED68EE78EF0A267
:1003E000CF88C2AED88CD3AEE98CE4AEFA8CF5AE31
:1003F000FE9610830183C9A0C282D8A0D3827396CF
:10040000ED88E082FE88F1823297408381833FBF8E
:10041000A1960FB6F894DEBF0FBECDBFDF91CF918E
:100420001F910F91FF90EF90DF90CF90BF90AF9012
:100430009F908F907F906F905F904F903F902F9004
:1004400008951D8A1E8A83CF2D813E814F81588554
:1004500082E0220F331F441F551F8A95D1F78981EF
:100460009A81AB81BC8181709927AA27BB278D8394
:100470009E83AF83B88789809A80AB80BC80B69416
:10048000A79497948794CD84DE84EF84F888898933
:100490009A89AB89BC898C159D05AE05BF0508F40A
:1004A0006FC06C017D0191E0C91AD108E108F10823
:1004B0008D859E85AF85B889C81AD90AEA0AFB0AD4
:1004C000C701B601620F731F841F951FCD80DE80A8
:1004D000EF80F884CD28CE28CF2841F0C984DA8473
:1004E000EB84FC846C0D7D1D8E1D9F1D0F947F97EA
:1004F00075016401C20ED31EE41EF51E29813A81E6
:100500004B815C812C153D054E055F0510F469019A
:100510007A012B8D222309F469C0C114D104E104AE
:10052000F10409F466C04D898E89411451046104B7
:10053000710409F43DCFA701960169857A858B8501
:100540009C850F946F972D853E854F855889620F46
:10055000731F841F951F0F9498910F948A9BF1012C
:10056000EC5AFF4F20813181428153810F94D99100
:100570000F943499462F872F412C512C320118CFDC
:100580006D857E858F859889C988DA88EB88FC8897
:100590006C197D098E099F09CD80DE80EF80F8847B
:1005A000CD28CE28CF2841F0C984DA84EB84FC849E
:1005B0006C0D7D1D8E1D9F1D0F947F97820E931EC7
:1005C000A41EB51E49805A806B807C8084149504DB
:1005D000A604B70410F424013501C980DA80EB8049
:1005E000FC80C418D508E608F70893CF40E080E007
:1005F000C3CF4D898E89C0CF65EB78E886E00E9435
:10060000E4586DEA78E887E00C94E45849E958E941
:1006100060E080E00E9419591E9916C043E958E92C
:1006200061E080E00E9419591D9B11C040E958E922
:1006300062E080E00E9419591C9B0CC04AE858E90E
:1006400063E080E00C94195946E958E9E9CF4DE898
:1006500058E9EECF47E858E9F3CF1F93CF93DF93E4
:1006600064E670E00F94BD9CEB0110E04EE263E0A5
:10067000812F0E942559CE010E946884CE010E94DC
:100680006884CE010E946884CE010E946884CE01F5
:100690000E9468841F5F143149F7DF91CF911F9149
:1006A000089510923F0308951F9291E09F935F93E6
:1006B0004F937F936F93282F082E000C330B3F939B
:1006C0008F938DEE97E69F938F930E94BD582DB721
:1006D0003EB7265F3F4F0FB6F8943EBF0FBE2DBF0B
:1006E00099E0981B892F0C94DA58CF93DF9360E040
:1006F00080E00E940759C091F611D091F7116091E6
:10070000CA0D7091CB0D8091CC0D9091CD0D0F94B1
:100710002D99AE0182E00F94540360E08AE00E94BC
:100720000759C091F211D091F311209781F0609197
:1007300062037091630380916403909165030F9449
:100740002D99AE0180E0DF91CF910D9454038AE0A2
:10075000DF91CF910C94DA58CF931092F711109249
:10076000F6111092F3111092F211CFB7F8940E9483
:100770003AFD0E9477FA75981092CA05CFBFCF91C3
:1007800008951F93CF93DF93C82F162FD42F8091F6
:100790006D0380FD18C08091EC11811114C080910F
:1007A000F2118093F111E62FF0E0EE0FFF1FEA50F7
:1007B000FE4E808191819093F5118093F411809188
:1007C000EE118093ED110F94AC030E943F6A83E019
:1007D0000E94E85A809101018860809301018FEFA7
:1007E0008093F3038093EE1180916D0380FF07C027
:1007F00080916D03829586958770D817C0F4C37079
:10080000CC0FCC0F80916D03837F8C2B80936D0375
:1008100080916D0310FB84F980936D03D295DD0FF9
:10082000D07E40916D034F714D2B40936D038091AD
:100830006D03816080936D0380916D03826080936E
:100840006D03DF91CF911F9108952F923F924F92A8
:100850005F926F927F928F929F92AF92BF92CF9250
:10086000DF92EF92FF920F931F93CF93DF93CDB759
:10087000DEB72C970FB6F894DEBF0FBECDBF282E83
:1008800049835A836B837C83280139013A2C0E9467
:10089000336A022D10E09801220F331F220F331FFD
:1008A0003C872B87F901E559FA4F80809180A2801F
:1008B000B380681979098A099B09613D77408105F0
:1008C000910508F4EAC0332009F475C088E691E088
:1008D0009A87898780E090E0A0EAB0E48D839E83C8
:1008E000AF83B8870E94336AEB85FC85E559FA4FE0
:1008F000608371838283938320E030E0A901C70184
:10090000B6010F94B198811107C0F801EE0FFF1FD7
:10091000E959FA4F11821082AB85BC85A15ABA4FB2
:100920005D0129813A814B815C816D917D918D9131
:100930009C910F94B198882309F491C020E030E095
:10094000A90169817A818B819C810F94459AF80174
:10095000E35AFA4F1816C4F581E0808389819A81A1
:10096000AB81BC81F50180839183A283B383EB8546
:10097000FC85EB5AFA4F4082518262827382F80101
:10098000ED5AFA4F1082A3019201BC01CD010F94E0
:10099000459A18161CF5F801ED5AFA4F80818F5FC1
:1009A00080833110C7C08930C8F0812C912CA12CD4
:1009B00050E4B52EE8C0ADE2B0E0BA87A98780E088
:1009C00090E0A0E7B1E48ACF108289819A81AB815F
:1009D000BC81F50180839183A283B3832D813E8105
:1009E0004F81588569817A818B819C810F94BB9757
:1009F000A30192010F94B19887FF46C0F801E35A12
:100A0000FA4F8081813049F482E08083F801EE0F53
:100A1000FF1FE959FA4F1182108220E030E0A9014E
:100A2000C701B6010F94459A1816BCF529813A8181
:100A30004B815C816D817E818F8198850F94BC97FD
:100A4000A30192010F94459A18160CF03FC0000FB5
:100A5000111FF801E959FA4F118210821EC0A3013B
:100A6000920169817A818B819C810F94459A181635
:100A70000CF0B4CFF801E35AFA4F8081813009F0CD
:100A8000ADCF89CF108297C020E030E0A901C70127
:100A9000B6010F94459A1816CCF02C960FB6F89420
:100AA000DEBF0FBECDBFDF91CF911F910F91FF90A1
:100AB000EF90DF90CF90BF90AF909F908F907F90FE
:100AC0006F905F904F903F902F900895F801E35AF8
:100AD000FA4F8081823008F3000F111FF801E959A5
:100AE000FA4F80819181019691838083880F991FAD
:100AF000E985FA85E817F90780F643E0622D832D32
:100B00002C960FB6F894DEBF0FBECDBFDF91CF910C
:100B10001F910F91FF90EF90DF90CF90BF90AF901B
:100B20009F908F907F906F905F904F903F902F900D
:100B30000D94C103813108F451CF20E030E044EB43
:100B400052E4C301B2010F94459A812C912CE0E448
:100B5000AE2EBA2C18162CF4812C912CA12C70E4FA
:100B6000B72E20E030E042ED52E4C301B2010F9411
:100B7000459A181644F46AE9862E69E9962E69E1C9
:100B8000A62E6FE3B62EEB85FC85EB5AFA4F20813B
:100B9000318142815381C301B2010F94BB97A501FA
:100BA00094010F94B198F801EF5AFA4F87FF6ACF7A
:100BB00080818F5F8083808190E0311004C0069730
:100BC0004CF080E003C004972CF081E042E0622DFD
:100BD0000F94C1032B853C852B5A3A4FD9014D9276
:100BE0005D926D927C921397F801ED5AFA4F108244
:100BF000F5CECF9389E29DE00F940C97C1E08F3F33
:100C000091F420E030E040EF51E46091F404709101
:100C1000F5048091F6049091F7040F94459A87FFAC
:100C200004C0C0E002C08111FCCF8C2FCF91089589
:100C30001F920F920FB60F9211240BB60F92FF92D4
:100C40000F931F932F933F934F935F936F937F93D4
:100C50008F939F93AF93BF93CF93DF93EF93FF93C4
:100C6000809170008B7F8093700078948091000158
:100C700086FDC8C068EC70E084E693E10E946B6A70
:100C80008823B9F084E693E10E94726A81E893E1D7
:100C90000E94C16A809175058111A5C0809174057B
:100CA0008111A1C081E693E10E94726A81E0809384
:100CB00075058091030182FB882780F991E08927DF
:100CC0009091030191FF8260E0917305E817E1F0D4
:100CD00024E0E29FF0011124E82BED5AFA46E4915A
:100CE0009091DF04E90FE093DF040E2E000CFF0B60
:100CF000F7FF03C0F195E195F10934971CF091E0FD
:100D00009093E0048093730580915C02811108C088
:100D10008091E90480937605882309F487C0759A49
:100D200080915C028F70A9F48091F30390E024E03D
:100D3000959587952A95E1F78093A703892B09F468
:100D400077C09FB7F8948091020188608093020178
:100D50009FBF9091760580915C02981708F4759872
:100D600080915C028F709091A703981740F49FB711
:100D7000F89480910201877F809302019FBF809148
:100D80005C028F5F8F7780935C0210E000E0E801E7
:100D9000CC0FDD1FCC53DA4F8881998118161906C4
:100DA0000CF04CC0FFB6F89461E0802F0E949BFDD0
:100DB00088819981019799838883FFBE0F5F1F4FB8
:100DC0000330110521F78091F0169091F116A09152
:100DD000F216B091F316823A924AA105B105D9F103
:100DE00081E00E94EB6868EE73E081E693E10E9487
:100DF000436A882309F45DCF81E080937405809372
:100E0000E10457CF80917505882309F452CF1092E1
:100E1000750580917405811103C081E080934003C2
:100E200081E08093E0041092740543CF759878CFE9
:100E30009FB7F89480910201877F88CF892B09F4AE
:100E4000BDCFFFB6F89460E0802F0E949BFD8881A3
:100E500099810196B0CFF89480917000846080935E
:100E60007000FF91EF91DF91CF91BF91AF919F9172
:100E70008F917F916F915F914F913F912F911F9132
:100E80000F91FF900F900BBE0F900FBE0F901F9011
:100E900018954F925F926F927F92AF92BF92CF92CE
:100EA000DF92EF92FF920F931F93CF93DF9324E093
:100EB00030E041E050E0D901A758BC46FD01659102
:100EC0007491861797070CF080C041505109440F68
:100ED000551F440F551F8A0105581C46F801C5903F
:100EE000D49047585C46FA0165917491F901E55830
:100EF000FC46C591D491F80105911491FD01E5904E
:100F0000F490FA01A590B490861B970BBC01990F41
:100F1000880B990B0F949A912B013C01BE01601B29
:100F2000710B072E000C880B990B0F949A919B0163
:100F3000AC01C301B2010F94D9912B013C01B7015F
:100F40006A197B09072E000C880B990B0F949A9154
:100F50009B01AC01C301B2010F94BB982B013C0172
:100F6000B601DD0C880B990B0F949A919B01AC0193
:100F7000C301B2010F94BC976B017C0120E030E00B
:100F800040E252E4C701B6010F94459A87FD30C094
:100F900020E030E048E452E4C701B6010F94B19874
:100FA000181634F120E030E040E252E4C701B60107
:100FB0000F94BB9720E030E040E05FE30F94D991BD
:100FC0009B01AC01C701B60143C04F5F5F4F2C5F6F
:100FD0003F4F243F310509F06ECFEBE6F4E9659110
:100FE0007491072E000C880B990B0F949A91C4CF23
:100FF00020E030E048E452E4C701B6010F94459A7E
:101000001816DCF520E030E048EC52E4C701B601E8
:101010000F94B19818168CF120E030E040EA50E4CB
:10102000C701B6010F94BC972B013C0120E030E0D2
:1010300048E452E4C701B6010F94BB972DEC3CEC99
:101040004CEC5DE30F94D9919B01AC01C301B2015B
:101050000F94BC976B017C01C701B601DF91CF9162
:101060001F910F91FF90EF90DF90CF90BF90AF90C6
:101070007F906F905F904F90089520E030E048ECB3
:1010800052E4C701B6010F94459A18162CF720E0D8
:1010900030E040E251E496CF1F920F920FB60F92CC
:1010A00011240BB60F924F925F926F927F92AF9284
:1010B000CF92DF92EF92FF920F931F932F933F9364
:1010C0004F935F936F937F938F939F93AF93BF9350
:1010D000CF93EF93FF938091EA04882309F448C1EA
:1010E0001092EA040E94585D809171008D7F809378
:1010F000710078948091E4049091E5040E9400C905
:101100006B017C01C092B505D092B605E092B7059F
:10111000F092B8056090E6047090E704C3010F9464
:1011200049076093AF057093B0058093B105909324
:10113000B2058091E2049091E3040F944907609313
:10114000910570939205809393059093940581E0A7
:101150008093900580916D038D7F80936D03209126
:10116000E4043091E5048091A3039091A4038217D5
:1011700093072CF040E060E080E00F94C103809181
:10118000A1039091A203861597052CF040E060E042
:1011900081E00F94C1038091A505811109C01092CF
:1011A000A2051092A4051092A30581E08093A505E5
:1011B00080919A05811109C01092970510929905A6
:1011C0001092980581E080939A056091A503709133
:1011D000A6038091B3059091B405681779070CF0C8
:1011E000E6C0C0919605C11112C06B5F7F4F072EFC
:1011F000000C880B990B0F949A919B01AC01C1E0F4
:10120000C701B6010F94459A18160CF0C0E0C093C0
:10121000960568E97AE382EA95E00E946B6A81119B
:1012200004C080919605882399F081E0809396050B
:101230002091E4043091E5048091460290914702A8
:10124000281739072CF041E060E080E00F94C103DB
:101250008091AD059091AE054F970CF4AFC0C09151
:101260009505C11112C0C1E020E030E04CE052E42D
:101270006091AF057091B0058091B1059091B20574
:101280000F94459A18160CF0C0E0C093950560E5E0
:1012900073EC87E995E00E946B6A811104C080912C
:1012A0009505882399F081E0809395052091E604C7
:1012B0003091E70480914402909145022817390744
:1012C0002CF041E060E081E00F94C1036091E904FB
:1012D00070E090E080E00F9498916B017C01409069
:1012E000B5055090B6056090B7057090B80560914F
:1012F000B3057091B405072E000C880B990B0F9461
:101300009A91AB01BC01A12C9301820181E00F9461
:1013100025046091E80470E090E080E00F949891DB
:101320006B017C014090AF055090B0056090B10515
:101330007090B2056091AD057091AE05072E000C5E
:10134000880B990B0F949A91AB01BC01AA24A3942A
:101350009301820180E00F94250480914102811164
:101360000E9477FAF89480917100826080937100F6
:10137000FF91EF91CF91BF91AF919F918F917F910D
:101380006F915F914F913F912F911F910F91FF901E
:10139000EF90DF90CF90AF907F906F905F904F90E5
:1013A0000F900BBE0F900FBE0F901F90189582EA02
:1013B00095E00E94726A109296054ACF87E995E0FF
:1013C0000E94726A1092950581CF20913706309164
:1013D00038064091390650913A0660E070E08FE798
:1013E00093E40F94BB986093B0037093B103809320
:1013F000B2039093B3032091430630914406409189
:1014000045065091460660E070E08FE793E40F9444
:10141000BB986093A8037093A9038093AA03909349
:10142000AB0308952FEF30E0DC010F94149D20ED05
:1014300037E040E050E00F94E59CB9018CE20C9459
:10144000DACBCF93DF9383E192E90E9405678FE0C7
:1014500092E90E94FE6362B36695617070E090E06D
:1014600080E00E94076582B3817090E00F94D55BA5
:101470008BE092E90E94FE63C6E0D1E06881062E0F
:10148000000C770B880B990B662797FD63957727E0
:10149000882799270E94076582B382FB882780F9F5
:1014A00090E00F94D55B87E092E90E94FE6368812B
:1014B00066FB662760F970E090E080E00E940765B7
:1014C000888185FB882780F990E00F94D55B82E0C6
:1014D00092E90E94FE63688163FB662760F970E011
:1014E00090E080E00E94076588818295817090E09D
:1014F000DF91CF910D94D55B67FD08C0813021F15C
:10150000D8F0823099F1833009F442C047FD4CC0D5
:10151000813009F455C008F44DC0823009F456C03A
:10152000833009F041C09FB7442309F45FC0F894A9
:1015300080910801806151C0662321F0A19A47FF84
:1015400039C00895A198FBCF9FB7662351F0F89456
:10155000809108018068809308019FBF47FF30C0D9
:101560000895F894809108018F77F5CF9FB766238F
:1015700051F0F894809108018064809308019FBF26
:1015800047FF24C00895F894809108018F7BF5CF20
:101590009FB7662351F0F89480910801886080938A
:1015A00008019FBF47FFBFCF0895F89480910801BD
:1015B000877FF5CF442311F0A09A0895A09808954D
:1015C000442311F0A29A0895A29808959FB7442346
:1015D00041F0F894809108018062809308019FBFD8
:1015E0000895F894809108018F7DF7CFF894809149
:1015F00008018F7EF2CF643081F030F4613049F021
:1016000040E0623069F00895683049F0603139F0A7
:10161000089540E060E00D947C0A41E0FBCF41E09A
:1016200061E0F9CFDB0181110EC02FEF30E00F94A4
:10163000149D20ED37E040E050E00F94E59CB901A7
:101640008EE20C94DACB813069F42FEF30E00F9406
:10165000149D20ED37E040E050E00F94E59CB90187
:101660008DE2EFCF823019F4CB010D94120A089568
:101670008FEF9FE00F940C978093610390910A0184
:10168000986090930A0190910A01906190930A01E9
:1016900090910A01906290930A01882321F0809131
:1016A000D00D882359F18CE192E0909357028093FA
:1016B00056028EE393E0909359028093580284EF90
:1016C00091E090935B0280935A0260915602709170
:1016D000570280E00F94120B6EE373E081E00F94E9
:1016E000120B80915A0290915B020F94120A809122
:1016F0002101887F81608093210108958EE091E02F
:1017000090935702809356028EE393E09093590290
:101710008093580282EC91E0D4CF2FB7F89494E0F4
:10172000899FF0011124E053F94F6081718182811A
:1017300093812FBF0895CF93C82F0F948D0B0F94D3
:101740009A9124E0C29FF0011124E153FA4F2081C5
:101750003181428153810F94BB98CF91089590912C
:10176000C20D8091C30D981729F090E080E00E948F
:101770006884F5CF0895B19A109285001092840084
:1017800080ED97E090938900809388001092D503B4
:101790001092D4038091D2039091D30301978E3F8E
:1017A0009F4F20F41092D3031092D20308951F92FA
:1017B0000F920FB60F9211240BB60F924F925F92B9
:1017C0006F927F928F92CF92DF92EF92FF921F9350
:1017D0002F933F934F935F936F937F938F939F9339
:1017E000AF93BF93CF93DF93EF93FF938091D20397
:1017F0009091D3039C01215031092E3F3F4F90F42B
:1018000020918800309189002817390708F0F9C025
:101810002091880030918900821B930B9093D30311
:101820008093D20320918800309189008091D40365
:101830009091D5032817390708F0E8C02091880057
:1018400030918900821B930B9093D5038093D4032E
:101850008091D4039091D503892B11F00D94DA1463
:10186000E091E911F091EA11309709F082C190916D
:10187000C20D8091C30D981709F43DC3C091C30DEB
:101880002C2F30E05EE6C59FE0011124CE51D94FE8
:10189000FE01E95BFF4F41E04083D093EA11C09322
:1018A000E911209709F427C310924D0510924E05B7
:1018B00010924F051092500510924C058AAD9BADC9
:1018C00090934B0580934A058134ACE99A0708F060
:1018D000A2C08132BEE49B0708F4A0C0969587950C
:1018E0009695879544E04093490580978115F8E0E7
:1018F0009F0708F4A4C0E92FFF27EE0FFF1FEE0F8C
:10190000FF1FAF014E5F5147FA013296A591B49186
:10191000FA0145915491B89FB001A89F000C611D38
:101920001124711D461B570BCA014436510510F492
:1019300084E690E0B0E0A0E08093450590934605F2
:10194000A0934705B09348054EE6429FC001439FD0
:10195000900D11248E51994FFC01E45BFF4F4081A3
:10196000442349F0815B9F4FDC018D919C919093C2
:10197000440580934305109242058FEF9FEF9093AB
:10198000D3038093D203809341058EE6829FF001BA
:10199000839FF00D1124EE51F94F85A984FF08C0F3
:1019A0001092DC061092DD061092DE061092DF0621
:1019B00083FF61C08EE6829FF001839FF00D1124AA
:1019C000EE51F94F808991899695879591958195EA
:1019D000910990933E0580933D0590933A0580933D
:1019E00039059093360580933505909332058093A1
:1019F000310581E024853585232B09F07DC080E009
:101A00007BC01092D3031092D2030CCF1092D50357
:101A10001092D4031DCF80E49CE960CF8131E7E2CE
:101A20009E0720F09695879542E05DCF409349054B
:101A30008032910508F059CF80E290E056CFBC018A
:101A4000769567956C7F6E5F7547FB014591549164
:101A5000FB013296A591B491877099278A9FB001B6
:101A60008B9F700D9A9F700D1124E3E0769567951A
:101A7000EA95E1F757CF8EE6829FF001839FF00D44
:101A80001124EE51F94F80899189A289B389B695C5
:101A9000A79597958795B095A095909581959F4F1F
:101AA000AF4FBF4F80933D0590933E05A0933F05F8
:101AB000B09340058093390590933A05A0933B0578
:101AC000B0933C058093350590933605A093370578
:101AD000B09338058093310590933205A093330578
:101AE000B093340581E04485558566857785452B1F
:101AF000462B472B09F483CF8093300510922C0599
:101B000010922D0510922E0510922F05888D80932E
:101B10002B0580FFD9C180910B018D7F80930B0134
:101B20008FEF8093520280912B0581FFD4C1809169
:101B30000B018E7F80930B018FEF80935302809176
:101B40002B0582FFCFC180910B018B7F80930B010E
:101B50008FEF8093540280912B0583FFCAC18FEFD2
:101B600080935502E091E911F091EA11309709F460
:101B700021C78091630250912805882309F46CC025
:101B80002091D60380912A059091290530912B054B
:101B900030FF1DC01E9BCEC18160492F417048237C
:101BA000B1F0C080D180E280F3801C141D041E04BB
:101BB0001F046CF42160C088D188E288F388C09249
:101BC0002C05D0922D05E0922E05F0922F0531FFC5
:101BD0001DC01D9BB1C18260492F42704823B1F0E6
:101BE000C480D580E680F7801C141D041E041F04E9
:101BF0006CF42260C088D188E288F388C0922C05FA
:101C0000D0922D05E0922E05F0922F0532FF98C15B
:101C100051111CC01C9B92C1846094709823B1F038
:101C2000C084D184E284F3841C141D041E041F04A8
:101C30006CF42460C088D188E288F388C0922C05B7
:101C4000D0922D05E0922E05F0922F0580932A0563
:101C5000809329052093D6035523F9F02091D603CC
:101C600080912A05909129051C9B71C18460947014
:101C7000982369F02460408951896289738940936F
:101C80002C0550932D0560932E0570932F0580939E
:101C90002A05809329052093D60385A9C0E083FFF8
:101CA00058C180914905C81708F0D5C20E9414FE9A
:101CB000E091E911F091EA118081918120913D0537
:101CC00030913E05820F931F90933E0580933D0512
:101CD000181619066CF5409AE091E911F091EA1195
:101CE00080913D0590913E0520893189821B930B9F
:101CF00090933E0580933D05909152024091D0060D
:101D00005091D1066091D2067091D306892F990F18
:101D1000990BAA0BBB0B840F951FA61FB71F8093AF
:101D2000D0069093D106A093D206B093D3064098E4
:101D3000E091E911F091EA118481958120913905B2
:101D400030913A05820F931F90933A05809339059D
:101D5000181619066CF5419AE091E911F091EA1113
:101D60008091390590913A0520893189821B930B26
:101D700090933A0580933905909153024091D4068F
:101D80005091D5066091D6067091D706892F990F8C
:101D9000990BAA0BBB0B840F951FA61FB71F80932F
:101DA000D4069093D506A093D606B093D706419853
:101DB000E091E911F091EA11808591852091350536
:101DC00030913605820F931F909336058093350529
:101DD000181619066CF5429AE091E911F091EA1192
:101DE000809135059091360520893189821B930BAE
:101DF0009093360580933505909154024091D80612
:101E00005091D9066091DA067091DB06892F990FFF
:101E1000990BAA0BBB0B840F951FA61FB71F8093AE
:101E2000D8069093D906A093DA06B093DB064298C1
:101E3000E091E911F091EA1180913105909132051C
:101E400024853585820F931F909332058093310549
:101E5000208931891816190644F5821B930B90933B
:101E6000320580933105909155024091DC065091E6
:101E7000DD066091DE067091DF06892F990F990BC0
:101E8000AA0BBB0B840F951FA61FB71F8093DC0600
:101E90009093DD06A093DE06B093DF069091550285
:101EA00080914205890F8093420580912C05909185
:101EB0002D05019690932D0580932C05821793078D
:101EC00008F0C9C1CF5FEDCE80910B018260809395
:101ED0000B0181E026CE80910B01816080930B0184
:101EE00081E02BCE80910B01846080930B0181E017
:101EF00030CE81E035CE80ED97E09093D50380938E
:101F0000D4039093D1038093D0038FEF9FEF9093EE
:101F1000D3038093D203109242058091CE03909117
:101F2000CF03009709F41ECE01979093CF038093BF
:101F3000CE0318CE8E7F31CE8D7F4ECE8B7F6DCE71
:101F4000019903C08064907469CE8F7BFCCF8B7F36
:101F50008ECE80914905C81708F07DC10E9414FEFD
:101F6000E091E911F091EA1180819181A281B38120
:101F700040913D0550913E0560913F0570914005AF
:101F8000840F951FA61FB71F80933D0590933E05B4
:101F9000A0933F05B0934005181619061A061B06B4
:101FA000CCF5409AE091E911F091EA1180913D055C
:101FB00090913E05A0913F05B0914005408951891F
:101FC00062897389841B950BA60BB70B80933D0523
:101FD00090933E05A0933F05B09340059091520227
:101FE0004091D0065091D1066091D2067091D306EF
:101FF000892F990F990BAA0BBB0B840F951FA61F56
:10200000B71F8093D0069093D106A093D206B093C9
:10201000D3064098E091E911F091EA11848195810D
:10202000A681B7814091390550913A0560913B05F1
:1020300070913C05840F951FA61FB71F809339052B
:1020400090933A05A0933B05B0933C0518161906EA
:102050001A061B06CCF5419AE091E911F091EA11BC
:102060008091390590913A05A0913B05B0913C05CE
:102070004089518962897389841B950BA60BB70B24
:102080008093390590933A05A0933B05B0933C05A6
:10209000909153024091D4065091D5066091D60696
:1020A0007091D706892F990F990BAA0BBB0B840F40
:1020B000951FA61FB71F8093D4069093D506A093B3
:1020C000D606B093D7064198E091E911F091EA1154
:1020D00080859185A285B38540913505509136055F
:1020E0006091370570913805840F951FA61FB71FA3
:1020F0008093350590933605A0933705B093380546
:10210000181619061A061B06CCF5429AE091E91139
:10211000F091EA118091350590913605A09137052F
:10212000B09138054089518962897389841B950B68
:10213000A60BB70B8093350590933605A093370512
:10214000B0933805909154024091D8065091D90629
:102150006091DA067091DB06892F990F990BAA0B13
:10216000BB0B840F951FA61FB71F8093D8069093B3
:10217000D906A093DA06B093DB064298E091E91104
:10218000F091EA118091310590913205A0913305CB
:10219000B09134054485558566857785840F951FF4
:1021A000A61FB71F8093310590933205A093330586
:1021B000B0933405408951896289738918161906CC
:1021C0001A061B0674F5841B950BA60BB70B8093A0
:1021D000310590933205A0933305B0933405909167
:1021E0005502C090DC06D090DD06E090DE06F0904F
:1021F000DF06892F990F990BAA0BBB0B8C0D9D1D28
:10220000AE1DBF1D8093DC069093DD06A093DE0615
:10221000B093DF069091550280914205890F80931B
:10222000420580912C0590912D05A0912E05B0912D
:102230002F050196A11DB11D80932C0590932D05AE
:10224000A0932E05B0932F0584179507A607B7070F
:1022500010F4CF5F7ECE80914205882339F087FF4E
:10226000F2C080910B01806480930B0140912C059A
:1022700050912D0560912E0570912F05C091E911A7
:10228000D091EA11898D9A8DAB8DBC8D84179507FD
:10229000A607B70708F437C1C0904505D09046059A
:1022A000E0904705F09048052C893D894E89AA2782
:1022B000C39EB12DD49EC001E49E900DE39E800D7F
:1022C000911DC49EB00D811D9A1FD39EB00D811D1E
:1022D0009A1FE29EB00D811D9A1FD29EB10D8A1FDA
:1022E0009A1FBB0F8A1F9A1F11242AAD3BAD820F84
:1022F000931F90934B0580934A052EA93FA9281759
:10230000390720F430934B0520934A0580914A0504
:1023100090914B058134BCE99B0708F098C081324D
:10232000EEE49E0708F496C0969587959695879556
:1023300024E0209349058097811528E0920708F44E
:102340009BC0E92FFF27EE0FFF1FEE0FFF1F9F011E
:102350002E5F3147F901329645915491F90125914B
:102360003491589FB001489F000C611D1124711DCC
:10237000261B370BC9012436310510F484E690E0A2
:102380009093D5038093D4039093D1038093D0038B
:10239000C80ED91EE11CF11CC0924505D09246051D
:1023A000E0924705F0924805FE01E45BFF4F808113
:1023B000811180C080E080FF16C09FEF909341059F
:1023C000E091CE03F091CF03209143053091440575
:1023D000E217F30709F027C28FEF9FEF9093D30323
:1023E0008093D20380E080FD07C08091D20390915A
:1023F000D303019609F4B7C2E091D003F091D10361
:102400008091220590912305A0912405B091250586
:102410002C013D014E0E5F1E611C711C9E01235B51
:102420003F4FD901CD90DC90F12CE12C60E04C14B1
:102430005D046E047F0408F426C26F5F4C185D08CB
:102440006E087F08F4CF80910B018F7B0DCF80E465
:102450009CE96ACF8131F7E29F0720F09695879536
:1024600022E067CF21E0209349058032910508F0F2
:1024700062CF80E290E05FCFAC01569547954C7FEC
:102480004E5F5547FA0125913491FA0132966591D4
:10249000749187709927869FA001879F500D969F02
:1024A000500D112473E0569547957A95E1F7241B5A
:1024B000350B60CF40912C0550912D0560912E0574
:1024C00070912F058091490590E0B0E0A0E084175D
:1024D0009507A607B70708F46DCF809130058111E5
:1024E00002C083E068CF8091CE039091CF0320910A
:1024F0004305309144052817390798F79093440510
:1025000080934305EECF80912C0590912D05A091ED
:102510002E05B0912F054D8D5E8D6F8D78A14817DA
:1025200059076A077B0708F0E3C0C0904D05D090BB
:102530004E05E0904F05F09050056C887D888E88A0
:10254000AA27C79CB12DD89CF001E89CF00DE79C10
:10255000E00DF11DC89CB00DE11DFA1FD79CB00D18
:10256000E11DFA1FE69CB00DE11DFA1FD69CB10DCE
:10257000EA1FFA1FBB0FEA1FFA1F112420914A0518
:1025800030914B058EAD9FAD2E173F0730F02E1BBF
:102590003F0B8217930708F4C9018134ACE99A070D
:1025A00008F075C08132BEE49B0708F473C09695AD
:1025B00087959695879524E0209349058097811506
:1025C000F8E09F0708F478C0E92FFF27EE0FFF1F00
:1025D000EE0FFF1F9F012E5F3147F9013296A59143
:1025E000B491F90125913491B89FF001A89F000C96
:1025F000E11D1124F11D2E1B3F0BC90124363105AD
:1026000010F484E690E09093D5038093D4039093E4
:10261000D1038093D003C80ED91EE11CF11CC092D7
:102620004D05D0924E05E0924F05F0925005FE0107
:10263000E45BFF4F8081882309F4BCCE80912C0598
:1026400090912D05A0912E05B0912F05209149055F
:10265000420F511D611D711D481759076A077B07FD
:1026600008F4A8CE3596208131813093440520931B
:10267000430580913005882309F433CF8091CE0340
:102680009091CF038217930708F02BCF37CF80E4C8
:102690009CE98DCF8131E7E29E0720F096958795E2
:1026A00022E08ACF21E0209349058032910508F08D
:1026B00085CF80E290E082CFDC01B695A795AC7F14
:1026C000AE5FB547FD0125913491FD013296A5918C
:1026D000B491877099278A9FF0018B9FF00D9A9F84
:1026E000F00D1124A3E0F695E795AA95E1F783CFC5
:1026F00080914C05882371F080E02091260530916F
:1027000027053093D5032093D4033093D10320932E
:10271000D00351CE8EA99FA981342CE9920708F0ED
:102720004EC081324EE4940708F44CC096958795CC
:102730009695879524E02093490580978115A8E018
:102740009A0708F451C0E92FFF27EE0FFF1FEE0F85
:10275000FF1F9F012E5F3147F901329665917491F9
:10276000F90125913491789FA001689F000C411DCB
:102770001124511DC901841B950B8436910510F459
:1027800084E690E090932705809326058091490583
:1027900080934C05FE01E45BFF4F8081882309F4A0
:1027A000ABCF80913005882341F08091CE0390918A
:1027B000CF03909344058093430581E09ECF80E44E
:1027C0009CE9B4CF813157E2950720F09695879523
:1027D00022E0B1CF21E0209349058032910508F035
:1027E000ACCF80E290E0A9CF9C01369527952C7F55
:1027F0002E5F3547F90145915491F9013296659163
:10280000749187709927869F9001879F300D969FBE
:10281000300D1124A3E036952795AA95E1F7CA015A
:10282000821B930BAACFDE01A35BBF4F4D915C913E
:10283000119770E060E04093220550932305609368
:1028400024057093250516969C9190932105982F49
:10285000927009F4C8CD90913005992309F4C3CD45
:102860002E173F0708F0BFCD440F551F661F771F77
:10287000409322055093230560932405709325050A
:1028800010924105B0CD40922205509223056092EE
:1028900024057092250561111DC0F0932005E09379
:1028A0001F05F093D303E093D2038091410587FD88
:1028B0005AC08091490510912105C35BDF4F2881E3
:1028C0003981811335C081E02E173F0708F449C0D4
:1028D00080E047C0643028F56F5F6330A9F06695EB
:1028E000AF0102C0569547956A95E2F7BA01709319
:1028F000200560931F0580911F05909120059093FE
:10290000D3038093D203D1CF9F01ABEABAEA0F94ED
:10291000AC9741E196958795779567954A95D1F75C
:10292000E6CF70E06F5F7F4FCF010F94BD9CDFCF8C
:10293000833009F4A2C08695A90102C05695479537
:102940008A95E2F7133009F4A6C01695BF0102C0BC
:10295000769567951A95E2F781E04617570708F0D4
:10296000B7CF809341050E9414FE40912C055091F1
:102970002D0560912E0570912F05E091E911F091E0
:10298000EA1180899189A289B389481759076A0792
:102990007B0780F01092EA111092E9119091C20D1C
:1029A0008091C30D981731F08091C30D8F5F8F70A8
:1029B0008093C30D6091D2037091D30361157105AB
:1029C00009F046C04091CE035091CF0320914305BA
:1029D00030914405809142052417350708F06CC0FA
:1029E00090912105913041F0421B530B941715062D
:1029F00019F010F04093210590912105891B8093D7
:102A00004205882339F087FF53C080910B01806411
:102A100080930B01209121058091CE039091CF03EB
:102A2000821B91099093CF038093CE032091CE0314
:102A30003091CF03809143059091440528173907C1
:102A400009F066C08FEF9FEF9093D3038093D2037A
:102A500040914205411161C08091D2039091D3030E
:102A60002091D4033091D5038F3F980709F088C097
:102A700030938900209388008EC0ABEABAEA0F94A5
:102A8000AC97AB01BC0131E17695679557954795B9
:102A90003A95D1F757CF9F01ABEABAEA0F94AC97BA
:102AA00021E196958795779567952A95D1F754CF2B
:102AB00080910B018F7BACCF4217530708F0B6CF44
:102AC00090912105913041F0241B350B921713068C
:102AD00019F010F02093210590912105890F809322
:102AE0004205882339F087FF0FC080910B01806475
:102AF00080930B01809121052091CE033091CF036B
:102B0000820F932F911D8ECF80910B018F7BF0CF81
:102B100080911F059091200597CF8091410587FDF9
:102B20000EC0082E000C990B21E030E061157105F4
:102B300011F030E020E08217930709F08DCF20914B
:102B40002105672B11F020914905842F042E000CDC
:102B5000990B97FF03C091958195910930E0281753
:102B600039070CF4C90121E047FF2FEF439A9091F8
:102B70004205920F9093420543988150B9F76CCF6C
:102B8000AC01485D5F4F4217530708F071CF909337
:102B9000890080938800209188003091890080917D
:102BA00084009091850040962817390748F4809159
:102BB00084009091850040969093890080938800CE
:102BC000FF91EF91DF91CF91BF91AF919F918F9145
:102BD0007F916F915F914F913F912F911F91FF9046
:102BE000EF90DF90CF908F907F906F905F904F909D
:102BF0000F900BBE0F900FBE0F901F9018959091E5
:102C00002805809328052FB7F8948091D6038B7FF1
:102C10008093D6032FBF892F08958091D6032FB7B5
:102C2000F8949091D6039B7F9093D6032FBF82FB9D
:102C3000882780F908959091D6031092D60381E0F9
:102C4000911101C080E008959091D1119130A1F0CF
:102C500028F09230A9F09330C1F00895811102C09C
:102C60000C947CFE823011F40D948200853009F0C2
:102C70004DC080E00C945AFE882391F38230A1F37A
:102C8000853009F043C081E0F5CF882349F38230D5
:102C900059F3853071F38630E1F485E027E231E0C5
:102CA0004FB7F894909102019460909302014FBF46
:102CB000F9013197F1F74FB7F894909102019B7F9A
:102CC000909302014FBFF9013197F1F7815041F71D
:102CD00008958730D9F484E123E731E04FB7F894C1
:102CE000909102019460909302014FBFF9013197D6
:102CF000F1F74FB7F894909102019B7F90930201F6
:102D00004FBFF9013197F1F7815041F70895CF9303
:102D1000C091D111C23049F1C13061F480915A049F
:102D2000811123C070E060E080E590E00F94E85BE3
:102D3000C0935A0460ED77E08CE192E10E946B6AE7
:102D4000882399F08CE192E10E94726A8091D111FE
:102D5000811107C070E060E080E590E0CF910D94B4
:102D6000E85B80E0CF910D942416CF910895609197
:102D7000C20D9091C30D30E020E08EE6961761F011
:102D8000899FF0011124E25BF84F40815181240FAB
:102D9000351F9F5F9F70F2CFC90108953091C20D1A
:102DA0002091C30D321791F0E091C20DE11101C0E5
:102DB000E0E1E1502EE6E29FF0011124E25BF84FE2
:102DC00020813181820F931F918380830895CF9258
:102DD000DF92EF92FF920F931F93CF93DF930FEC4D
:102DE00015E0CAE4D4E08AE5C82E84E0D82E780144
:102DF0000C5F1F4FF70160A171A182A193A10F94F5
:102E00009891F70120813181428153810F94D991AA
:102E10000F9434996993799389939993CC16DD062D
:102E200031F7DF91CF911F910F91FF90EF90DF90DD
:102E3000CF900895FC01408151816281738140935C
:102E4000A8065093A9066093AA067093AB0620913A
:102E5000DB053091DC054091DD055091DE05608198
:102E60007181828193810F94D9910F94F99AE0EC4A
:102E7000F6E064877587868797878FB7F8944485CF
:102E80005585668577854093DC065093DD06609313
:102E9000DE067093DF068FBF08954F925F926F92A8
:102EA0007F928F929F92AF92BF92CF92DF92EF92DA
:102EB000FF92CF93DF93CDB7DEB72C970FB6F89480
:102EC000DEBF0FBECDBFC0900212D0900312E090C3
:102ED0000412F09005128091FE119091FF11A091C3
:102EE0000012B09101124091FA115091FB116091C2
:102EF000FC117091FD114D835E836F837887898308
:102F00009A83AB83BC83BE016F5F7F4FCE01059672
:102F10000E94A8604D805E806F8078842091CF05EC
:102F20003091D0054091D1055091D205C301B20135
:102F30000F94D9910F94F99A6093C0067093C106CB
:102F40008093C2069093C30689809A80AB80BC8030
:102F50002091D3053091D4054091D5055091D605E7
:102F6000C501B4010F94D9910F94F99A6093C406E6
:102F70007093C5068093C6069093C70680919712FA
:102F8000882309F48CC0A5019401C301B2010F94F8
:102F9000F3579B01AC01C701B6010F94BC97209178
:102FA000D7053091D8054091D9055091DA050F9495
:102FB000D9910F94F99A6093C8067093C9068093CB
:102FC000CA069093CB068091061290910712A091A9
:102FD0000812B091091289879A87AB87BC87209124
:102FE000DB053091DC054091DD055091DE05BC012B
:102FF000CD010F94D9910F94F99A6093CC067093F8
:10300000CD068093CE069093CF0640929C065092B8
:103010009D0660929E0670929F068092A0069092F6
:10302000A106A092A206B092A306C092A406D092D6
:10303000A506E092A606F092A70689859A85AB853B
:10304000BC858093A8069093A906A093AA06B09386
:10305000AB060F9472691092BA031092BB031092E0
:10306000BC031092BD03EEEBF3E080E1DF011D92A3
:103070008A95E9F72C960FB6F894DEBF0FBECDBF48
:10308000DF91CF91FF90EF90DF90CF90BF90AF9006
:103090009F908F907F906F905F904F9008952091B8
:1030A000D7053091D8054091D9055091DA05C7016F
:1030B000B6017DCF4F925F926F927F928F929F92D7
:1030C000AF92BF92CF92DF92EF92FF92CF9380E0C8
:1030D0000F948D0B6093C0067093C1068093C20657
:1030E0009093C30681E00F948D0B6093C406709398
:1030F000C5068093C6069093C70682E00F948D0B99
:103100006093C8067093C9068093CA069093CB0655
:1031100083E00F948D0B6093CC067093CD06809363
:10312000CE069093CF0680E00F949B0B6093FA112C
:103130007093FB118093FC119093FD1181E00F942B
:103140009B0B6093FE117093FF118093001290937C
:10315000011282E00F949B0B609302127093031292
:10316000809304129093051283E00F949B0B60935D
:10317000061270930712809308129093091280919F
:103180009712882331F12091FE113091FF11409167
:103190000012509101126091FA117091FB1180910F
:1031A000FC119091FD110F94F3579B01AC016091BC
:1031B00002127091031280910412909105120F94E3
:1031C000BB97609302127093031280930412909342
:1031D0000512C0914504CC2309F49AC0C0FF34C045
:1031E00020913D0430913E0440913F0450914004B1
:1031F0006091FA117091FB118091FC119091FD1179
:103200000F94BB976093FA117093FB118093FC119C
:103210009093FD1120914104309142044091430468
:10322000509144046091FE117091FF118091001241
:10323000909101120F94BB976093FE117093FF1150
:103240008093001290930112C1FF62C08090FA1126
:103250009090FB11A090FC11B090FD11C090FE1158
:10326000D090FF11E0900012F090011220913504EF
:10327000309136044091370450913804C501B401AF
:103280000F94D9912B013C012091390430913A04DB
:1032900040913B0450913C04C701B6010F94D99171
:1032A0009B01AC01C301B2010F94BC972B013C01FF
:1032B00020912D0430912E0440912F045091300420
:1032C000C501B4010F94D9914B015C0120913104E7
:1032D000309132044091330450913404C701B60157
:1032E0000F94D9919B01AC01C501B4010F94BC9717
:1032F0006093FA117093FB118093FC119093FD1170
:103300004092FE115092FF116092001270920112D1
:103310000E949E6080E1EAEFF1E1ACE9B6E0019045
:103320000D928A95E1F7CF91FF90EF90DF90CF90CB
:10333000BF90AF909F908F907F906F905F904F90D5
:10334000089580916F008D7F80936F000F945A18BD
:1033500081E08093C60D80916F008D7F80936F0018
:103360009091C20D8091C30D981769F09091C20D94
:103370008091C30D9817A1F38091C30D8F5F8F705B
:103380008093C30DEDCF1092EA111092E9118FEFE7
:103390009FEF9093D3038093D2031092CF031092A8
:1033A000CE030F94BB0B80916F00826080936F00FF
:1033B0001092BA031092BB031092BC031092BD038B
:1033C000EEEBF3E080E1DF011D928A95E9F71092C0
:1033D000B9031092B803089582ED9EE00E94BB5B92
:1033E00083ED9EE00C94AE5B41E08091651281110B
:1033F00001C040E0405D62E083E00E94255962E048
:103400008AE00E9407590E94D9FF62E080E10E9491
:10341000075920E030E040E05FE36091CA0D709111
:10342000CB0D8091CC0D9091CD0D0F94BC970F9446
:103430002D997F936F9380EF98E89F938F930E94CD
:10344000BD580F900F900F900F9008958A3020F084
:10345000803120F4895A0895805D089580E00895B0
:103460000F931F93CF93DF93082FEB0190E024E09D
:10347000959587952A95E1F711E0009721F00F9433
:10348000261A899312E0802F8F700F94261A888352
:10349000812FDF91CF911F910F910895803330F0EC
:1034A0008A3330F09FE9980F963020F080E008953D
:1034B0008053089587550895CF93DF93EC01688179
:1034C00080E00E9498FE69810E9498FE6A81CB810B
:1034D0000E9498FE6C2FDF91CF910C9498FECF93B1
:1034E000DF93EC010F945C1A6D810E9498FE6E814F
:1034F000CF810E9498FE6C2FDF91CF910C9498FEA3
:10350000CF93DF93EC01688349831B821A820F9467
:103510005C1A8C83DF91CF910895149A0895CF930C
:10352000DF93EC0182E99DE90E94FE638AEE98E850
:103530000E94FE63CE01DF91CF910C940567893222
:1035400020E8920709F497C008F048C0863060E888
:10355000960709F49AC030F5833040E8940709F4DF
:1035600080C0A8F4813020E8920709F417C18230A6
:1035700040E8940709F473C09C0186FF8EC022279F
:10358000327C2115324C09F09EC08EE108958430C2
:1035900060E8960709F467C0853020E8920761F774
:1035A00084E208958A3040E8940709F45EC058F434
:1035B000883020E8920709F46EC0893040E894070B
:1035C000D9F685E008958C3060E8960709F451C07B
:1035D0008D3020E8920781F681E208958F3240E82D
:1035E000940709F456C0E0F48C3220E8920709F4FD
:1035F0004EC058F48A3260E89607C9F18B3220E851
:10360000920709F0B9CF86E208958D3240E8940719
:10361000D1F18E3260E8960709F0AECF82E20895CC
:10362000873820E8920749F158F4873460E8960714
:1036300029F08B3420E8920709F09ECF84E00895AA
:10364000873041E89407D9F08B3061E89607C9F0DC
:103650008B3820E8920709F08FCF89E0089581E048
:10366000089582E0089583E0089586E0089587E054
:1036700008958AE208958BE2089588E008958AE02B
:1036800008958BE0089583E2089585E2089587E226
:10369000089588E2089589E2089587FF07C02227E8
:1036A000327C2115324CA1F58FE10895222731702B
:1036B00090FF52C0AC014427527C4115524C09F096
:1036C0004BC080E208959C0122273278232B09F019
:1036D00067C09C0122273478232B09F063C09C012A
:1036E00022273878232B09F05FC09C0122273079EC
:1036F000232B09F05BC09C012227307A232B09F091
:1037000057C08827907C892B09F468C08FE0089502
:103710009C0122273278232B09F04CC09C012227E0
:103720003478232B09F048C09C0122273878232BBA
:1037300009F044C09C0122273079232B09F040C0B6
:103740009C012227307A232BE9F58827907C892B4E
:1037500009F444C080E10895232B09F43FC09C0183
:1037600022273278232B81F59C0122273478232BC2
:1037700069F59C0122273878232B51F59C012227DB
:103780003079232B39F59C012227307A232B21F520
:103790008827907C892B11F181E1089580E00895BC
:1037A00082E1089585E1089588E108958BE1089507
:1037B0008CE0089583E1089586E1089589E10895F4
:1037C0008CE108958DE0089584E1089587E10895DE
:1037D0008AE108958DE108958EE008958CE20895C0
:1037E0000F949F1AE82FF0E0EE0FFF1FEF57F647F8
:1037F00025913491233381E0380708F041C02D3200
:1038000081E0380778F52E37310509F483C0F0F4EC
:103810002C36310509F485C030F42536310508F021
:1038200079C08FEF08952437310509F473C02D371F
:10383000310519F023373105A1F78091C80D81308A
:1038400009F46DC0873069F788E00895233D31059C
:1038500009F46EC050F4293C310509F469C02A3CD2
:103860003105F9F68091C80D67C02D3D310509F489
:103870005FC02E3D3105B1F3243D310591F6F2CF05
:10388000253F81E0380709F45CC0F8F4263481E074
:10389000380758F4213481E0380720F727533140A6
:1038A0002530310508F0BDCFDDCF21593140223020
:1038B000310508F0B6CF8091C80D833009F43FC0C0
:1038C000893009F0AECF87E00895293F81E03807BD
:1038D00049F270F4273F81E0380721F260F78091C8
:1038E000C80D833061F1883009F09BCF86E00895E0
:1038F0002B3F81E03807A9F068F02C3F314009F0F8
:1039000090CF8091C80D853089F0863009F089CF3D
:1039100085E008958091C80D813009F082CF81E063
:1039200008958091C80D8230D1F37BCF84E0089553
:103930008091C80D823061F0833009F072CF83E04E
:1039400008958091C80D823029F0843009F069CF44
:1039500082E0089580E00895CF93DF93EC016091B9
:10396000CA0D7091CB0D8091CC0D9091CD0D0F941F
:103970002D992091F6113091F711C901861B970BF3
:10398000069724F0CE010E946884E9CFDF91CF91A1
:10399000089582E00F949B0B6093021270930312C0
:1039A00080930412909305120D94AC6D4F925F9228
:1039B0006F927F928F929F92AF92BF92CF92DF923F
:1039C000EF92FF920F931F93CF93DF930AEF11E1D2
:1039D000CDE3D4E0288139814A815B81F80160819F
:1039E0007181828193810F94BB974B015C012C8183
:1039F0003D814E815F81F801648175818681978167
:103A00000F94BB976B017C01CDE2D4E02881398112
:103A10004A815B81C501B4010F94D9912B013C010E
:103A20002C813D814E815F81C701B6010F94D991F0
:103A30009B01AC01C301B2010F94BC97F8016083F4
:103A4000718382839383288539854A855B85C50187
:103A5000B4010F94D9914B015C012C853D854E85B5
:103A60005F85C701B6010F94D9919B01AC01C501D7
:103A7000B4010F94BC97F8016483758386839783A0
:103A8000DF91CF911F910F91FF90EF90DF90CF903A
:103A9000BF90AF909F908F907F906F905F904F906E
:103AA00008954F925F926F927F928F929F92AF9202
:103AB000BF92CF92DF92EF92FF920F931F93CF931B
:103AC000DF9300D000D01F921F92CDB7DEB7DC018C
:103AD000CD90DD90ED90FC901397C0921D04D09294
:103AE0001E04E0921F04F092200414960D911D9183
:103AF0002D913C91179709831A832B833C83009364
:103B00002504109326042093270430932804DB0116
:103B10000D911D912D913C9113970D831E832F8341
:103B200038870093210410932204209323043093B8
:103B3000240414964D905D906D907C901797409260
:103B4000290450922A0460922B0470922C04FA01EA
:103B5000608171818281938160933D0470933E0402
:103B600080933F049093400484809580A680B78022
:103B70008092410490924204A0924304B092440483
:103B800020E030E0A9010F94B1988111AAC020E093
:103B900030E0A901C501B4010F94B1988111A1C011
:103BA0001092450420E030E040E85FE3C701B60131
:103BB0000F94B198811121C020E030E0A9016D81FE
:103BC0007E818F8198850F94B198811116C020E075
:103BD00030E0A90169817A818B819C810F94B19831
:103BE00081110BC020E030E040E85FE3C301B20187
:103BF0000F94B198882309F478C0809145048260BD
:103C000080934504A3019201C701B6010F94D99195
:103C10004B015C012D813E814F81588569817A81FC
:103C20008B819C810F94D9919B01AC01C501B4019A
:103C30000F94BB974B015C01AC019B01C301B20126
:103C40000F94BB9860932D0470932E0480932F04DF
:103C5000909330046D817E818F8198859058A50165
:103C600094010F94BB986093310470933204809355
:103C700033049093340469817A818B819C819058BC
:103C8000A50194010F94BB9860933504709336049A
:103C90008093370490933804A5019401C701B601BD
:103CA0000F94BB986093390470933A0480933B045B
:103CB00090933C0428960FB6F894DEBF0FBECDBF9C
:103CC000DF91CF911F910F91FF90EF90DF90CF90F8
:103CD000BF90AF909F908F907F906F905F904F902C
:103CE000089581E0809345045DCF80E090E0A0E8F6
:103CF000BFE380932D0490932E04A0932F04B093E0
:103D00003004109231041092320410923304109255
:103D10003404109235041092360410923704109235
:103D200038048093390490933A04A0933B04B093F1
:103D30003C04C0CFCF93DF93CDB7DEB768970FB603
:103D4000F894DEBF0FBECDBF80E090E0A0E8BFE3F7
:103D500089839A83AB83BC831D821E821F8218864F
:103D600019861A861B861C868D879E87AF87B88B1F
:103D7000198A1A8A1B8A1C8A1D8A1E8A1F8A188E13
:103D8000AE014F5E5F4FBE01675F7F4FCE01019670
:103D90000F94511D68960FB6F894DEBF0FBECDBFCD
:103DA000DF91CF910895809145048823D1F00F943D
:103DB0009A1E0F94AF0B80E00F949B0B6093FA1147
:103DC0007093FB118093FC119093FD1181E00F948F
:103DD0009B0B6093FE117093FF11809300129093E0
:103DE000011208951F93CF93DF93C5ECDFE010E03D
:103DF000CE010F941A97019609F011E02296C53D65
:103E00008FE0D807A9F7812FDF91CF911F910895F7
:103E10004FEF5FEFBA0185EE9FE00F9442974FEFAF
:103E20005FEFBA0189EE9FE00F9442974FEF5FEF8B
:103E3000BA018DED9FE00F9442974FEF5FEFBA010B
:103E400081EE9FE00F9442974FEF5FEFBA0185ED4F
:103E50009FE00F9442974FEF5FEFBA0189ED9FE02B
:103E60000F9442974FEF5FEFBA0185EC9FE00F94FC
:103E700042974FEF5FEFBA0189EC9FE00F944297B2
:103E80004FEF5FEFBA018DEC9FE00F9442974FEF39
:103E90005FEFBA0181ED9FE00D9442974F925F92E0
:103EA0006F927F928F929F92AF92BF92CF92DF924A
:103EB000EF92FF921F93CF93DF93CDB7DEB7A89712
:103EC0000FB6F894DEBF0FBECDBF8DED9FE00F940F
:103ED00014974B015C0189829A82AB82BC8281EE8D
:103EE0009FE00F9414976B017C01CD82DE82EF82FC
:103EF000F88685ED9FE00F941497698F7A8F8B8FEA
:103F00009C8F69877A878B879C8789ED9FE00F94C8
:103F100014976D8F7E8F8F8F98A36D877E878F8785
:103F2000988B85EE9FE00F94149769A37AA38BA3D7
:103F30009CA3698B7A8B8B8B9C8B89EE9FE00F9473
:103F400014976DA37EA38FA398A76D8B7E8B8F8B09
:103F5000988F89A19AA1ABA1BCA18F3F9F4FAF4F72
:103F6000BF4F09F49DC08DA19EA1AFA1B8A58F3F01
:103F70009F4FAF4FBF4F09F493C08FEF881698063D
:103F8000A806B80609F48CC09FEFC916D906E90641
:103F9000F90609F485C0898D9A8DAB8DBC8D8F3F54
:103FA0009F4FAF4FBF4F09F47BC08D8D9E8DAF8D5E
:103FB000B8A18F3F9F4FAF4FBF4F09F471C0A7010A
:103FC0009601C501B4010F94589A2B013C0126E6D5
:103FD00036E646E65FE30F94B19811E087FD0BC02B
:103FE0002DEC3CEC4CE85FE3C301B2010F94459A21
:103FF00018160CF010E02D8D3E8D4F8D58A1698D57
:104000007A8D8B8D9C8D0F94589A2B013C0126E65E
:1040100036E646E65FE30F94B19887FD7FC02DEC4E
:104020003CEC4CE85FE3C301B2010F94459A1816CB
:104030000CF474C02DA13EA14FA158A569A17AA18D
:104040008BA19CA10F94589A20E030E040E751E406
:104050000F94459A18160CF411E0298D3A8D4B8D6A
:104060005C8DC501B4010F94D9914B015C012D8D7C
:104070003E8D4F8D58A1C701B6010F94D9919B0178
:10408000AC01C501B4010F94BC979F772DEC3CECBB
:104090004CEC5DE30F94459A181614F01123F1F0DF
:1040A0000F94081F80E090E0A0E8BFE389839A8323
:1040B000AB83BC831D821E821F82188619861A86D6
:1040C0001B861C868D879E87AF87B88B198A1A8AB4
:1040D0001B8A1C8A1D8A1E8A1F8A188EAE014F5E9B
:1040E0005F4FBE01675F7F4FCE0101960F94511D58
:1040F000A8960FB6F894DEBF0FBECDBFDF91CF916B
:104100001F91FF90EF90DF90CF90BF90AF909F9066
:104110008F907F906F905F904F90089511E08ACFBD
:10412000CF9324E1AC01249FC001259F900D112461
:1041300060910E0570910F050F94BD9CC62F6531DF
:1041400008F0C4E180910D058C1748F48FEF0E94B0
:104150007F5980910D058F5F80930D05F3CFCF912F
:10416000089581E090E090930F0580930E050F94E1
:1041700090206CE271E080E090E00C94006A0F9374
:104180001F93CF93DF938C01EB010E943A59109259
:104190000D0510930F0500930E0561E080E00E946D
:1041A000075964E1CE010E94F85962E080E0DF9196
:1041B000CF911F910F910C9407598091DB0390913F
:1041C000DA0389130BC09091D903992339F0209118
:1041D000F4033091F5038217130639F081E09091D2
:1041E0006703911103C080E0089581E00895209154
:1041F000DB038091F4039091F5032817190611F061
:1042000080E208958EE308950F931F93CF93C82FF4
:104210008B010F94F720482F6091D80380E00E9413
:10422000255962E1C8010E94F8598C2FCF911F9146
:104230000F910C94D35882E080934E028091DB035F
:104240008F5F8093DB0384E08093D8031092DA03BE
:104250001092D9030895CF93DF933091DB0320911F
:10426000DA03321320C0EB01BC0180914E02882397
:1042700019F080E20F9404218091D903882399F0EA
:104280002091DB038091F4039091F5032817190620
:1042900051F4209721F061E0CE010E94DE67DF91AA
:1042A000CF910D941B218091DB038F5F8093DB0303
:1042B000DF91CF910895EF92FF920F931F93CF93C9
:1042C000DF937091DB033091DA0373133FC0122F39
:1042D000EA01062F7C0180914E028823D1F00F94D1
:1042E000F720482F6091D80380E00E94255961E1B2
:1042F000C7010E94F859402F6091D80393E1981BA1
:10430000892F0E94255940E26091D80383E10E94E1
:1043100025598091D9038823C9F02091DB0380912E
:10432000F4039091F5032817190681F410924F02B7
:10433000812FFE01199581E080934F02DF91CF918B
:104340001F910F91FF90EF900D941B218091DB0343
:104350008F5F8093DB03DF91CF911F910F91FF90CF
:10436000EF900895CF93DF933091DB032091DA0330
:10437000321321C0EB01BC0180914E02882319F059
:1043800080E20F9404218091D9038823A1F0209129
:10439000DB038091F4039091F5032817190659F473
:1043A00010924F02FE01199581E080934F02DF9138
:1043B000CF910D941B218091DB038F5F8093DB03F2
:1043C000DF91CF9108953091DB032091DA0332130E
:1043D00019C0BC0180914E02882319F080E20F942D
:1043E00004218091D903882369F02091DB03809117
:1043F000F4039091F5032817190621F40F941B215B
:1044000081E008958091DB038F5F8093DB0380E080
:1044100008958091D803843038F58091DB0390E0D3
:104420002091F4033091F5032817390744F00197E0
:104430009093F5038093F40387E00F942416809102
:10444000F40320913D0330E02D5F3F4F82171306A8
:1044500059F054F09DEF980F90933D038450809352
:10446000DA038FEF8093D80308958091F40390913D
:10447000F50397FF07C01092F5031092F40387E04D
:104480000F9424168091F4039091F50320913D033D
:104490002817190619F014F080933D0380913D030D
:1044A0008093DA030E9450638093D9030895E1E476
:1044B000F3E080E2DF011D928A95E9F70895CF933A
:1044C0003FB7F894E0919A03F0919B03E817F9073E
:1044D000C9F0C42F90939B0380939A037093F503C4
:1044E0006093F40310923D0382E080934E023FBF3D
:1044F000222319F080E00F942416CC2321F0CF91D1
:104500000D9457223FBFCF910895CF92DF92EF9243
:10451000FF920F931F93CF93DF9380E69FE00F945A
:1045200014976B017C010E94315984E19AE50E9445
:104530006382182F092F86E09AE50E946382EC01BE
:1045400086EF99E50E9463822EE32F9320E82F9354
:104550001F921F920F931F932DE32F9325EF2F93FD
:1045600022EC2F9320E92F93DF93CF932DEE31E8A8
:104570003F932F939F938F9384E299E69F938F931A
:104580000E94BD5860E08FE00E9407598DB79EB72A
:1045900042960FB6F8949EBF0FBE8DBF20E030E06C
:1045A00048EC52E4C701B6010F94B19887FF32C0BE
:1045B00020E030E044E353E4C701B6010F94D99101
:1045C0002BED3FE049E450E40F94BB989F938F9309
:1045D0007F936F938DE199E69F938F930E94BD58CF
:1045E0000F900F900F900F900F900F900E945063BC
:1045F0008823B9F020E041E070E060E08EE596E3CA
:10460000DF91CF911F910F91FF90EF90DF90CF90AE
:104610000D945F2286E894E40E9463820E94CF5842
:10462000E5CFDF91CF911F910F91FF90EF90DF9039
:10463000CF9008952F923F924F925F926F927F9208
:104640008F929F92AF92BF92CF92DF92EF92FF92A2
:104650000F931F93CF93DF93CDB7DEB760970FB65D
:10466000F894DEBF0FBECDBF89EE9FE00F94149784
:1046700069877A878B879C8781EE9FE00F941497D8
:104680004B015C0189ED9FE00F9414976B017C0155
:10469000EAE0F8E82591359145915491EEE0F8E88B
:1046A00085919591A591B4918D879E87AF87B88BA1
:1046B000C501B4010F94D9912B013C012D853E8594
:1046C0004F855889C701B6010F94D9919B01AC0160
:1046D000C301B2010F94BC9729853A854B855C854F
:1046E0000F94BC972DEC3CEC4CE250E40F94BC973B
:1046F0001B018C01E2E1F8E8259135914591549137
:10470000E6E1F8E84590559065907490C501B401D4
:104710000F94D9914B015C01A3019201C701B6012D
:104720000F94D9919B01AC01C501B4010F94BC97C2
:1047300029853A854B855C850F94BC972DEC3CEC24
:104740004CE250E40F94BC976D837E838F839887EF
:104750000E9431598EEE99E50E946382D82EC92EAF
:1047600087EE99E50E946382F82EE92E81ED99E5A6
:104770000E946382CF92DF92EF92FF922DEE31E89A
:104780003F932F939F938F938FE099E69F938F93FF
:104790000E94BD5862E08BE00E9407590FB6F89462
:1047A000DEBF0FBECDBF20E030E048E453E4622D11
:1047B000732D802F912F0F94459A87FF50C01F9320
:1047C0000F933F922F9287E099E69F938F930E94D9
:1047D000BD580F900F900F900F900F900F9063E0C7
:1047E0008BE00E9407591D810E81FF80E88420E044
:1047F00030E048E453E4D801F7016B2F7A2F8F2F74
:104800009E2F0F94459A87FD31C086E894E40E945C
:1048100063820E94CF580E9450638823C1F120E038
:1048200041E070E060E088E397E360960FB6F894AB
:10483000DEBF0FBECDBFDF91CF911F910F91FF90D3
:10484000EF90DF90CF90BF90AF909F908F907F9030
:104850006F905F904F903F902F900D945F2286E86D
:1048600094E40E9463820E94CF58B9CFEF92FF92E6
:104870000F931F9387E099E69F938F930E94BD58F3
:104880000F900F900F900F900F900F90C4CF6096E5
:104890000FB6F894DEBF0FBECDBFDF91CF911F9151
:1048A0000F91FF90EF90DF90CF90BF90AF909F90CF
:1048B0008F907F906F905F904F903F902F900895D2
:1048C0000E947A591092DC0320E041E070E060E041
:1048D0008AE696E30F945F221092870310923F03BB
:1048E00008951092F7111092F6111092F311109290
:1048F000F2111092EE110D9460248091EC1181114F
:1049000006C060E070E080E89FEB0F94DF598BE514
:1049100098E60E94056781E08093D41182E080933D
:10492000CE0D0D946024CF92DF92EF92FF921F93F1
:10493000CF93DF93CDB7DEB764970FB6F894DEBFA1
:104940000FBECDBF7C01162F6DE475E9CE01019637
:104950000F94C394B701CE0101960F94AF9483E0F6
:104960000E9480E48823E1F0BE016F5F7F4F8DEDF0
:1049700093E00F94699D6C018CE092E10E94C16A02
:1049800083E0809366031092E10610928603CD289F
:1049900039F060E0CE0101960E9465E40F94602436
:1049A0008BE89DE90E94FE63113051F0612F70E0A9
:1049B00090E080E00E9407658AE495E90E94FE632A
:1049C00083E395E90E94FE63C7010E94FE6387E2CC
:1049D00095E90E94056764960FB6F894DEBF0FBE96
:1049E000CDBFDF91CF911F91FF90EF90DF90CF90DF
:1049F00008950F931F93A89580919005882309F43B
:104A0000A6C00E944BFD80916D03882379F18091AF
:104A10006D03829586958770813001F108F478C026
:104A2000843020F580916D03869586958370823061
:104A3000E8F480916D0386958695837090916D035F
:104A400092959695977061E0813009F060E081E081
:104A5000923009F080E00F94430008C080916D030C
:104A600086958695837031F08130A9F11F910F9161
:104A70000C943A5B80916D0381FF12C060916D03CD
:104A8000629561708091D511811107C08DE593E920
:104A90000F9493248CE50E945F770F94235BE6CFFD
:104AA0006091A5037091A6036B5F7F4F072E000CEA
:104AB000880B990B0F949A918B019C014091CA0D20
:104AC0005091CB0D6091CC0D7091CD0D88E192E1AC
:104AD0000F940A00CBCF80916D0381FF0AC08091B3
:104AE000D5118111DACF61E081E593E90F94932428
:104AF000D4CF40916203509163036091640370913D
:104B0000650300E010E02CE032E484E192E1E0CFC4
:104B100080916D0386958695837059F0813009F0F8
:104B2000A5CF8091D5118111B8CF61E08DE693E9D1
:104B3000DDCF60916D03629561708091D511811117
:104B4000ACCF85E693E90F9493248DE5A4CF1F9114
:104B50000F9108954F925F926F927F928F929F92E2
:104B6000AF92BF92CF92DF92EF92FF920F931F937B
:104B7000CF938C010E94336A28EE33E040E050E08E
:104B80000F947F9769017A010E944B6384E08093C0
:104B9000640288EE882E83E0982EA12CB12C280187
:104BA000712C612C0F94F92481E00E94BD820E9437
:104BB000336AA50194010F947F972C193D094E0982
:104BC0005F09421653066406750620F4C1E001151C
:104BD000110509F4C0E00E945063811102C0CC238A
:104BE00009F382E08093640281E08C27CF911F91CA
:104BF0000F91FF90EF90DF90CF90BF90AF909F907C
:104C00008F907F906F905F904F9008957F928F92DA
:104C10009F92AF92BF92CF92DF92EF92FF920F934B
:104C20001F93CF93DF93E091DB035091DA03E513F9
:104C300073C0FB01483009F06CC0C081D0E049016D
:104C4000742E6B015C0180914E02882359F06091B3
:104C5000D80380E00E9407590F94F720AE01B501F8
:104C60000E9489FF8091D903882309F455C090914F
:104C7000DB032091F4033091F5039217130609F03A
:104C80004BC0809187038730D8F4282F30E0F9019A
:104C9000EE0FFF1FE20FF31FE850FB4F20919A0326
:104CA00030919B03318320838F5F809387039283AE
:104CB00020E040E070E060E086E596E30F945F223C
:104CC000B0924203A0924103D0924503C0924403A4
:104CD00070924303D0934703C093460390924903D5
:104CE0008092480310934B0300934A03F0924D03C4
:104CF000E0924C03DF91CF911F910F91FF90EF90C5
:104D0000DF90CF90BF90AF909F908F907F900D9449
:104D10001B21C081D18193CF8091DB038F5F809372
:104D2000DB03DF91CF911F910F91FF90EF90DF9008
:104D3000CF90BF90AF909F908F907F90089580917B
:104D40004E02882309F452C020914C0330914D0348
:104D5000809148039091490321153105D9F0409184
:104D6000F4035091F50341155105A1F07CF04091F9
:104D70004603509147034817590741F430934703BE
:104D8000209346031092F5031092F40310924D0302
:104D900010924C0320914603309147034091F40355
:104DA0005091F503240F351F1092F5031092F40370
:104DB0002817390744F080914A0390914B03281734
:104DC00039070CF4C901909347038093460361E0CF
:104DD00080E00E940759409146035091470360913B
:104DE00041037091420380E20E9489FF0E94506358
:104DF000882341F1E0914403F091450380914603FB
:104E0000909147032091430380832830C9F4809117
:104E100087038823B9F081508093870390E0FC01D9
:104E2000EE0FFF1FE80FF91FE850FB4F6281062EBF
:104E3000000C770B20E040E0808191810D945F228F
:104E40009183E5CF0895DC01262F90918703973059
:104E5000D8F4492F50E0FA01EE0FFF1FE40FF51FC1
:104E6000E850FB4F40919A0350919B03518340833C
:104E70008091F4039F5F90938703828341E070E009
:104E800060E0CD010D945F2208958F929F92AF92C2
:104E9000BF92CF92DF92EF92FF920F931F93CF9327
:104EA000DF93E091DB033091DA03E31373C0C22F89
:104EB0006A017B015C0180914E028823A1F10F946D
:104EC000F72001E08E3309F000E00C2B802F827078
:104ED000882EE114F10409F46FC0E70190E2992EE5
:104EE000882009F441C0CE010F94CA9414E0180F31
:104EF0004EE300FF40E26091D80380E00E94255914
:104F000064E1611BC5010E94F8598BE50E94D358EA
:104F1000CE01882089F10E94CF588DE50E94D35898
:104F2000892D0E94D3588091D903882399F120912B
:104F3000DB038091F4039091F5032817190651F5CE
:104F4000EF28E9F460E0C6010F942327DF91CF91A9
:104F50001F910F91FF90EF90DF90CF90BF90AF9097
:104F60009F908F900D941B21FE0101900020E9F786
:104F7000EC1B13E01E0FBCCF0E942A5ACECF10921A
:104F80004F02C114D10411F0F601199581E080930C
:104F90004F02DCCF8091DB038F5F8093DB03DF91D7
:104FA000CF911F910F91FF90EF90DF90CF90BF9026
:104FB000AF909F908F90089586E894E40E9463825A
:104FC000EC018EE7982E8CCF0F931F93CF93DF9336
:104FD000CDB7DEB763970FB6F894DEBF0FBECDBF77
:104FE0003091DB032091DA03321338C08B0120911A
:104FF0004E022223A9F0BE016F5F7F4F0E94B1FFD6
:105000000F94F720482F6091D80380E00E94255923
:1050100062E1CE0101960E94125A8EE70E94D35897
:105020008091D9038823D1F02091DB038091F40390
:105030009091F5032817190689F460E0C8010F94D0
:1050400023270F941B2163960FB6F894DEBF0FBE83
:10505000CDBFDF91CF911F910F9108958091DB0318
:105060008F5F8093DB03EFCFCF93DF933091DB0330
:105070002091DA0332131EC0EB01BC0180914E0275
:10508000882319F08EE70F9404218091D903882397
:1050900089F02091DB038091F4039091F5032817A8
:1050A000190641F460E0CE010F942327DF91CF91E0
:1050B0000D941B218091DB038F5F8093DB03DF91D5
:1050C000CF910895982F809187039817A8F4891B92
:1050D0008093870390E0FC01EE0FFF1FE80FF91F9C
:1050E000E850FB4F6281062E000C770B20E041E078
:1050F000808191810D945F2280E0EACF0F94750347
:1051000084ED98E50E946382AC0161E080E00E943A
:10511000195962E080E00E94075980913F03833073
:1051200039F148F4813060F081EC98E50E946382A7
:105130000E94CF5805C08530D9F0B0F38830A1F374
:105140000E945063882309F18091C205811113C028
:1051500083E00F94622880913F03823071F08330A6
:1051600081F0813091F461E08AEB98E60C94DE677F
:105170008CEA98E5DBCF82E0ECCF81E080933F03BF
:10518000F2CF61E08AEF95E6F1CF08958091C205F4
:10519000811103C082E00D94622881E0FCCF81E0A0
:1051A0000D9462280F931F93CF93DF938C01EB0133
:1051B0009093F7118093F6110E94D6FE811104C0DE
:1051C000D093F311C093F211C0913F0387EF8C0F7E
:1051D0008230F8F40F946024CA3041F484E0809364
:1051E000CE0DDF91CF911F910F91089560E070E097
:1051F00080E291E40E9417638FE59FE00F940C9783
:10520000882379F388E0DF91CF911F910F910C945F
:1052100023F110925C138091C305811112C060913B
:10522000CA0D7091CB0D8091CC0D9091CD0D0F9446
:105230002D99601B710B6C5F7F4F6930710508F011
:1052400060C0C150C83088F5EC2FF0E08827E45DDD
:10525000F64D8E4F0D94049DCA36CA36CA36E436D2
:105260006236E6366E368635C7E0D8EC8091C105E9
:10527000882329F082E00F9424161092C10520970C
:1052800009F4AFCF0F94C62861E0CE01DF91CF9132
:105290001F910F910D9423278091C105882341F020
:1052A00061E08AE995E30F942327D0E0C0E0DECFE8
:1052B0000F94C62880913F03823019F481E08093D7
:1052C0003F0380913F03813031F461E08AEB98E63F
:1052D0000E94DE67EACF833041F761E08AEF95E60E
:1052E000F7CFC1E8D7ECC2CF0F94C6280F94BF8088
:1052F0000F945103DACFCFEFD7ECB8CFC7EFD7EC8D
:10530000B5CFC091C105CC2329F080914E028823EE
:1053100009F43AC081E0C8278093C10580934E020A
:105320000E943A5985E79AE30E946382AC0163E0E8
:1053300080E00E94195961E080E00E940759E091E5
:105340003F03E150E830E8F4F0E08827E555F64DFA
:105350008E4F0D94049DA036A0360436A036043638
:10536000F6357A36A03686E299E50E9463820E947D
:10537000CF58CC2331F060E070E088E492E40E94E2
:1053800017638091C10581110F9475030E945063CA
:10539000882309F426CF1092C1058091C20581119E
:1053A0000EC01092F7111092F6118091D411811154
:1053B00004C01092F3111092F2110F94CF280F94A1
:1053C000CF28DF91CF911F910F910D9451038FE062
:1053D00099E5CBCF89EF98E50E9463820E94CF5870
:1053E000D0CF85EE98E5F8CF1092C20560E570E069
:1053F0008AEF90E00D94D2281092C20570E060E030
:105400008AEF90E00D94D2281092C2056CE370E010
:1054100087ED90E00D94D2281092C20565E570E00A
:1054200086EE90E00D94D2281092C20569E670E0F5
:1054300084E091E00D94D2281092C20569E670E0F4
:1054400083E191E00D94D2281092C2056BE470E0E4
:1054500087ED90E00D94D2281092C2056AE570E0C5
:1054600083E191E00D94D2281092C20564E670E0C9
:105470008FEF90E00D94D2281092C20564E670E0A0
:105480008CED90E00D94D2281092C20564E670E095
:105490008EEF90E00D94D2281092C20562E370E086
:1054A00080EF90E00D94D2283091DB032091DA0355
:1054B000321319C0BC0180914E02882319F083E099
:1054C0000F9404218091D903882369F02091DB0394
:1054D0008091F4039091F5032817190621F40F9495
:1054E000CF280D941B218091DB038F5F8093DB031A
:1054F00008950F9435221092D8038091D8038430F8
:10550000A8F51092DB0381EA94E40E9463820F9471
:10551000542A8DE19CE50E94638268E876E30F944B
:10552000342884E19CE50E94638268EA76E30F9464
:1055300034288BE09CE50E9463826AEB76E30F944B
:10554000342880E09CE50E94638266E376E30F9452
:1055500034280F9409228091D8038F5F8093D80359
:105560008091DA038F5F8093DA03C7CF0895EF92BB
:10557000FF920F931F9380914E03811135C080ECF1
:105580009FE00F940C97813061F58FEB9FE00F94B3
:105590000C97082E000C990B9093500380934F03A7
:1055A0008EEB9FE00F940C97082E000C990B9093B4
:1055B0005203809351038DEB9FE00F940C97082EBC
:1055C000000C990B90935403809353038CEB9FE052
:1055D0000F940C97082E000C990B90935603809310
:1055E000550381E080934E030F9435221092D80327
:1055F0008091D803843008F06EC01092DB030F94C2
:10560000DD208823E9F060914F038FEB9FE00F943A
:105610003097609153038DEB9FE00F94309760912A
:1056200055038CEB9FE00F943097609151038EEB04
:105630009FE00F94309761E080EC9FE00F943097EB
:105640008DED96E40E9463820F94542A88E79AE5D0
:105650000E946382F12CE12C04E610E02CE93FEF7C
:1056600040E16FE473E00F94062687E69AE50E9416
:1056700063822CE93FEF40E161E573E00F94062679
:1056800086E59AE50E9463822CE93FEF40E163E5FD
:1056900073E00F94062685E49AE50E9463822CE964
:1056A0003FEF40E165E573E00F94062687E193E460
:1056B0000E94638261E87FEF0F94B2210F94092268
:1056C0008091D8038F5F8093D8038091DA038F5F36
:1056D0008093DA038DCF1F910F91FF90EF90089583
:1056E000CF930F9435221092D8038091D803843041
:1056F00008F0B1C01092DB038FE59FE00F940C9788
:1057000081110FC00F94DD2081110F9451038091FE
:105710003F038A30A9F183E095E40E9463820F94ED
:10572000542A8091D00D882371F162E177E380ECF7
:1057300097E90F94B2216CEC75E380EB97E90F9435
:10574000B2218FE59FE00F940C9781110CC08091DE
:105750003F03893041F48BE399E50E9463826EE751
:1057600076E30F94B2210F9409228091D8038F5FC2
:105770008093D8038091DA038F5F8093DA03B5CFEB
:105780008DED96E4CACF0E94D6FEC82F85E997E931
:10579000CC2311F084EA97E968E176E30F9434288A
:1057A0008AE797E9CC2311F089E897E96CEE76E374
:1057B0000F9434288EE597E9CC2311F08EE697E913
:1057C00068E577E30F94342882E497E9CC2311F05D
:1057D00082E597E96AEF76E30F94342887E297E948
:1057E000CC2311F086E397E962EE75E30F94342839
:1057F0008CE097E9CC2311F08BE197E968EF76E331
:105800000F94342880EF96E9CC2311F080E097E9DB
:105810006AE277E30F94342884ED96E9CC2311F003
:1058200084EE96E966E276E30F94342888EB96E9F5
:10583000CC2311F088EC96E96CE076E30F943428E1
:105840008DE996E9CC2311F08CEA96E966EE75E3D2
:105850000F94342876CFCF91089580933F03909191
:105860008F122091F6113091F711992359F010926F
:10587000C30580914C0290914D022817390764F4BA
:105880000D94702B909165129111F1CF865082305A
:1058900070F781E08093C30581E08093C205609139
:1058A000F2117091F311C9010F94D2281092C3051F
:1058B000089581E00D942D2C83E00D942D2C89E02A
:1058C00080933F030D94702BEF92FF920F931F93E1
:1058D000CF93DF9380914103882329F090914E026A
:1058E000923009F072C181E0809341038091F915F3
:1058F00080934203882321F083E493E00E94E1CA6D
:105900000F9435221092D80387E3E82E86E9F82E0B
:10591000C6E0D6E907E413E08091D803843008F0AC
:105920007BC11092DB0383E095E40E9463820F94B5
:10593000542A83E996E90F94542A86E896E90F944D
:10594000542A88E796E90F94542A80E796E90F9441
:10595000542A8EEA98E60F94542A8CE998E60F941C
:10596000542A8BE898E60F94542A8DEE91E80F9410
:10597000542A84E696E90F94542A8BE596E90F940D
:10598000542A81E596E90F94542A8DEE91E80F94FC
:10599000542A84EA98E50E9463820F94542A85E48D
:1059A00096E90F94542A8DEE91E80F94542A809131
:1059B0008F1281112CC184E998E50E9463820F94B3
:1059C000542A80E496E90F94542A8091DB03815095
:1059D000990B2091DA032817190641F580914E02A0
:1059E000882321F16091D80386E00E9407598091B5
:1059F0008F12811105C180916F12909170122091C8
:105A00007112882309F4FCC01F922F931F929F9359
:105A10001F928F93FF92EF920E94BD588DB79EB751
:105A200008960FB6F8949EBF0FBE8DBF80914203BB
:105A3000882309F440C08DEE91E80F94542A86E142
:105A400096E90F94542A84E196E90F94542A8091A0
:105A5000DB038150990B2091DA032817190659F5B9
:105A600080914E02882339F16091D80382E00E9430
:105A70000759809146031F928F93809145031F928F
:105A80008F93809144031F928F93809143031F92C1
:105A90008F93DF93CF931F930F930F94239687E4F5
:105AA00093E00E942A5A8DB79EB70C960FB6F894D1
:105AB0009EBF0FBE8DBF8091F0049091F104A09124
:105AC000F204B091F304892B8A2B8B2B09F442C08A
:105AD0008DEE91E80F94542A87E798E50E9463823F
:105AE0000F94542A82E196E90F94542A8091DB03A3
:105AF0008150990B2091DA032817190659F58091E6
:105B00004E02882339F16091D80382E00E94075940
:105B10008091F3041F928F938091F2041F928F93D0
:105B20008091F1041F928F938091F0041F928F93C4
:105B3000DF93CF931F930F930F94239687E493E003
:105B40000E942A5A8DB79EB70C960FB6F8949EBF46
:105B50000FBE8DBF8DEE91E80F94542A84E698E530
:105B60000E9463826EE975E30F94342884E598E51A
:105B70000E9463826AE876E30F94342886E498E50D
:105B80000E94638266E377E30F94342887E398E505
:105B90000E94638260E477E30F9434288091EF04DD
:105BA000882331F066E87FEF8CE798E60F94B22106
:105BB0000F9409228091D8038F5F8093D80380913E
:105BC000DA038F5F8093DA03A7CE90914203992383
:105BD00009F496CE409143035091440360914503EC
:105BE00070914603452B462B472B09F089CE8F5FDA
:105BF000803119F08093410383CE1092410380CE0F
:105C00008AE898E50E9463820E94CF580FCF88E20D
:105C100096E90F94542A0ACFDF91CF911F910F91EB
:105C2000FF90EF9008950F9435221092D803809141
:105C3000D803843068F51092DB0383E095E40E947A
:105C400063820F94542A81EC97E50E9463826CEF83
:105C500076E30F94342889EB97E50E94638262E231
:105C600077E30F94342884E298E50E9463826CE81D
:105C700076E30F9434280F9409228091D8038F5F24
:105C80008093D8038091DA038F5F8093DA03CFCFBC
:105C90000895EF92FF920F931F93CF93DF9310928B
:105CA0005C1380914E03811123C081E080934E03E9
:105CB00081E090E0209160123091611227303148EC
:105CC00011F090E080E0BC01660F771F680F791F2C
:105CD0006C50774743E050E080E593E00F94A69442
:105CE000809150030E9430FA80918B1280934F0371
:105CF0000F9435221092D8038091D8038430E0F5B8
:105D00001092DB030F94DD20882389F060914F030C
:105D100070E0809150030E943CCB1092C70DDF9140
:105D2000CF911F910F91FF90EF900D9460248BE322
:105D300097E50E9463820F94542A0091520310E069
:105D4000C0915103D0E08DE297E50E946382F12C6F
:105D5000E12C9E0148E06FE473E00F9406260F9457
:105D600009228091D8038F5F8093D8038091DA0352
:105D70008F5F8093DA03C0CFDF91CF911F910F9196
:105D8000FF90EF9008950E94506381110D94CF28E9
:105D90000895CF9310925C13C3B14FE559E660E0CC
:105DA00080E00E94195960E086E00E940759C4FB18
:105DB000882780F90E94F1FE80918F12811113C013
:105DC000C1E080916512811101C0C0E049E559E64A
:105DD00060E08AE00E94195960E081E10E94075961
:105DE0008C2F0E94F1FECF910D94C32E0F940603C9
:105DF0000D94C32EEF92FF920F931F93CF93DF93D7
:105E0000CDB7DEB763970FB6F894DEBF0FBECDBF38
:105E10008091410381113AC081E0809341030E9447
:105E20007E6781EA9DE00F940C97182F0E94C75B54
:105E30008111F0C0109243031092420380E10E944E
:105E40005BE3811104C010924303109242036091FE
:105E5000420370914303072E000C880B990B0F949B
:105E60009A912091D7053091D8054091D90550914C
:105E7000DA050F94BB9860934403709345038093B5
:105E800046039093470381E080934E028091F40390
:105E90009091F5030097F1F1209142033091430373
:105EA000280F391F3093430320934203213640EFDC
:105EB00034070CF0BCC081E690EF909343038093CD
:105EC00042036091420370914303072E000C880B3C
:105ED000990B0F949A912091D7053091D805409154
:105EE000D9055091DA050F94BB98609344037093E1
:105EF0004503809346039093470362E370E080E09C
:105F000090E00E94006A1092F5031092F40381E081
:105F100080934E0280914E028823D9F181EA9DE060
:105F20000F940C972BE0829FC0011124BE016F5F7C
:105F30007F4F875B924F0E94B1FF60E080E00E943C
:105F40000759CE0101960E942A5A61E080E00E9422
:105F500007591091440300914503F0904603E090E7
:105F6000470387E39AE50E946382EF92FF920F93C3
:105F70001F939F938F931F9280E28F938EEF97E9E9
:105F80009F938F930E94BD580FB6F894DEBF0FBE4B
:105F9000CDBF80914003811104C0809167038823A5
:105FA00051F181EA9DE00F940C979BE0899F80015D
:105FB00011246091420370914303C801805B924FAA
:105FC0000F944E976091F211C8018E5A924F0F9420
:105FD00030976091F4047091F5048091F6049091EB
:105FE000F7040F943499C8018D5A924F0F9430974B
:105FF00080E10E94C5CF0F94C32E63960FB6F8942C
:10600000DEBF0FBECDBFDF91CF911F910F91FF90EB
:10601000EF9008952BE0129FC0011124805B924FF6
:106020000F941A97909343038093420307CF12165D
:1060300013062CF4109243031092420342CF2FB761
:10604000F8944091C8055091C905840F951F90930D
:10605000C9058093C8052FBF34CFCF93DF9382E269
:106060009AE50E946382AC0160E080E00E941959C9
:106070004DEE51E861E080E00E94195962E080E055
:106080000E94075985EE9FE00F9414979F938F937A
:106090007F936F931F9288E58F93CAEED7E9DF93C2
:1060A000CF930E94BD5863E080E00E94075989EEBB
:1060B0009FE00F9414979F938F937F936F931F92FA
:1060C00089E58F93DF93CF930E94BD588DB79EB71C
:1060D00040960FB6F8949EBF0FBE8DBFDF91CF9153
:1060E0000D94C32E4F925F926F927F928F929F92E8
:1060F000AF92BF92CF92DF92EF92FF920F931F93D6
:10610000CF93DF9310925C1380918813882309F456
:106110008AC060916E0370916F03809170039091BB
:1061200071030F94989120E030E543EC57E40F940D
:10613000BB98562E472EEC010E94336A00917603DD
:106140001091770320917803309179036B017C01E2
:10615000C01AD10AE20AF30A0E94315981E899E58E
:106160000E946382182F092F81E799E50E946382BC
:10617000782E692EC701B60128EE33E040E050E0EA
:106180000F947F978CE3882E912CA12CB12CCA01FF
:10619000B901A50194010F947F977F936F93C70175
:1061A000B60120E63AEE40E050E00F947F97CA0136
:1061B000B901A50194010F947F977F936F93C70155
:1061C000B60120E83EEE46E350E00F947F975F93E0
:1061D0004F933F932F930F931F93DF93CF934F9240
:1061E0005F926F927F928FEB98E69F938F930E94BE
:1061F000BD588DB79EB742960FB6F8949EBF0FBE9E
:106200008DBFDF91CF911F910F91FF90EF90DF90A5
:10621000CF90BF90AF909F908F907F906F905F9046
:106220004F900D94C32E81EF9FE00F9414972B0194
:106230003C018DEE9FE00F9414976B017C010E944E
:1062400031598FE999E50E946382982E892E8EE854
:1062500099E50E946382B82EA92EC701B6012CE3EE
:1062600030E040E050E00F947F977F936F93CA0136
:10627000B90128E130E040E050E00F947F977F9330
:106280006F93C701B60120EA35E040E050E00F947B
:106290007F975F934F933F932F938F929F92C3016A
:1062A000B2010F94989120E030E048EC52E40F9452
:1062B000BB989F938F937F936F93AF92BF9283EE20
:1062C00098E69F938F930E94BD588DB79EB74296D4
:1062D0000FB6F8949EBF0FBE8DBF93CFCF93DF93C1
:1062E00010925C130E94315982E096E40E9463820E
:1062F000EC018FE096E40E9463821F921F92DF936D
:10630000CF931F921F929F938F9385E995E99F9357
:106310008F930E94BD588DB79EB70A960FB6F8941A
:106320009EBF0FBE8DBFDF91CF910D94C32ECF9234
:10633000DF92EF92FF9210925C130E9431596091AC
:10634000CA0D7091CB0D8091CC0D9091CD0D0F9415
:106350002D996B018DE891E40E946382B6010E9441
:106360003FFF609162037091630380916403909199
:1063700065030F942D996B0182E691E40E9463827C
:10638000B6010E943FFF6091F4047091F504809182
:10639000F6049091F7040F942D998FE599E60E94E9
:1063A0003FFFFF90EF90DF90CF900D94C32E809130
:1063B0004103811119C00E943A5984E298E50E9474
:1063C00063820E94CF588AE30E94D35861E08AE03A
:1063D0000E94075988EA9CE00F9414974AE00E94B3
:1063E000935981E0809341030D94C32E8F929F9225
:1063F000AF92BF92CF92DF92EF92FF920F931F93D3
:10640000CF93DF9310925C130E94315980919512C3
:10641000909196120E9470FA982E892E82E198E54A
:106420000E946382B82EA92E80ED9EE00F941A97E9
:106430000E9470FAD82EC92E81E098E50E946382EE
:10644000F82EE92E83ED9EE00F941A970E9470FAC1
:10645000182F092F85EF97E50E946382EC0184EEE7
:1064600097E50E9463828F929F92AF92BF92CF92E4
:10647000DF92EF92FF920F931F93DF93CF939F933F
:106480008F938FEC95E99F938F930E94BD588DB7A2
:106490009EB740960FB6F8949EBF0FBE8DBFDF919A
:1064A000CF911F910F91FF90EF90DF90CF90BF9011
:1064B000AF909F908F900D94C32ECF92DF92EF926A
:1064C000FF920F931F93CF93DF9310925C130E9460
:1064D00031598FEC9EE00F940C9790E00E9470FA77
:1064E000D82EC92E81E098E50E946382F82EE92E0D
:1064F00082ED9EE00F940C9790E00E9470FA182FA6
:10650000092F85EF97E50E946382EC018EEC97E5F9
:106510000E946382CF92DF92EF92FF920F931F93BC
:10652000DF93CF939F938F9380EB95E99F938F9306
:106530000E94BD588DB79EB70C960FB6F8949EBFBB
:106540000FBE8DBFDF91CF911F910F91FF90EF9004
:10655000DF90CF900D94C32ECF92DF92EF92FF92F7
:106560006B017C01F7FE0BC08DE20E947F59F09415
:10657000E094D094C094C11CD11CE11CF11C4AE0F1
:10658000C701B601FF90EF90DF90CF900C94935924
:106590000F931F93CF9380916C03882309F44DC010
:1065A0008091BD058F5F8E30B0F48093BD0563E0B0
:1065B00087E00E9407598DE00E94DA58C0E0809180
:1065C000BD05C81758F44EE263E087E08C0F0E94C7
:1065D0002559CF5FF4CF1092BD05E9CF80916C03B0
:1065E0008230D1F030F4813059F0CF911F910F916A
:1065F00008958330F9F08430C1F786E897E50EC03E
:106600008FEA97E50E946382AC0163E080E0CF915E
:106610001F910F910C9419598FE997E50E9463829D
:10662000AC0163E080E00E94195910926C03109253
:10663000BD05DBCF81E997E5E5CF809188138823FD
:1066400061F18091E106811128C08091660382305A
:1066500020F580910C12811116C080919F13882320
:1066600009F435C08FE993E12091D10D64E1820FE7
:10667000911D0E94125A81112DC08091D10D8F5F02
:106680008093D10DB2CF40E25EE460E070E08CE038
:1066900092E10E947E6A8111E0CF8091E106811132
:1066A0001CC0E091E106EA3008F09FCFF0E08827B7
:1066B000E35AFC4C8E4F0D94049DD8358E35D83559
:1066C000BC3644377236D835D8351C36D8358AE8CA
:1066D00093E1CACF1092D10D88CF80910C128823FC
:1066E00001F30E94336A00910D1210910E12209155
:1066F0000F1230911012601B710B820B930B603ADA
:106700007F408105910568F670CF63E08091DC03DE
:106710000E9407598091DC03C4E16C2F681B90E054
:1067200083529C4F0E94125AC81BC093DC035DCF5A
:10673000809186038B3008F163E080E00E94075966
:1067400084E10E94DA5886E797E50E946382AC01F3
:1067500063E080E00E9419598CE895E90E94CF58C7
:10676000609186036A50770B072E000C880B990BFB
:10677000CF911F910F910D94AC32833031F485E6A7
:1067800099E60E9494E81092E10680918603845075
:10679000873008F02ACF63E080E00E94075983E148
:1067A0000E94DA5883E697E50E946382AC0163E0B9
:1067B00080E00E941959809186038150809386035E
:1067C00014CF64E18DED93E00E94125A2091BB0535
:1067D0003091BC058091B9059091BA058217930755
:1067E0000CF403CF80918603882309F4FECE63E086
:1067F0008AE00E9407598091BA058F938091B9056C
:106800008F938091BC058F938091BB058F9383E814
:1068100095E99F938F930E94BD580F900F900F9012
:106820000F900F900F90E1CE63E080E00E94075937
:10683000C091860387E492E40E9463821F92CF9303
:106840009F938F9385E795E9E4CF83E597E50E94D1
:106850006382AC0163E080E00E9419598091860355
:10686000893708F0C2CE82E795E90E94CF5880911F
:1068700086030E947F5980E2CF911F910F910C9463
:106880007F5982E497E5BECE65EA78E880E00E9411
:10689000E4586DE978E881E00E94E45865E978E819
:1068A00082E00E94E4586DE878E883E00E94E458B2
:1068B00065E878E884E00E94E4586DE778E885E0D0
:1068C0000E94E45865E778E886E00E94E4586DE6A7
:1068D00078E887E00C94E458AF92BF92CF92DF92B1
:1068E000EF92FF920F931F93CF93DF9300D000D0CE
:1068F0001F921F92CDB7DEB78091F4039091F503FC
:106900000097D1F12091790230917A022436310535
:106910004CF4AC01420F531F453651056CF4820F05
:10692000931F0CC02436310509F455C0AC01420F49
:10693000531F443651059CF784E690E090937A0209
:10694000809379028091790290917A02821793075D
:1069500099F0883E53E0950714F087EE93E08A3073
:10696000910514F48AE090E090937A028093790282
:106970001092F5031092F40380914E02811110924F
:10698000C0051091C0051123A1F12FEF210F209315
:10699000C0058091D31181110DC00E9450638823DE
:1069A00049F01092870360E08CE092EC0F9423276B
:1069B0000E947A5928960FB6F894DEBF0FBECDBF5D
:1069C000DF91CF911F910F91FF90EF90DF90CF90CB
:1069D000BF90AF9008958B3091051CF0865A9F4F61
:1069E000ADCF863F4FEF94070CF0ACCF82599F4F4D
:1069F000A5CF6AE06093C0058091BF058F5F80934B
:106A0000BF058E3109F0E2C01092BF050E947A598D
:106A10001092DC0360E080E00E9407596091F6115B
:106A20007091F711072E000C880B990B0F949A9117
:106A300020E030E040E05FE30F94BC970F942D9985
:106A40006B0120E030E040E05FE36091CA0D70919F
:106A5000CB0D8091CC0D9091CD0D0F94BC970F94E0
:106A60002D99A60182E00F94540383E00E94DA5826
:106A70008091E106813009F0B3C081E098E60E9480
:106A8000CF5861E080E00E9407596091F211709147
:106A9000F311072E000C880B990B0F949A9120E0AC
:106AA00030E040E05FE30F94BC970F942D996B01A9
:106AB00020E030E040E05FE36091620370916303A7
:106AC00080916403909165030F94BC970F942D9966
:106AD000A60180E00F94540383E00E94DA5880916D
:106AE0007A028F93809179028F931F9286E08F9321
:106AF0008AE098E69F938F930E94BD5898E0981B78
:106B0000892F0E94DA5862E080E00E9407590F90B6
:106B10000F900F900F900F900F908091791300912C
:106B200088139BE2A92E98E6B92E81110AC023E2B0
:106B3000A22E28E6B22E011104C087E2A82E88E614
:106B4000B82E9E012F5F3F4F7901011108C00E94AE
:106B50008160882351F080915D028F3F31F08091F8
:106B60006C0301E0882309F45CC081EA9DE00F9486
:106B70000C97D82E0E94D55B87FD53C0D81609F418
:106B800050C03D2D4BE03402B0011124675B724FC1
:106B900047E050E0C7010F94FC961886FF92EF92F1
:106BA00080E995E99F938F930E94BD580F900F90B5
:106BB0000F900F9080918F12811181C00E94D9FF98
:106BC00095E0981B892F0E94DA5886C00F94AF9CDD
:106BD000911120CF80E00E9443590F94443418CF84
:106BE0008091BE068823D9F080E21F928F93809116
:106BF00005128F93809104128F93809103128F93CB
:106C0000809102128F9388EF97E69F938F930E9453
:106C1000BD580FB6F894DEBF0FBECDBF32CF8FE3A5
:106C2000E4CF80915D02853608F447C080911B1641
:106C3000882319F18091951690919616A091971638
:106C4000B09198160097A105B105B9F0BC01CD012E
:106C50006D597F4F8F4F9F4F24E630E040E050E06A
:106C60000F947F9760919C1670919D1680919E164F
:106C700090919F160F947F97122F212F30E086E17D
:106C800098E6011102C082E198E63F932F939F930B
:106C90008F93FF92EF920F942396FF92EF92BF9201
:106CA000AF928AE198E69F938F930E94BD580FB6EA
:106CB000F894DEBF0FBECDBF7DCF182FDECF809101
:106CC000D00D882309F4B6C08FE298E69F938F9386
:106CD0000E94BD580F900F900E948160882309F494
:106CE000C0C0C0906002D0906102E0905E02F0905F
:106CF0005F028091BE058A3011F41092BE0580912A
:106D0000BE058F5F8093BE059FEFE916F90621F05F
:106D1000970113E48630D0F42FEFC216D20609F0A3
:106D20008BC00E94336A0091760310917703209103
:106D3000780330917903601B710B820B930B20E673
:106D40003AEE40E050E00F947F9710E240917902D4
:106D500050917A024436510509F471C0C216D30627
:106D600021F0E216F30609F06AC0A4E6B0E00F9441
:106D7000AC979A01550F440B550B0F947F974FE337
:106D8000E42E042E000CFF08E12F012E000CFF0B57
:106D9000C9016CE370E00F94BD9C2037374108F0C7
:106DA00050C0FF924F93FF931F939F938F937F93B6
:106DB0006F931F9287E08F938BE498E69F938F9356
:106DC0000E94BD580FB6F894DEBF0FBECDBF98E04D
:106DD000981B892F0E94DA5863E080E00E940759CF
:106DE0000F94C8328091D00D8823C1F08091620247
:106DF000815009F444C08093620280916202853020
:106E000009F444C0883051F485E10E945F77809195
:106E10003F03882319F086E10E945F778091CE0DB1
:106E2000882309F4B6CD8091C60D8111B2CD0E94A0
:106E3000ACF2AFCD85E0C7CE960112E587CF40E238
:106E40009FCFFF924F93FF931F937F936F931F9258
:106E500087E08F938FE398E69F938F930E94BD58AE
:106E6000B1CF1F9287E08F9385E398E69F938F932E
:106E70000E94BD580F900F900F900F90A8CF8AE0FE
:106E80008093620280E00E945F77B7CF8091881381
:106E9000882321F284E1C0CF90914E02981710F41C
:106EA00080934E0280914F02882339F0E0919C0339
:106EB000F0919D03309709F0199408950E943A5972
:106EC00089E89AE50E946382AC0160E080E00E945C
:106ED000195980914202909143022091F40330911C
:106EE000F503820F931F823321E0920750F181E373
:106EF00091E090934302809342021092F503109226
:106F0000F40362E081E00E940759809143028F936D
:106F1000809142028F938FE098E99F938F930E9414
:106F2000BD580E9450630F900F900F900F908823D0
:106F300071F083E08093CE0D0F94602482E00D9475
:106F40004C378E319105A8F68EE190E0D2CF0895AE
:106F50002F923F924F925F926F927F928F929F9269
:106F6000AF92BF92CF92DF92EF92FF920F931F9357
:106F7000CF93DF93CDB7DEB7E0970FB6F894DEBFBF
:106F80000FBECDBF6A877B878C879D871A013AA782
:106F900029A70F94AC031092410229A53AA530937A
:106FA000BA052093B9051092BC051092BB050E944A
:106FB000336A6E837F838887998737FEFFC03DE2FF
:106FC0003F8F0E94336A6CA37DA38EA39FA387E2A9
:106FD00093E9121413040CF48AC284E193E90E9429
:106FE00005676A857B858C859D850F942D992FE794
:106FF0002114310409F4E5C02093E8047093F311DF
:107000006093F2118E819F81A885B9858E879F87B5
:10701000A88BB98B88A399A3AAA3BBA31A8A90E4CF
:107020009B8BACE1AC8BB6E4BD8B1E8A1F8A188E9D
:10703000198E6FE7C62ED12CE12CF12C00E010E068
:1070400018AA1FA61D822FE730E040E050E02983F8
:107050003A834B835C831B8E1C8E1D8E1E8E31E00B
:107060003A8FA8954091900548A7442309F42CC273
:107070000E944BFD2114310409F0AAC00091CA0DF1
:107080001091CB0D5091CC0D58AB8091CD0D8FA7A9
:107090002E893F89488D598DB80188A99FA50F94E5
:1070A000B19887FD06C00E8B1F8BB8A9B88F2FA58E
:1070B000298F2A893B894C895D89B80188A99FA5B8
:1070C0000F94459A181634F00A8B1B8B38A93C8B09
:1070D0004FA54D8B0E94336A2CA13DA14EA15FA10B
:1070E000621B730B840B950B653C79408105910500
:1070F00040F00E943A5B0E94336A6CA37DA38EA38A
:107100009FA34A8D442309F44CC02A853B854C85B6
:107110005D85B80188A99FA50F94459A18160CF0B3
:10712000D3C10E94336A2E853F8548895989621BE5
:10713000730B840B950B693873418105910508F435
:10714000C3C1D701C60129813A814B815C81821B71
:10715000930BA40BB50BB595A7959795879521141F
:10716000310409F440C08093E8040E94336A6E83BE
:107170007F8388879987DC01CB012E853F854889ED
:107180005989821B930BA40BB50B8B8F9C8FAD8FF2
:10719000BE8F3A853E8B4B854F8B5C85588F8D8596
:1071A000898F2A853B854C855D85B80188A99FA577
:1071B0000F94B19887FD1AC01A8E86C14AE04F8F8E
:1071C00000CF2093E9047093F7116093F6111ACF62
:1071D00000916203109163039091640398ABA091B6
:1071E0006503AFA755CF8093E904BFCF0E94336AF0
:1071F0002E813F8148855985621B730B840B950B4B
:107200006938734181059105B8F20E94336A6E872F
:107210007F87888B998B8091BB059091BC05181650
:1072200019060CF02CC18E859F85A889B9892E81FD
:107230003F8148855985821B930BA40BB50B4B8C62
:107240005C8C6D8C7E8C480E591E6A1E7B1E2B8DAD
:107250003C8D4D8D5E8D281B390B4A0B5B0B698174
:107260007A818B819C810F946F97A30192010F9477
:10727000E59CDA01C9018C0D9D1DAE1DBF1D843139
:107280009105A105B1050CF43CC16C017D013CEEFA
:10729000C316D104E104F1042CF04BEEC42ED12C22
:1072A000E12CF12C80389105A105B1050CF437C112
:1072B0008EEF90E0A0E0B0E08C199D09AE09BF0907
:1072C00089839A83AB83BC838CE093E90E94FE633D
:1072D000C701B6010E94076587E093E90E94FE633B
:1072E00069817A818B819C810E94076580E093E9A6
:1072F0000E94FE6342E06A897B898C899D890E9495
:10730000236589EF92E90E94FE636E897F89888DEB
:10731000998D0F94DD5B8091BB059091BC0503971F
:107320000CF4ADC069817A818B819C810F949A9114
:1073300020E030E040E850E40F94D9914B015C012B
:107340002A893B894C895D896E897F89888D998DD1
:107350000F94BB9720ED3FE049E450E40F94D9919E
:1073600020E030E040E05FE30F94D9919B01AC0155
:10737000C501B4010F94BB984B015C01C301B2017C
:107380000F949A9120E030E04AE754E40F94BB98C0
:107390002B013C0183EF92E90E94FE6342E0C501AC
:1073A000B4010E9423658DEE92E90E94FE63C30141
:1073B000B2010F94DD5B2AE939E949E15FE3C501D8
:1073C000B4010F94D9914B015C0180928203909299
:1073D0008303A0928403B0928503AC019B010F94B8
:1073E000BC97A30192010F94BB9860937E037093A6
:1073F0007F038093800390938103A3019201C501D1
:10740000B4010F94D99120E030E040E05EE30F94A6
:10741000D99160937A0370937B0380937C0390935C
:107420007D038FED92E90E94056789ED92E90E9444
:10743000FE63609182037091830380918403909135
:1074400085030F94DD5B83ED92E90E94FE636091FA
:107450007E0370917F0380918003909181030F944C
:10746000DD5B8DEC92E90E94FE6360917A0370917E
:107470007B0380917C0390917D030F94DD5B898178
:107480009A81AB81BC818C0D9D1DAE1DBF1DB59534
:10749000A795979587952114310409F445C08093E9
:1074A000E8048091BB059091BC0501969093BC05C2
:1074B0008093BB053A853A8B4B854B8B5C855C8B07
:1074C0008D858D8B98A59A8F20E030E040EA51E4BD
:1074D0006A857B858C859D850F94BC97980148A90A
:1074E0005FA50F94B19887FF22C083EA92E90E94BA
:1074F000056781E0809341021092BC051092BB05A4
:1075000098C034E1C32ED12CE12CF12C24E130E0E1
:1075100040E050E029833A834B835C83D5CEC98217
:10752000DA82EB82FC82D0CE8093E904BACF0E944B
:10753000336A28A139A14AA15BA1621B730B840B9A
:10754000950B613D77408105910558F1A090E804C5
:10755000B12C80EA92E92114310429F4A090E904C5
:10756000B12C8DE992E90E94FE6342E0B80188A93E
:107570009FA50E94236589E992E90E94FE63C501E7
:107580000F94D55B4D81442309F46CC05F8D451782
:1075900070F54F5F4D830E94336A68A379A38AA375
:1075A0009BA30E94336A4B015C010E94336A4E80A8
:1075B0005F80688479842E853F8548895989420E89
:1075C000531E641E751E84189508A608B708860EFB
:1075D000971EA81EB91E31E883163FE4930632E1D8
:1075E000A306B10408F447C08CE792E980CF8D81EF
:1075F0009F8D8913D0CF8F5F8D832BA53CA54DA583
:107600005EA5B80188A99FA50F94BB979F7720E03E
:1076100030E040EA50E40F94B19887FFBCCF632D6F
:10762000661F6627661F80E00F94430081E0809309
:107630004102E0960FB6F894DEBF0FBECDBFDF91DA
:10764000CF911F910F91FF90EF90DF90CF90BF905F
:10765000AF909F908F907F906F905F904F903F90F2
:107660002F9008950BA71CA7A8A9ADA7BFA5BEA7DB
:1076700021E02D8390CF8091BB059091BC0549A559
:107680005AA5481759071CF480E292E930CF80E0F0
:107690000F944C37E6CC2F923F924F925F926F92AD
:1076A0007F928F929F92AF92BF92CF92DF92EF9292
:1076B000FF920F931F93CF93DF93CDB7DEB7C458DC
:1076C000D1090FB6F894DEBF0FBECDBF69A37AA370
:1076D0008BA39CA32DA33EA34FA358A7A796ECAEC4
:1076E000FDAE0EAF1FAFA797A996DFAECEAEA9979E
:1076F00089AE99AAADAEBDAAC656DF4F08811981E1
:10770000CA59D0408091C20D8F5FA0968FAFA097CD
:10771000803119F4A0961FAEA0978091C30DA0965A
:107720002FADA09782130FC00F94F92480E00E9420
:10773000BD8280E00F944C378091C30DA0963FAD81
:10774000A097831789F34091C60DA1964FAFA197DB
:10775000442311F182E99DE90E94FE6380EE97E6E1
:107760000E940567CC57DF4F0FB6F894DEBF0FBEFF
:10777000CDBFDF91CF911F910F91FF90EF90DF90E0
:10778000CF90BF90AF909F908F907F906F905F90C1
:107790004F903F902F9008959091C20D292E312C3B
:1077A0008EE6989FD0011124A396BFAFAEAFA397EA
:1077B000CD018E51994FFC01E95BFF4F1082845936
:1077C0009F4FFC01118210820115110511F40D94D7
:1077D000384680E1F801A65CB84F01900D928A9579
:1077E000E1F78EE6829D8001839D100D11240E51DC
:1077F000194FF801E859FF4FC456DF4F888199812E
:10780000CC59D0409183808306591F4F6091650207
:107810007091660280916702909168020F9434998A
:10782000D8016D937C938091B9038823A9F01092BD
:10783000CC061092CD061092CE061092CF06109272
:10784000A8061092A9061092AA061092AB061092F2
:10785000B90381E08093B803BE016B5D7F4FCE0119
:1078600081960E94A860C9A0DAA0EBA0FCA020919C
:10787000CF053091D0054091D1055091D205C70177
:10788000B6010F94D9910F94F99AC358DF4F6883CA
:1078900079838A839B83CD57D0408DA09EA0AFA0D3
:1078A000B8A42091D3053091D4054091D5055091CD
:1078B000D605C501B4010F94D9910F94F99ACF5709
:1078C000DF4F688379838A839B83C158D04080913E
:1078D0009712882311F40D943F46A5019401C70126
:1078E000B6010F94F357A7962CAD3DAD4EAD5FADED
:1078F000A7970F94BC972091D7053091D805409158
:10790000D9055091DA050F94D9910F94F99AE5961B
:107910006CAF7DAF8EAF9FAFE597A996EEADFFAD93
:10792000A99780809180A280B3802091DB0530915F
:10793000DC054091DD055091DE05C501B4010F94D1
:10794000D9910F94F99AAD966CAF7DAF8EAF9FAF82
:10795000AD978091CC069091CD06A091CE06B091C6
:10796000CF06AD964CAC5DAC6EAC7FACAD97481A13
:10797000590A6A0A7B0A8091C0069091C106A091BB
:10798000C206B091C306C358DF4FC880D980EA80D1
:10799000FB80CD57D040C81AD90AEA0AFB0A809169
:1079A000C4069091C506A091C606B091C706CF57F0
:1079B000DF4F288139814A815B81C158D040281B23
:1079C000390B4A0B5B0B29A73AA74BA75CA7809101
:1079D000C8069091C906A091CA06B091CB06E5965B
:1079E0002CAD3DAD4EAD5FADE597281B390B4A0B75
:1079F0005B0B2DA73EA74FA758AB41145104610460
:107A0000710409F480C06091CA0D7091CB0D809112
:107A1000CC0D9091CD0D0F942D9920914C02309169
:107A20004D02621773070CF5AD968CAD9DADAEADF2
:107A3000BFADAD978093CC069093CD06A093CE06B4
:107A4000B093CF068092A8069092A906A092AA06AB
:107A5000B092AB0682E99DE90E94FE6386EC97E650
:107A60000E940567412C512C3201C301B20177FEFF
:107A700007C066277727CB0164197509860997091E
:107A80000F949A914B015C012AE939E147EE53E4E6
:107A90006091DB057091DC058091DD059091DE053C
:107AA0000F94D9919B01AC01C501B4010F94459A83
:107AB00018164CF5AD962CAD3DAD4EAD5FADAD9706
:107AC0002093CC063093CD064093CE065093CF063C
:107AD000A996EEADFFADA99780819181A281B38176
:107AE0008093A8069093A906A093AA06B093AB062C
:107AF00082E99DE90E94FE6388EA97E60E94056795
:107B0000412C512C32018EE6829DF001839DF00DB7
:107B10001124EE51F94FD701C601F7FE07C088279F
:107B20009927DC018C199D09AE09BF0980839183D7
:107B3000A283B3838EE6829DF001839DF00D112414
:107B4000EE51F94F89A59AA5ABA5BCA5B7FF07C013
:107B5000B095A095909581959F4FAF4FBF4F84836F
:107B60009583A683B7838EE6829DF001839DF00DF9
:107B70001124EE51F94F8DA59EA5AFA5B8A9B7FF69
:107B800007C0B095A095909581959F4FAF4FBF4F7F
:107B900080879187A287B387B301A20177FE07C0D0
:107BA00044275527BA0144195509660977098EE615
:107BB000829DF001839DF00D1124EE51F94F448711
:107BC000558766877787008111812281338184817F
:107BD0009581A681B78180179107A207B30714F496
:107BE000D901C801EEE6BE2EB29CF001B39CF00DA7
:107BF0001124EE51F94F80849184A284B3848815B6
:107C00009905AA05BB0514F4D501C401841795078D
:107C1000A607B70714F4DB01CA014EE6429DF00146
:107C2000439DF00D1124EE51F94F808B918BA28B67
:107C3000B38B0697A105B1050CF494CD8091EE119C
:107C4000DF01AA5BBF4F8C93F7FE02C00D944F4635
:107C5000108E89A59AA5ABA5BCA5B7FF0BC08EE673
:107C6000829DF001839DF00D1124EE51F94F808D1E
:107C70008260808F8DA59EA5AFA5B8A9B7FF0BC068
:107C80008EE6829DF001839DF00D1124EE51F94F97
:107C9000808D8460808F77FE0BC08EE6829DF00120
:107CA000839DF00D1124EE51F94F808D8860808FF7
:107CB000012B022B032B09F017988EE6829DF00111
:107CC000839DF00D1124EE51F94F84819581A68199
:107CD000B781892B8A2B8B2B09F016988EE6829D13
:107CE000F001839DF00D1124EE51F94F80859185AF
:107CF000A285B385892B8A2B8B2B09F015988EE6EC
:107D0000829DF001839DF00D1124EE51F94F848581
:107D10009585A685B785892B8A2B8B2B09F014981E
:107D20008EE6829DF001839DF00D1124EE51F94FF6
:107D300024853585468557852A962CAF3DAF4EAFB5
:107D40005FAF2A97232B242B252B09F0ACC7A090DB
:107D50000B06B0900C0600910D0610910E0629AD91
:107D600039A94DAD5DA9B501C8010F94459A181602
:107D700024F4A9AEB9AA0DAF1DABC701B6010F948B
:107D80009A912091CF053091D0054091D105509125
:107D9000D2050F94BB984B015C0189829A82AB8219
:107DA000BC8269A57AA58BA59CA50F949A91209178
:107DB000D3053091D4054091D5055091D6050F9447
:107DC000BB986B017C01CD82DE82EF82F8866DA5C7
:107DD0007EA58FA598A90F949A912091D7053091EF
:107DE000D8054091D9055091DA050F94BB98229699
:107DF0006CAF7DAF8EAF9FAF229769877A878B87F5
:107E00009C87C301B2010F949A912091DB053091B8
:107E1000DC054091DD055091DE050F94BB98269658
:107E20006CAF7DAF8EAF9FAF26976D877E878F87B4
:107E3000988B8EE6829DF001839DF00D1124EE510A
:107E4000F94F80819181A281B3812E968CAF9DAF35
:107E5000AEAFBFAF2E970697A105B1050CF02CC7AA
:107E600084819581A681B7810697A105B1050CF0A3
:107E700023C780859185A285B3850697A105B105A5
:107E80000CF01AC726968CAD9DADAEADBFAD269752
:107E9000BF7785A796A7A7A7B0AB8EE6829DF00116
:107EA000839DF00D1124EE51F94F45A456A467A40B
:107EB00070A8A301920160E070E080E89FE30F9456
:107EC000BB9829AD39A94DAD5DA90F94D9916B012E
:107ED0007C018091C20D9091C30D891B8F708DAF75
:107EE0008250863008F040C0A701960160E074E23D
:107EF00084E799E40F94BB980F94F99A4B015C01C5
:107F000080910F0690911006A0911106B091120673
:107F100088169906AA06BB0638F5BC01CD0168197A
:107F200079098A099B09660F771F881F991FADADD4
:107F30002A2F30E050E040E00F947F97CA01B9014A
:107F40000F9498910F942D99680D791D8A1D9B1D92
:107F50000F9498919B01AC0160E074E284E799E48E
:107F60000F94BB986B017C01A3019201C701B6017C
:107F70000F94D9916DAB7EAB8FAB98AF8EE6829D9F
:107F80008001839D100D11240E51194F2DA93EA97A
:107F90004FA958ADD80191962D933D934D935C9385
:107FA000949750966D917D918D919C9153970F94DC
:107FB000989169AF7AAF8BAF9CAF9B01AC01C701C1
:107FC000B6010F94D9910F949A980F9434996296B0
:107FD0006CAF7DAF8EAF9FAF6297F80166AB77ABAA
:107FE00080AF91AF9E012F5F3F4F3AAB29ABAE01FF
:107FF0004F5E5F4F6E965FAF4EAF6E978FED95E021
:1080000068969FAF8EAF68976C965FAF4EAF6C97D8
:1080100019A61DA600E81FE3A9A9BAA92D913D91B3
:108020004D915D91BAABA9ABC701B6010F94D9913F
:108030006C96EEADFFAD6C976193719381939193C4
:108040006C96FFAFEEAF6C974B015C01E894B7F80C
:108050006896AEADBFAD68972D913D914D915D9104
:108060006896BFAFAEAF689766962CAF3DAF4EAF88
:108070005FAF6697C501B4010F94459A1816B4F422
:10808000A501940166966CAD7DAD8EAD9FAD6697F2
:108090000F94BB984B015C0129A53DA5A8010F9445
:1080A000459A18161CF089A69DA685016E96EEAD20
:1080B000FFAD6E9729A93AA9E217F30709F0ACCFF3
:1080C00020E030E040E85FE369A57DA5C8010F949A
:1080D000B19887FF50C06E96AEACBFAC6E9730E1E2
:1080E000A30EB11C6E96CEACDFAC6E97D6016D912F
:1080F0007D918D919D916D017D01B4E0EB1AF108A8
:1081000029A53DA5A8010F94D991F701608371833A
:1081100082839383AC14BD0449F72EE6229DC001EF
:10812000239D900D11249C012E51394F790129A5D1
:108130003DA5A8016DA97EA98FA998AD0F94D991ED
:10814000D70191966D937D938D939C9394976296AE
:108150006CAD7DAD8EAD9FAD62970F94989129A5C2
:108160003DA5A8010F94D9910F943499F70166ABFE
:1081700077AB80AF91AFA301920169AD7AAD8BADC2
:108180009CAD0F94BB9869A77AA78BA79CA72E9646
:108190002CAD3DAD4EAD5FAD2E97232B242B252B63
:1081A00009F0B9C58EE6829D8001839D100D1124D2
:1081B0000E51194FF80184819581A681B781892BD1
:1081C0008A2B8B2B09F0A7C580859185A285B38565
:1081D000892B8A2B8B2B09F09EC5209103063091A9
:1081E0000406409105065091060669A57AA58BA55F
:1081F0009CA50F94D9910F949A980F9434992B01C0
:108200003C01F801E45BFF4F10826A961CAE1DAE84
:108210001EAE1FAE6A978EE6829D8001839D100D73
:1082200011240E51194FF801EE5BFF4F408251822D
:1082300062827382C301B2010F9498916B017C0139
:1082400029A53AA54BA55CA50F94BB98E1966CAF08
:108250007DAF8EAF9FAFE197F80161AB72AB83AB9F
:1082600094AB2DEB37E346E051E4C701B6010F9420
:10827000D9910F943499D80154966D937D938D9331
:108280009C9357979196BC912796BFAF2797F8017B
:10829000F2A12B96FFAF2B97D8019396BC912F9606
:1082A000BFAF2F97F801F4A16396FFAF639723E167
:1082B00036E0ED963FAF2EAFED976E964EAC5FACCD
:1082C0006E9730E1430E511C03E116E06E966EACE2
:1082D0007FAC6E9727964FAD279749A72B965FAD3A
:1082E0002B975DA7B9AFF9AB1DAAD3018D909D90D7
:1082F000AD90BD903D01E894B7F8F801C190D190E0
:10830000E190F1908F01A5019401C701B6010F948E
:10831000B19887FF3AC0FDA9FF2309F47CC629A5BF
:108320003DA549AD59A9C501B4010F94D9914B019F
:108330005C01A701960127966FAD27972B967FAD1D
:108340002B972F968FAD2F9763969FAD63970F94C2
:10835000D9916B017C01AC019B01C501B4010F9463
:10836000459A181694F4A5019401C701B6010F941B
:10837000BB989B01AC0169A57DA589AD99A90F9416
:10838000D99169A77DA789AF99AB4614570409F025
:10839000ACCF8EE6829DF001839DF00D1124EE514D
:1083A000F94F15AA8091B803882321F080E185ABAD
:1083B0001092B8033DAD323008F48DC64091BA0337
:1083C0006B964FAF6B975091BB036F965FAF6F97F4
:1083D0000091BC031091BD0327E137EB41ED58E359
:1083E0006B966FAD6B976F967FAD6F97C8010F94CB
:1083F000459A18160CF06FC66B962FAD6B976F965B
:108400003FAD6F97A80127966FAD27972B967FAD4D
:108410002B972F968FAD2F9763969FAD63970F94F1
:10842000B19887FFFFC56B962FAD6B976F963FADE9
:108430006F97A80127966FAD27972B967FAD2B9747
:108440002F968FAD2F9763969FAD63970F94BB9830
:10845000EB966CAF7DAF8EAF9FAFEB9727968FAD4E
:1084600027978DAF2B969FAD2B979DAB2F96AFADDA
:108470002F97AEAF6396BFAD63972396BFAF239799
:108480002EEB33E0E7963FAF2EAFE797412C512C10
:1084900030E8632E3FE3732EE796AEADBFADE797AE
:1084A0008D909D90AD90BD90E796BFAFAEAFE79732
:1084B0006E96EEADFFAD6E97C190D190E190F190C8
:1084C0006E96FFAFEEAF6E976B962FAD6B976F9674
:1084D0003FAD6F97A80127966FAD27972B967FAD7D
:1084E0002B972F968FAD2F9763969FAD63970F9421
:1084F000B19887FF0CC0EB962CAD3DAD4EAD5FAD96
:10850000EB97C501B4010F94D9914B015C01A19681
:10851000FFADA197FF2381F0A3019201C501B40132
:108520000F94D9914B015C01A3019201C701B601DF
:108530000F94D9916B017C01A7019601C501B4018B
:108540000F94459A20E030E0A90118160CF0A1C55F
:10855000C701B6010F94459A18164CF020E030E0A0
:10856000A901C501B4010F94B19887FF83C5A70184
:108570009601C501B4010F94BB976B017C01ED9688
:10858000AEADBFADED978D909D90AD90BD90ED9649
:10859000BFAFAEAFED97A5019401C701B6010F942F
:1085A000459A181694F4A7019601C501B4010F94D9
:1085B000BB989B01AC01C301B2010F94D9912B016F
:1085C0003C01B1E0A196BFAFA197EEECF3E0E796D6
:1085D0002EAD3FADE797E217F30709F05DCFA19607
:1085E0003FADA197332381F0A30192016DAD7DA929
:1085F0008EAD23969FAD23970F94D9916DAF7DAB30
:108600008EAF23969FAF239724EA30E74DE75FE3D1
:108610006DAD7DA98EAD23969FAD23970F94D99113
:108620006B017C01AC019B0160911B0570911C05E5
:1086300080911D0590911E050F94459A1816FCF423
:1086400029A53DA549AD59A9C701B6010F94B19817
:1086500087FF15C08EE6829DF001839DF00D1124E9
:10866000EE51F94F85A9846085AB49A54DAF5DA555
:108670005DAB89AD8EAF99A923969FAF23978EE608
:10868000829D8001839D100D11240E51194F8DADD7
:108690009DA9AEAD2396BFAD2397F80181A792A700
:1086A000A3A7B4A729A53DA549AD59A969A57DA54D
:1086B00089AD99A90F94D9916B017C01E1966CADBC
:1086C0007DAD8EAD9FADE19790589B01AC010F94AD
:1086D000BC97D8019D962D913D914D915C91D0977D
:1086E0000F94D9919B01AC01C701B6010F94BB97C0
:1086F0000F948A9BD62EE72E8C012DAD3DA94EAD51
:1087000023965FAD23970F94459A181634F0DDAE8B
:10871000EDAA0EAF23961FAF23978EE6829DF00140
:10872000839DF00D1124EE51F94F8DAD9DA9AEAD95
:108730002396BFAD239785A396A3A7A3B0A7F5A8BB
:108740002D2D3E2DA80127966FAD27972B967FAD37
:108750002B972F968FAD2F9763969FAD63970F94AE
:10876000B19818160CF4CDC483E09EE6929D80016A
:10877000939D100D11240E51194FF82AF801F5AAF6
:1087800080E1FE017196AEEBB3E001900D928A9507
:10879000E1F727968FAD27972B969FAD2B972F96B6
:1087A000AFAD2F976396BFAD63978093BA03909355
:1087B000BB03A093BC03B093BD0389A59DA5A9AD40
:1087C000B9A980931B0590931C05A0931D05B09338
:1087D0001E05D801D6966D917D918D919C91D9976A
:1087E0000F94989127962FAD27972B963FAD2B97F7
:1087F0002F964FAD2F9763965FAD63970F94BB98FD
:108800002B013C01F801E85BFF4F408251826282FC
:10881000738234968081882309F489C020914604AC
:108820003091470440914804509149046A966CADD8
:108830007DAD8EAD9FAD6A970F94D9914B015C01D0
:10884000C090DB05D090DC05E090DD05F090DE0502
:108850000C5A1F4FA70196010F94D991A3019201C1
:108860000F94BB98F801608371838283938320E027
:1088700030E0A9016A966CAD7DAD8EAD9FAD6A9773
:108880000F94459A18160CF03EC4A5019401E19688
:108890006CAD7DAD8EAD9FADE1970F94D991A701E1
:1088A00096010F94D9916B017C0120E030E44CE1FA
:1088B00057E40F94459A18163CF4C12C20E4D22EAC
:1088C0002CE1E22E27E4F22EA701960160E074E28B
:1088D00084EF99E40F94BB984B015C0120E030E4F5
:1088E0004CE956E4C701B6010F94459A18160CF0EE
:1088F00015C48EE6829D8001839D100D11240E51BA
:10890000194F7801FDE4EF0EF11C20E030E040E863
:1089100050E4C501B4010F94D9910F943499D70153
:108920006D937C93F801ED5AFF4F84E0808309A595
:108930001DA529AD39A94DAD5DA96EAD23967FADBD
:108940002397A3968EAD9FADA3978E51994F0F9409
:108950009A008EE6829DF001839DF00D1124EE5168
:10896000F94F80899189A289B38981159048A10521
:10897000B10518F485A9886085AB8FB7F8949091FC
:10898000C60D911191C4A0963FADA0973093C20D32
:108990008FBFC358DF4F88819981AA81BB81CD5792
:1089A000D0408093C0069093C106A093C206B093B6
:1089B000C306CF57DF4F288139814A815B81C15877
:1089C000D0402093C4063093C5064093C60650930A
:1089D000C706E5968CAD9DADAEADBFADE597809376
:1089E000C8069093C906A093CA06B093CB06AD966D
:1089F0002CAD3DAD4EAD5FADAD972093CC06309321
:108A0000CD064093CE065093CF0689A19AA1ABA183
:108A1000BCA180939C0690939D06A0939E06B09364
:108A20009F068DA19EA1AFA1B8A58093A0069093AB
:108A3000A106A093A206B093A306A7968CAD9DAD08
:108A4000AEADBFADA7978093A4069093A506A09363
:108A5000A606B093A706A996EEADFFADA9978081B3
:108A60009181A281B3818093A8069093A906A093D7
:108A7000AA06B093AB06F090C30D8091C20D8F197A
:108A80008F70833040F11091C20D111101C010E1BF
:108A90001150FEE61F9FC00111249C012E51394F39
:108AA0005901111101C010E111503EE6139FC001A0
:108AB0001124AC014E51594F6A019EE6692EF11600
:108AC00069F0D601D5960C9102FF7CC38091C20D4E
:108AD000811B8F70F12E823008F4A3C03EE6F39E16
:108AE000C0011124AC014E51594F5A01F39450E189
:108AF000F51201C0F12CAEE6FA9EC0011124FC0172
:108B0000EE51F94F6F018EE6882ED501D5968C91E6
:108B1000D59781FD5AC095964D905D906D907C9053
:108B20009897F60195A0E6A007A110A5292D3E2D46
:108B3000A801C301B2010F94B19887FF46C0A301F9
:108B40009201C301B2010F94D9912B013C01D501CF
:108B5000D1966D917D918D919C91D49790589B0168
:108B6000AC010F94BC97F50125A536A547A550A9E2
:108B70000F94D9919B01AC01C301B2010F94BB9733
:108B80000F948A9B2B013C019B01AC01692D7E2D2A
:108B9000C8010F94B19887FF03C0492C5E2C38019F
:108BA0009201A301692D7E2DC8010F94B1988823ED
:108BB00061F0D601D5962C91C201D301F60185A3AF
:108BC00096A3A7A3B0A7216025ABD501D5968C911C
:108BD000D597F60195A9892B80FF14C005A116A190
:108BE00027A130A595964D915D916D917C919897B7
:108BF000C5010F949A00D501D5968C91D5978E7F9B
:108C0000D5968C93F394B0E1FB1201C0F12CF89C43
:108C1000C00111248E51994F2091C20D5601F212BC
:108C200041C38091C20D811101C080E18150EEE607
:108C30008E9FC00111249C012E51394F7901D90119
:108C400095964D915D916D917C91989709A51DA583
:108C500029AD39A9C7010F949A00F70185A98E7F24
:108C600085AB80916F00826080936F000D94B23B62
:108C7000A65CB84F80E1EAEFF1E10D94ED3B209165
:108C8000D7053091D8054091D9055091DA05A796BE
:108C90006CAD7DAD8EAD9FADA7970D94833C81E00B
:108CA000808F0D94293EA0900706B0900806009191
:108CB000090610910A0653C8C501B4010F94D59155
:108CC0004B015C01C701B6010F94D5919B01AC012A
:108CD000C501B4010F94BC976B017C0122966CAD69
:108CE0007DAD8EAD9FAD22970F94D5919B01AC01C8
:108CF000C701B6010F94BC970F948A9B2EE6229D64
:108D0000F001239DF00D1124EE51F94F65A776A7D0
:108D100087A790ABC2C82A962CAD3DAD4EAD5FADD6
:108D20002A97232B242B252B09F40EC16091FF05D4
:108D300070910006809101069091020629A53AA53E
:108D40004BA55CA50F94D9910F949A980F943499E0
:108D50002B013C018091460490914704A091480466
:108D6000B09149048DA79EA7AFA7B8AB20E030E033
:108D7000A901BC01CD010F94459A18160CF0EDC065
:108D800020E030E0A90126966CAD7DAD8EAD9FADA3
:108D900026970F94459A87FDE0C022966CAD7DAD75
:108DA0008EAD9FAD22979F7720E030E040E05FE3FB
:108DB0000F94B19887FFD1C08EE6829D8001839D7C
:108DC000100D1124025D184F81E0D8018C93209181
:108DD0009C0630919D0640919E0650919F0669A188
:108DE0007AA18BA19CA10F94BB9769AB7AAB8BAB9B
:108DF0009CAB2091A0063091A1064091A206509113
:108E0000A3066DA17EA18FA198A50F94BB974B01DE
:108E10005C012091A4063091A5064091A6065091D0
:108E2000A706A7966CAD7DAD8EAD9FADA7970F94AD
:108E3000BB976B017C0129A93AA94BA95CA9CA017E
:108E4000B9010F94D99169AB7AAB8BAB9CABA501FF
:108E50009401C501B4010F94D9919B01AC0169A99A
:108E60007AA98BA99CA90F94BC974B015C01A7011F
:108E70009601C701B6010F94D9919B01AC01C501C0
:108E8000B4010F94BC970F948A9B6B017C012091D5
:108E9000A8063091A9064091AA065091AB06A99662
:108EA000EEADFFADA99760817181828193810F94AE
:108EB000BB97A70196010F94BB986A966CAF7DAFE4
:108EC0008EAF9FAF6A9720E030E040E450E40F940B
:108ED000459A18160CF49CC020E030E0A9016A966F
:108EE0006CAD7DAD8EAD9FAD6A970F94459A181607
:108EF0000CF042C06A962CAD3DAD4EAD5FAD6A97A9
:108F00006DA57EA58FA598A90F94D9919B01AC0161
:108F100060911F0670912006809121069091220693
:108F20000F94BB9829A53AA54BA55CA50F94D991A0
:108F30000F949A980F9434996415750586059705D2
:108F4000D8F42B013C0118C060918B0670918C06FF
:108F500080918D0690918E06F1CE8EE6829DF00175
:108F6000839DF00D1124E25DF84F10826A961CAECD
:108F70001DAE1EAE1FAE6A9710E000E0A396EEADE8
:108F8000FFADA397E00FF11FEE51F94FC080D180E4
:108F9000E280F380C114D104E104F10491F1F801FD
:108FA000E65BFB4F60817181828193816415750559
:108FB0008605970530F50F94989129AD3AAD4BADE4
:108FC0005CAD0F94D9914B015C01C701B6010F94C0
:108FD0009A919B01AC01C501B4010F94BB986B0140
:108FE0007C01C301B2010F949891A70196010F94DF
:108FF000459A181634F4C701B6010F9434992B0121
:109000003C010C5F1F4F0031110509F0B7CF03C9B8
:10901000D8011C92B1CFC9A6DDA6E9AEF9AA21E01C
:109020002DABB3C927962FAD27972B963FAD2B9726
:109030002F964FAD2F9763965FAD63976B966FAD8D
:109040006B976F967FAD6F97C8010F94BB98EB96A7
:109050006CAF7DAF8EAF9FAFEB976B96EFAD6B971D
:10906000EDAF6F96FFAD6F97FDAB0EAF23961FAFC1
:10907000239706CAF7FAF094F7F8F094A501940143
:10908000C701B6010F94B19887FF79CA75016401D1
:1090900076CAC701B6010F94B19887FD09C020E0D8
:1090A00030E0A901C501B4010F94459A18162CF4BB
:1090B000A5019401C701B6015ECAB7FAB094B7F82A
:1090C000B094A7019601C501B4010F94459A1816F2
:1090D0000CF055CADBCF8EE6829DF001839DF00D2A
:1090E0001124EE51F94F85A9846085ABA9A5ADAFD8
:1090F000BDA5BDABE9ADEEAFF9A92396FFAF2397B0
:10910000BECA81E032CB20911F06309120064091EB
:10911000210650912206C701B601C3CB20E030E4FE
:109120004CE156E4C701B6010F94459A1816D4F4E1
:109130008EE6829D8001839D100D11240E51194FE2
:109140007801BDE4EB0EF11CA5019401C501B40149
:109150000F94BC970F943499F7017183608336960E
:1091600082E0E4CB20E03FEF4FE757E4C501B401D4
:109170000F94B19887FF19C08EE6829D8001839D70
:10918000100D1124015D184FC501B4010F943499DD
:10919000D8016D937C938EE6829DF001839DF00D46
:1091A0001124EB5CF84F81E0C1CB8EE6829DF0018B
:1091B000839DF00D1124E15DF84F8FEF9FEF9183B8
:1091C0008083E9CFF60171A482A493A4E4A4272D9F
:1091D000382D492D5E2D65A176A187A190A50F940C
:1091E000B198882309F451C001FD44C0D50195967A
:1091F0002D903D904D905C909897A2019101672D24
:10920000782D892D9E2D0F94B19818169CF5A201EA
:109210009101C201B1010F94D9911B012C01F601FA
:1092200061A972A983A994A990589B01AC010F94DC
:10923000BC97D6019D962D913D914D915C91D09713
:109240000F94D9919B01AC01C201B1010F94BB975E
:109250000F948A9B2B015C019B01AC01672D782D3B
:10926000892D9E2D0F94B19887FD04C0742C852CF8
:109270009A2CEB2C872D982DA92DBE2DF60185A3B8
:1092800096A3A7A3B0A7016005AB111101C010E11F
:109290001150169DC001112456019C012E51394FC9
:1092A00069010DCC6C0131CC8FBF0D94B23B8F9214
:1092B0009F92AF92BF92CF92DF92EF92FF920F9365
:1092C0001F934B015C01ECEAF6E0E084F184028537
:1092D0001385248135814681578160817181828126
:1092E00093811F921F921F921F92E8EBCE2EE6E011
:1092F000DE2E0F944B3B0F900F900F900F901F910D
:109300000F91FF90EF90DF90CF90BF90AF909F9024
:109310008F9008958F929F92AF92BF92CF92DF92DB
:10932000EF92FF920F931F934B015C01EAEFF1E183
:10933000E084F1840285138524813581468157813B
:1093400060817181828193811F921F921F921F926F
:10935000E6E0CE2EE2E1DE2E0F944B3B0F900F9015
:109360000F900F901F910F91FF90EF90DF90CF9093
:10937000BF90AF909F908F9008956091CA0D7091AB
:10938000CB0D8091CC0D9091CD0D0F942D99209106
:109390004C0230914D02261737070CF065C08091C2
:1093A000F4039091F503892BB9F10E94D96C809157
:1093B000C20D8F5F803109F480E09091C30D981742
:1093C00059F16091F4037091F503072E000C880B9E
:1093D000990B0F949A919B01AC01609106127091C8
:1093E000071280910812909109120F94BC97609314
:1093F000061270930712809308129093091210922C
:10940000F5031092F40365E575E585ED9FE30F9490
:109410008A4981E080934E0280914E02882311F1A7
:1094200061E080E00E940759809109128F9380913A
:1094300008128F93809107128F93809106128F9359
:1094400080EE97E99F938F9381ED97E99F938F9398
:109450000E94BD588DB79EB708960FB6F8949EBF70
:109460000FBE8DBF0D94C32E0E943A5988EC99E52A
:109470000E946382AC0160E080E00E94195982EB97
:1094800099E50E946382AC0162E080E00E94195974
:1094900060ED77E080E090E00E94006A0E943A5917
:1094A0000D9460242F923F924F925F926F927F9221
:1094B0009F92AF92BF92CF92DF92EF92FF920F9363
:1094C0001F93CF93DF9370910A12711104C07091B2
:1094D0000B12772399F0DF91CF911F910F91FF909D
:1094E000EF90DF90CF90BF90AF909F907F906F9064
:1094F0005F904F903F902F900D94CF287091410333
:10950000711109C07091630210926302709342035B
:1095100071E07093410319016A01C62FD92F982E6B
:109520008091F4039091F503892B09F471C00E9496
:10953000D96C8091C20D8F5F803109F480E09091E9
:10954000C30D981709F464C084E0C89F80011124FA
:10955000F801E650FE4E5F016091F4037091F5034F
:10956000072E000C880B990B0F949A91F50120811E
:109570003181428153810F94BC972B013C01B6018C
:10958000DD0C880B990B0F949A916B017C01AC0157
:109590009B01C301B2010F94B198F50187FD7DC015
:1095A0004082518262827382B101330C880B990B25
:1095B0000F949A912B013C01C80186509E4E7C016C
:1095C000A3019201FC0160817181828193810F94DA
:1095D000459A18162CF4F7014082518262827382F8
:1095E0001092F5031092F4036EEF71E18AEF91E1AE
:1095F0000E945061F801E954FD4F608171818281C0
:1096000093810E94995F0F948A4981E080934E0272
:1096100080914E02882311F161E080E00E94075999
:1096200084E0C89FF0011124E650FE4E83818F93A1
:1096300082818F9381818F9380818F93DF939F921B
:1096400081ED97E99F938F930E94BD58EDB7FEB7C8
:1096500038960FB6F894FEBF0FBEEDBF809167033A
:10966000811104C080914003882321F0809142033E
:1096700080936302DF91CF911F910F91FF90EF9044
:10968000DF90CF90BF90AF909F907F906F905F9052
:109690004F903F902F900D94C32EC082D182E282D2
:1096A000F38282CF2AEF30E050E040E060E085EFC7
:1096B00097E90D94524A22ED30E04EEF5FEF61E002
:1096C00088EF97E90D94524A22ED30E050E040E0F7
:1096D00062E08BEF97E90D94524A0F948A490D94FA
:1096E000AF0BCF93DF930E94D96CCAEFD1E180E03A
:1096F00090E0A0EAB0E488879987AA87BB8765E5F0
:1097000075E585E591E40F946D4B8DEC9CECACE434
:10971000BEE388839983AA83BB8380E090E0A0E0C6
:10972000B0EC8C839D83AE83BF836EEF71E1CE017D
:109730000E94506160E070E086E193E40F946D4B0D
:109740008AE999E9A9E1BEE388879987AA87BB8757
:1097500065E575E585E591E4DF91CF910D946D4B5D
:10976000CF92DF92EF92FF92CF93DF9369017A015C
:10977000CAEFD1E19B01AC016C857D858E859F850B
:109780000F94BC976C877D878E879F87C701B60132
:10979000DF91CF91FF90EF90DF90CF900D948A49A9
:1097A0008F929F92AF92BF92CF92DF92EF92FF92F1
:1097B0000F931F93CF93DF939B01AC01CAEFD1E1CD
:1097C000688579858A859B850F94BB977B018C0181
:1097D0002C813D814E815F81688179818A819B8165
:1097E0001F921F921F921F92812C912CE0EAAE2EA5
:1097F000E1E4BE2EF6E0CF2EF2E1DF2E0F944B3BDC
:109800000F94AF0B0F900F900F900F90DF91CF91AF
:109810001F910F91FF90EF90DF90CF90BF90AF908E
:109820009F908F900D94AC6D6091F6037091F7034B
:10983000072E000C880B990B0F949A912091D70555
:109840003091D8054091D9055091DA050F94BB9815
:109850000F94D04B1092F7031092F6030895909155
:109860004F02981709F180934F028823E9F0109274
:10987000F5031092F4031092DF048CE593E10E944B
:10988000C16A0E94336A615071098109910960932C
:1098900068037093690380936A0390936B030E943B
:1098A0003A5982E00D944C370895AF92BF92CF920F
:1098B000DF92EF92FF920F931F93CF93DF936C0190
:1098C00080E00F942F4C0E943A59E601E12CF12CD4
:1098D0006F2D80E00E940759C6010E9461FA88231B
:1098E00029F08FEFC81AD80A09F453C0C6010F94A3
:1098F000CA948431910510F084E190E0E601C80F2C
:10990000D91FE3E0FE120AC0843141F4FE018491C4
:10991000E12C882319F02297EE24E394FE01849130
:10992000882351F1CE010E9461FA811125C0FE0108
:10993000849192ED980F9230F8F08C32E9F096EC29
:10994000980F9230C8F08F33B9F08132A9F08E01B0
:10995000C016D10658F45801F1E0AF1AB108C5019C
:109960000E9461FA811107C08501F2CFC016D106AD
:1099700019F0E8010AC0E801CC16DD0630F4F60162
:1099800084918E37D9F08A30D1F4F39484E0F812C0
:109990009FCFEE20D1F00F94FC0246E063E083E11C
:1099A0000E942559CE01DF91CF911F910F91FF9019
:1099B000EF90DF90CF90BF90AF90089580E20E942B
:1099C0007F59FFEFCF1ADF0AD7CFD0E0C0E0EACF50
:1099D0002F923F924F925F926F927F928F929F92BF
:1099E000AF92BF92CF92DF92EF92FF920F931F93AD
:1099F000CF93DF9300D0CDB7DEB74C016983342E0F
:109A000082EB94E40E9463826C018CEA94E40E94ED
:109A100063825C018114910469F40F94FC0210E0EC
:109A200000E02AE0A601B501832D0E94FEFEF12C84
:109A3000E12C09C0C4010F94554C7C010F94FC0229
:109A4000E114F10461F30E94336A2B013C010E948E
:109A50004B6384E080936402FB82EA8284E6282ED2
:109A600082E390E00E9468842981211132C08091B4
:109A7000F4039091F5030097D1F50E945063882379
:109A800009F452C08A819B81892B09F049C092E078
:109A9000909364020F94443481E080934F0222E05B
:109AA00020934E02832D0F900F900F90DF91CF9156
:109AB0001F910F91FF90EF90DF90CF90BF90AF90EC
:109AC0009F908F907F906F905F904F903F902F90DE
:109AD00008950E94336A64197509860997096133EC
:109AE00075478105910518F233243A94D0CF2A8125
:109AF0003B81232B91F4392E3094331C3324331CB7
:109B000010E000E02AE0A601B501832D0E94FEFED0
:109B10001092F5031092F403B0CF87E00F9424164F
:109B2000E114F10469F49ACF2A94211099CFE11439
:109B3000F10461F02A813B81232B11F49B828A82FC
:109B40008A819B810F94554C9B838A838A819B8158
:109B5000892B09F083CF10E000E02AE0A601B501CF
:109B6000832D0E94FEFE7ACF86E499E50E946382EF
:109B700040E060E00F94E84C813029F40E94BA5E26
:109B80000F94AF0BF1CF0895CF92DF92EF92FF9237
:109B90000F931F93CF93DF93D82EC92E01E08091AE
:109BA0004F02811101C000E080E00F942F4C8D2DF9
:109BB0009C2D0F94554C7C010F94FC020E944B632A
:109BC00084E080936402E701209729F447E063E092
:109BD00083E10E94255914E682E390E00E946884A4
:109BE0000E945063882391F0209791F482E0809343
:109BF00064020F944434802FDF91CF911F910F9115
:109C0000FF90EF90DF90CF900D942F4C115021F7E3
:109C1000E114F104C9F2209711F4CD2DDC2DCE0111
:109C20000F94554CEC01D0CF9F92AF92BF92CF9240
:109C3000DF92EF92FF920F931F93CF93DF93982EB3
:109C40001092021210920312109204121092051236
:109C50000F944D1788E29BE5911002C085EC9AE5C0
:109C60000E946382B82EA92E0F94554C8C010E943D
:109C7000336A6B017C011092F5031092F403E80142
:109C80000F94F92481E00E94BD828091F4039091A9
:109C9000F503892BD9F162E370E080E090E00E9447
:109CA000006A8091C20D8F5F803109F480E090914D
:109CB000C30D981759F16091F4037091F50377FF84
:109CC00003C0719561957109072E000C880B990BE3
:109CD0000F949A9120910212309103124091041234
:109CE000509105120F94BC97609302127093031267
:109CF00080930412909305121092F5031092F403CE
:109D000065E575E585E891E40F948A490E94506302
:109D10008823C9F10F94A1191092C60D0E945063B7
:109D20008111FCCF6AE070E080E090E00E94006A60
:109D30000E9450638111FCCF8CE99AE50E946382F6
:109D400041E060E00F94E84C8F3FD1F1811182CF68
:109D500080E090E0AFE4B3E48093021290930312AA
:109D6000A0930412B09305120F944D1781E0DF9178
:109D7000CF911F910F91FF90EF90DF90CF90BF9008
:109D8000AF909F9008950115110509F479CF0E94B5
:109D9000336A6C197D098E099F0969387341810501
:109DA000910508F46DCF209711F4CB2DDA2DCE015B
:109DB0000F94554CEC010E94336A6B017C0160CF1B
:109DC00080E0D5CF2F923F924F925F926F927F9219
:109DD0008F929F92AF92BF92CF92DF92EF92FF92BB
:109DE0000F931F93CF93DF9300D000D0CDB7DEB792
:109DF000209163022C831092630280E00F94FF1580
:109E00008B830E94D96C85EE9EE40E9463820F943E
:109E1000554C42EA57E663E080E00E94195980E021
:109E200090E0A0EAB0E48093021290930312A09312
:109E30000412B093051265E575E585E591E40F948C
:109E40006D4B80E090E0A0E8BFE38093FA1190931F
:109E5000FB11A093FC11B093FD118093FE11909320
:109E6000FF11A0930012B09301126EEF71E18AEF1F
:109E700091E10E94506160E070E088E492E40F9408
:109E80006D4B0E949E6081E08093630282E00F949C
:109E9000BB691092630243E060E070E080E291EC05
:109EA0000F94D26D811106C08AED96E50E946382FF
:109EB0000E94AB678091021290910312A09104124C
:109EC000B09105128093981290939912A0939A12D0
:109ED000B0939B1202E010E0812C912C30EAA32E6B
:109EE00030E4B32E42E0642E55EEE52E58E8F52E10
:109EF00067E0762E0E94D96C809202129092031233
:109F0000A0920412B092051265E575E585E591E42D
:109F10000F946D4B2FEF200F822F63E00F94A39CC3
:109F20009983822F0F94AF9C582EC82ED12C80FF7E
:109F300004C0862D9981891B8983E9816E2F70E089
:109F400090E080E00F94989120E030E04CE453E4FE
:109F50000F94D99120E030E040E05FE30F94D99175
:109F600020E030E040E85FE30F94BC976093FA1183
:109F70007093FB118093FC119093FD11652D70E09F
:109F800090E080E00F94989120E030E04CE453E4BE
:109F90000F94D99120E030E040E05FE30F94D99135
:109FA00020E030E040E85FE30F94BC976093FE113F
:109FB0007093FF1180930012909301126EEF71E184
:109FC0008AEF91E10E94506160E070E088E492E4E1
:109FD0000F946D4B63E080E00E9407591F930F932D
:109FE000FF92EF920E94BD5843E060E070E080E293
:109FF00091EC0F94D26D582E0F900F900F900F9000
:10A00000882309F451CF7C9CF0017D9CF00D112434
:10A010002981E20FF11DEE0FFF1FEE0FFF1FE95622
:10A02000FD4E8091021290910312A0910412B09102
:10A03000051281839283A383B4830F5F1F4F0A307D
:10A04000110509F057CF6090981270909912809086
:10A050009A1290909B12462CA72CB82C292C1E8269
:10A060001D8207E912E18D819E8188569D4E9A835B
:10A07000898393E0392EE981FA81C190D190E190F2
:10A08000F190FA83E9839301A401C701B6010F940B
:10A09000459A181614F036014701242D3A2D4B2D00
:10A0A000522DC701B6010F94B19887FD04C04C2C06
:10A0B000AD2CBE2C2F2C3A943110DDCF8D819E819A
:10A0C0004C969E838D838435910559F69301A401A6
:10A0D000642D7A2D8B2D922D0F94BB9720E030E0CC
:10A0E00040E450E40F94459A1816FCF488EC98E884
:10A0F0000E940567512C852D26960FB6F894DEBF79
:10A100000FBECDBFDF91CF911F910F91FF90EF90C8
:10A11000DF90CF90BF90AF909F908F907F906F9087
:10A120005F904F903F902F900895198285ECE82E14
:10A130008FE0F82E68011D829D81911103C0E98195
:10A14000EE2329F1209198123091991240919A12A0
:10A1500050919B12F60161817281838194810F94E9
:10A16000BB9720E030E048EC52E40F94D99120E016
:10A1700030E040E05FE30F94BC970F9463990F9435
:10A180002D99C7010F944E97F2E0EF0EF11C24E0D9
:10A19000C20ED11C8D818F5F8D83833069F6045E82
:10A1A0001F4F99819F5F9983933021F60F94F06B35
:10A1B00081E0809397120F94714BEC81E0936302DE
:10A1C0008B810F94FF1597CFCF92DF92EF92FF9282
:10A1D0000F931F93CF93DF93209160123091611200
:10A1E0002130310539F420918912213019F422E00F
:10A1F00020931A050F949F1AD82F80911A05813049
:10A2000009F463C060F0823009F4F3C0DF91CF91AC
:10A210001F910F91FF90EF90DF90CF9008950D2F39
:10A2200010E0F801EC5AF647C491FC2EF2946FE06E
:10A23000F622CF700F94FC0280E00F942F4C0E9406
:10A240003A59000F111FF801EF57F647C590D49007
:10A250000E5A1446F801859194910E946382DF9210
:10A26000CF929F938F938DEE99E89F938F930E9447
:10A27000BD584AEC5BE962E080E00E9419590F90FA
:10A280000F900F900F900F900F90F110C5C010E03D
:10A2900000E042E1E42E56EAC52E57E6D52EEC2F1B
:10A2A000F0E0EE0FFF1FE752F647859194910E9470
:10A2B0006382BC0181E0F11001C080E02E2DA60177
:10A2C0000E94FEFE81E080931A0581E08093E00603
:10A2D0000F94F4190F9487160D2F10E0F801EC5A23
:10A2E000F647C491DC2FD295DF7080911205811161
:10A2F00009C081E0D11101C080E08093110581E0A7
:10A300008093120580911005882341F081E0D111DE
:10A3100001C080E080931105109210052091F40394
:10A320003091F50321153105B9F180911105DD2337
:10A3300061F037FF06C0882369F0815080931105D2
:10A3400009C0823039F08F5FF9CF37FF41C08111EA
:10A3500010921105809111054EE3811140E263E0F6
:10A3600080E00E94255980911105DD23B1F14EE373
:10A37000813009F040E263E089E00E942559809134
:10A380001105823061F54EE363E082E10E942559B8
:10A390001092F5031092F4030E945063882309F48D
:10A3A00035CF80911105D1111CC0813081F5F801A4
:10A3B000EE0FFF1FE650F747859194910E9463824C
:10A3C0000F94C44D81E08093100510921A051ECFA2
:10A3D000813009F4BFCF81E0B1CF8130A1F240E2FA
:10A3E000D3CF823021F3813091F4D093C80D809384
:10A3F00010050F94443481E00F942F4C0F94602487
:10A4000010921C1210925A041092E006DECFCF7008
:10A41000C093C80D81E0EBCFEF2DF0E0EE0FFF1FF2
:10A42000E752F647859194910E9463826C0106EA97
:10A4300017E699E0E92E33CF0F931F93CF938C014A
:10A44000C62F80E00F942F4C0E943A59A80161E07A
:10A4500080E00E94195980E20E947F596C2F70E0C1
:10A460006F5F7F4F072E000C880B990BCF911F91C8
:10A470000F910D94AC32E0E2F6E1408151816281AE
:10A480007381480F591F611D711D40835183628381
:10A49000738308952F923F924F925F926F927F92B3
:10A4A0008F929F92AF92BF92CF92DF92EF92FF92E4
:10A4B0000F931F93CF93DF9300D01F921F92CDB7BE
:10A4C000DEB71C012A013B0100E210E019829981EC
:10A4D000892F90E09B838A83801791079CF5880FD2
:10A4E000991F880F991F9D838C83820D931D9B83D9
:10A4F0008A83FC01C080D180E280F3808C819D81C1
:10A500000496820D931D9D838C83FC018080918035
:10A51000A280B380A5019401C701B6010F94459AAA
:10A52000181664F4EA81FB8180829182A282B38250
:10A53000EC81FD81C082D182E282F382F981FF5FEA
:10A54000F983C5CF0150110908F6F101E05CFF4F16
:10A550002081318142815381C301B2010F94D9918D
:10A560006B017C0120E030E040E05FEB0F94B1989C
:10A5700087FD10C020E030E040E05FE3C701B60196
:10A580000F94B19818165CF4C12CD12CE12C8FE3F8
:10A59000F82E05C0C12CD12CE12C9FEBF92EC70160
:10A5A000B6010F900F900F900F900F90DF91CF9109
:10A5B0001F910F91FF90EF90DF90CF90BF90AF90E1
:10A5C0009F908F907F906F905F904F903F902F90D3
:10A5D00008950E94336A60932F1270933012809313
:10A5E000311290933212089580917512882369F088
:10A5F00080917412882349F080E29DE90E940567EA
:10A600008091741281508093741208959F92AF923A
:10A61000BF92CF92DF92EF92FF920F931F93CF934F
:10A62000DF93CDB7DEB7E0970FB6F894DEBF0FBE6D
:10A63000CDBF8C01E0905D12FE01319621E030E04B
:10A640005F01F12C40E1C42ED12C50E2952EC701C0
:10A65000821B930BB6010F94D19CDC01BB27A05E3B
:10A66000BD4E9D968C91482F50E094E055954795AE
:10A670009A95E1F796EF940F9630A8F1405D4083EC
:10A680008F7096EF980F963080F1805D8183928273
:10A690002F5F3F4F339621313105C9F618AA82E961
:10A6A0009DE90E94FE638DE79DE90E94FE63C8015B
:10A6B0000E94FE638CE39DE90E94FE63C5010E9437
:10A6C0009968E0960FB6F894DEBF0FBECDBFDF915C
:10A6D000CF911F910F91FF90EF90DF90CF90BF909F
:10A6E000AF909F900895495ACACF895ACFCFCF9340
:10A6F000DF93CDB7DEB72E970FB6F894DEBF0FBE4F
:10A70000CDBF2EE330E03A832983FE0133962CE05F
:10A71000DF011D922A95E9F7DE011296482FFC0110
:10A720009D018E2F841B861740F4819190EE980F27
:10A73000903608F08EE28D93F4CFF901E60FF11D0B
:10A7400010824EE050E063E87DE9CE0101960F945F
:10A75000EB94892B59F44EE050E0BE016F5F7F4FC0
:10A7600081EB96E10F94799D892B61F082E99DE957
:10A770000E94FE638DE79DE90E94FE63CE01019673
:10A780000E9499684EE050E0BE016F5F7F4F81EB01
:10A7900096E10F94879D2E960FB6F894DEBF0FBEFC
:10A7A000CDBFDF91CF910895CF92DF92EF92FF92CC
:10A7B0001F93CF93DF93CDB7DEB762970FB6F894B0
:10A7C000DEBF0FBECDBF4E875F87688B798B8A8BCC
:10A7D0004983852F511131C080E38A8311E0E1E084
:10A7E000E10F81E090E08C0F9D1F8E0F911DFC0109
:10A7F0008A899AE29083811127C080E3818381E076
:10A800001E5F180FE1E0F0E0EC0FFD1FE10FF11DFE
:10A810008AE080831F5FFE0131967F016F01C10EC8
:10A82000D11CEC14FD04B1F0F70181917F0163EAC2
:10A8300076E190E00F947495F4CFBE016E5F7F4F88
:10A840000F94301A182FCBCFBF016F5F7F4F0F943B
:10A85000301AD6CF612FCE0101960F9477530F9403
:10A86000E95262960FB6F894DEBF0FBECDBFDF91FE
:10A87000CF911F91FF90EF90DF90CF9008958F922E
:10A880009F92AF92BF92DF92EF92FF920F931F932E
:10A89000CF93DF93CDB7DEB767970FB6F894DEBFDF
:10A8A0000FBECDBF182F7B01D42E07E50B8B8C8BF1
:10A8B0007E8B6D8BCE0143960F945C1A8F8B0E8727
:10A8C0001F87F98AE88ACE010E960F945C1A8A8B4C
:10A8D0000983111127C080E38A8381E0E1E0E80F5A
:10A8E00021E030E02C0F3D1F2E0F311DF90190E2C9
:10A8F000908302E0080FAA24A394B12CAC0EBD1ED5
:10A90000A00EB11CE114F10439F114E0C70188274D
:10A91000907F892B71F424E0EE0CFF1C2A95E1F75F
:10A920001150F4CFBE016E5F7F4F812F0F94301A0C
:10A93000D5CF4501882D8A19811790F48F2D8295E6
:10A940008F7094E0EE0CFF1C9A95E1F70F94261A95
:10A95000F40181934F01EECF80E3F501808311E094
:10A96000100FE1E0F0E0EC0FFD1FE10FF11D8A890F
:10A970009AE29083811121C080E3818381E01F5F8F
:10A98000180FE1E0F0E0EC0FFD1FE10FF11D8AE090
:10A9900080831F5F9E012F5F3F4F79015901A10EF8
:10A9A000B11CEA14FB0479F0F70181917F0163EA9D
:10A9B00076E190E00F947495F4CFBF016F5F7F4F05
:10A9C0000F94301ADCCF612FCE0101960F9477538C
:10A9D0000F94E952D092231267960FB6F894DEBF17
:10A9E0000FBECDBFDF91CF911F910F91FF90EF90E0
:10A9F000DF90BF90AF909F908F90089520916E123E
:10AA00002F5F20936E12223078F430E0F901E65C7B
:10AA1000F246849124593D4EF901608170E049E08D
:10AA20000F943F5480E0089581E008958F929F92A3
:10AA3000AF92BF92CF92DF92EF92FF92CF93DF93CC
:10AA400025EF35E13093DC0D2093DB0D10921116CC
:10AA500042E050E060E070E04093FA155093FB153F
:10AA60006093FC157093FD151092DA0D1092D60DBF
:10AA70001092D70D1092D80D1092D90D4FEF5FEFB5
:10AA8000BA014093D20D5093D30D6093D40D7093BF
:10AA9000D50D882309F470C040E060E070E0CB0180
:10AAA0000E94D96D81110DC0C0E08C2FDF91CF9134
:10AAB000FF90EF90DF90CF90BF90AF909F908F90DE
:10AAC000089580919B0F8F7779F78091A70F9091D0
:10AAD000A80FA091A90FB091AA0F84369105A105E6
:10AAE000B10510F3C090A30FD090A40FE090A50F74
:10AAF000F090A60FC114D104E104F104A9F240E0E2
:10AB0000C701B6010E94D96DC82F882369F28091D0
:10AB1000E80D9091E90D8115924031F6A091ED0D6F
:10AB2000AA2311F26091EB0D7091EC0D6115710586
:10AB300009F4BACF2091EA0D222309F4B5CFA093EE
:10AB40000C162093FE1590E080E030E0E1E0F0E0AC
:10AB5000D82FAF01082E02C0440F551F0A94E2F708
:10AB60002417350769F041E0480F019689309105B7
:10AB700079F74093071698CFC12CD12C7601BFCF1F
:10AB8000809307162091F30D3091F40D50E040E0D2
:10AB90002115310541F42091010E3091020E4091B2
:10ABA000030E5091040E2093FF153093001640932E
:10ABB00001165093021646015701860E971EA11CDE
:10ABC000B11C80920D1690920E16A0920F16B092A4
:10ABD0001016E091EE0DF091EF0DF0931316E09347
:10ABE0001216B0E00F94A197DC01CB01880D991DDE
:10ABF000AA1DBB1D8093141690931516A0931616CC
:10AC0000B093171625E0EE0FFF1F2A95E1F7E150EC
:10AC1000FE4FEF2FFF27E6958E0F9F1FA11DB11D41
:10AC20008093081690930916A0930A16B0930B16FA
:10AC30008090F00D9090F10DB12CA12C8114910415
:10AC400041F48090FD0D9090FE0DA090FF0DB0900E
:10AC5000000EC81AD90AEA0AFB0AC80CD91CEA1C59
:10AC6000FB1C04C0F694E794D794C794DA95D2F706
:10AC7000C0920316D0920416E0920516F0920616C2
:10AC800085EFC8168FE0D806E104F10420F48CE0CB
:10AC90008093111609CF80E125EFC2162FEFD2065F
:10ACA000E104F10488F08091090E90910A0EA091C0
:10ACB0000B0EB0910C0E8093141690931516A09362
:10ACC0001616B093171680E280931116EECE0F93EE
:10ACD0001F936091351670913616809137169091BA
:10ACE00038160091D20D1091D30D2091D40D3091D2
:10ACF000D50D601771078207930739F140E00E9474
:10AD0000D96D8823F9F02091391630913A16409187
:10AD1000291650912A1660912B1670912C16421B01
:10AD2000530B61097109413092E0590761057105C2
:10AD300020F040E052E060E070E04352524F9AE071
:10AD4000FA0190831F910F91089581E0FBCF20E0DD
:10AD500030E040EA52E460E070E080EA92EC0D946A
:10AD6000B04B9091901291FD17C08823A9F092FDED
:10AD700013C00F948D1A8091F6119091F711909352
:10AD80008512809384128091901284608093901237
:10AD900085E59AE90D948F1A08958091901280FFAD
:10ADA00045C08DE69AE90F948F1A80917C1290919C
:10ADB0007D12A0917E12B0917F1240917812509135
:10ADC000791260917A1270917B124093FA1150932C
:10ADD000FB116093FC117093FD118093FE11909311
:10ADE000FF11A0930012B093011260E070E088E4BC
:10ADF00092E40F946D4B8091801290918112A091FA
:10AE00008212B09183128093021290930312A09346
:10AE10000412B093051260E070E080E791E40F94B3
:10AE20006D4B809190128E7F8093901208950F93B6
:10AE30001F93CF9390919012911172C0C82F82E40A
:10AE40009AE90F948F1A0F948D1A0F94AF0B80917B
:10AE5000EC11811102C00E94915ECC2309F460C004
:10AE60008091901281608093901280910212909153
:10AE70000312A0910412B09105124091FE1150915D
:10AE8000FF1160910012709101120091FA1110915E
:10AE9000FB112091FC113091FD1100937812109359
:10AEA000791220937A1230937B1240937C12509344
:10AEB0007D1260937E1270937F1280938012909324
:10AEC0008112A0938212B093831260E070E080EA56
:10AED00091E40E94B5628091BC06882309F18091BB
:10AEE000BD068823E9F080E090E0AAEFB2E4809309
:10AEF000FA119093FB11A093FC11B093FD111092E5
:10AF0000FE111092FF11109200121092011260E0D7
:10AF100070E088E492E4CF911F910F910D946D4BF6
:10AF2000CF911F910F910895EF92FF920F931F936E
:10AF3000CF93DF931F921F92CDB7DEB7F82EE62E88
:10AF400080E197E29A8389838A01169507958F2D70
:10AF50000E94EDCD0150110978F028EC30E0AE01EF
:10AF60004F5F5F4F68EE73E08F2D0E94BCCC6E2D5B
:10AF70008F2D0E9406CEEECF6E2D8F2D0E94EDCD2F
:10AF80000F900F90DF91CF911F910F91FF90EF9055
:10AF90000895289A08950F931F93CF93DF93EC01A0
:10AFA0000E94336A8B010E947A5D8F3F69F00E9494
:10AFB000336A601B710B6C177D07A8F380E0DF918B
:10AFC000CF911F910F91089581E0F9CF88E196E12B
:10AFD0000E940C7288E196E10E944172E6E8F3E17A
:10AFE0001082118208952F923F924F925F926F923A
:10AFF0007F928F929F92AF92BF92CF92DF92EF9209
:10B00000FF920F931F93CF93DF9300D000D000D017
:10B010001F92CDB7DEB72B013C0149015A0120E058
:10B0200030E040EC51E40F94BB9720E030E048E082
:10B0300052E40F94BB986B017C010F9463990F94B9
:10B040002D998B0177FF13C020E030E040E85FE3EB
:10B05000C701B6010F94459A181634F4C12CD12CAF
:10B06000E0E8EE2EEFE3FE2E10E000E057C0663081
:10B070007105ECF020E030E042E453E4C301B2019A
:10B080000F94BB9720E030E048E052E40F94BB9867
:10B090006B017C0120E030E0A9010F94B19887FF9B
:10B0A00003C0C12CD12C760105E010E037C0072E7B
:10B0B000000C880B990B0F949A9120E030E048E047
:10B0C00052E40F94D99120E030E040EC51E40F9429
:10B0D000BC979B01AC01C301B2010F94BB9720E068
:10B0E00030E048E052E40F94BB986B017C0120E013
:10B0F00030E0A9010F94B19887FD3BC020E030E01B
:10B1000040E85FE3C701B6010F94459A181634F47E
:10B11000C12CD12C70E8E72E7FE3F72E20E030E041
:10B1200040EC50E4C501B4010F94BB9720E030E03F
:10B1300048E052E40F94BB982B013C010F946399B3
:10B140000F942D997A87698777FF17C020E030E048
:10B1500040E85FE3C301B2010F94459A181634F436
:10B16000412C512C60E8662E6FE3762E1A861986E4
:10B1700027C0C12CD12C7601D1CFE985FA8536972D
:10B180000CF4DBC020E030E040E353E4C501B4013F
:10B190000F94BB9720E030E048E052E40F94BB9856
:10B1A0002B013C0120E030E0A9010F94B19887FF0A
:10B1B000FDC0412C512C320125E030E03A8729872F
:10B1C000A701960160E070E080E89FE30F94BB97D1
:10B1D00069837A838B839C8318019FEF291A390A2C
:10B1E000E985FA853196F887EF83E7E089859A85C6
:10B1F000E89F9001E99F300D11243E832D83F901D2
:10B20000E00FF11FEE0FFF1FEE0FFF1FE956FD4E7F
:10B21000218132814381548169817A818B819C8132
:10B220000F94D9914B015C01ED81FE81E20DF31D7C
:10B23000EE0FFF1FEE0FFF1FE956FD4E21813281F9
:10B2400043815481C701B6010F94D9919B01AC0190
:10B25000C501B4010F94BC974B015C01A30192019D
:10B2600060E070E080E89FE30F94BB979B01AC0126
:10B27000C501B4010F94D9914B015C01E7E08F81C6
:10B280009885E89F9001E99F300D11243E832D831E
:10B29000F901E00FF11FEE0FFF1FEE0FFF1FE95640
:10B2A000FD4E218132814381548169817A818B8174
:10B2B0009C810F94D99169837A838B839C832D81A0
:10B2C0003E81220D331D220F331F220F331F2956BB
:10B2D0003D4EF9012181328143815481C701B6017C
:10B2E0000F94D9919B01AC0169817A818B819C81FA
:10B2F0000F94BC97A30192010F94D9919B01AC01CB
:10B30000C501B4010F94BC972A960FB6F894DEBF1E
:10B310000FBECDBFDF91CF911F910F91FF90EF90A6
:10B32000DF90CF90BF90AF909F908F907F906F9065
:10B330005F904F903F902F900895072E000C880B40
:10B34000990B0F949A9120E030E048E052E40F947A
:10B35000D99120E030E040EC50E40F94BC979B0181
:10B36000AC01C501B4010F94BB9720E030E048E088
:10B3700052E40F94BB982B013C0120E030E0A9017E
:10B380000F94B19887FD17C020E030E040E85FE3FC
:10B39000C301B2010F94459A18160CF011CF412C3D
:10B3A000512C50E8652E5FE3752E0ACF85E090E0C2
:10B3B0009A87898705CF412C512C320101CFCF923A
:10B3C000DF92EF92FF920F931F93CF93DF93EB01E6
:10B3D000182F092FF89480918813882309F4D8C076
:10B3E0008091E1119091E211A091E311B091E411EB
:10B3F0008093DD119093DE11A093DF11B093E011E3
:10B400000F94B716C090DD11D090DE11E090DF11DF
:10B41000F090E011C81AD90AE108F108C092DD11D4
:10B42000D092DE11E092DF11F092E0110E94375CC1
:10B43000C81AD90AE108F108C092DD11D092DE11D4
:10B44000E092DF11F092E0111092DC1120910B12CA
:10B45000F0900A122111F22E8091E9119091EA11D7
:10B46000009709F4D1C02111CFC020910A122111F7
:10B47000CBC0FC01E85AFF4F20E1A9E6B2E0019001
:10B480000D922A95E1F7FC01E659FF4F20813181A9
:10B490003093E8112093E71188599F4FFC01808178
:10B4A00091819093E6118093E5110F94A11980E1A9
:10B4B000EAEFF1E1ABE7B2E001900D928A95E1F796
:10B4C000FF2061F080E090E0A0E8BFEB80937B027A
:10B4D00090937C02A0937D02B0937E0280917902CA
:10B4E00090917A029093F9118093F8118091F6115E
:10B4F0009091F7119093F5118093F4118091F211CE
:10B500008093F1118091F01183FB882780F980935B
:10B51000EF118091EE118093ED110E94C26C109298
:10B52000881381E08093EC110F94BB0B789420E09A
:10B5300030E0A901F8016C2F7D2F8F2F902F0F94F1
:10B54000B1988823E1F08091EF11811105C061E08D
:10B5500082E39AE60E94DE670F931F93DF93CF93F7
:10B5600082E29AE69F938F930E94746881E08093B1
:10B57000EB110F900F900F900F900F900F90DF91A5
:10B58000CF911F910F91FF90EF90DF90CF90089592
:10B59000809179138823B1F18091D8119091D911BC
:10B5A000A091DA11B091DB118093DD119093DE113F
:10B5B000A093DF11B093E0110F94B7164091DD1105
:10B5C0005091DE116091DF117091E011481B51091B
:10B5D000610971098091D6119091D711092E000C43
:10B5E000AA0BBB0B481B590B6A0B7B0B4093DD115D
:10B5F0005093DE116093DF117093E01181E080932E
:10B60000DC1124CF82E0FBCF80E090E0A0E8BFEB2C
:10B610008093690290936A02A0936B02B0936C02CC
:10B620006091650270916602809167029091680254
:10B630000F9434997093E8116093E7111092E6111A
:10B640001092E51132CF8091D511811123C081E094
:10B650008093D51180E00E94F2EE8BE89DE90E9474
:10B66000FE638DEE99E60E94056783E391E60E94F2
:10B6700063820E9494E89FB7F894809102018460ED
:10B68000809302019FBF0F9460248091D311816049
:10B690008093D3110895CF92DF92EF92FF920F9390
:10B6A0001F93CF93DF93EC018B01E42E011511055D
:10B6B00009F441C08D2F0E9412698C2F0E941269DB
:10B6C0006091CC167091CD1680E290E00F94749545
:10B6D0006E0180E1C80ED11C81E0E81639F1F880D6
:10B6E00021966091CC167091CD1680E290E00F9477
:10B6F00074958F2D0E941269015011090FB607FE33
:10B7000006C0C8019F71892B29F40F94F9240115F3
:10B71000110519F0CC15DD05F9F66091CC16709184
:10B72000CD168AE090E00F947495C0CFCE010F94AF
:10B730000C97F82ED5CFDF91CF911F910F91FF90ED
:10B74000EF90DF90CF90089522E02093D0001092E8
:10B75000D50097E09093D4008091D10080618093D0
:10B76000D1008091D10088608093D1008091D10078
:10B7700080688093D1008091D2118130A9F4209308
:10B78000C8001092CD009093CC008091C9008061D8
:10B790008093C9008091C90088608093C90080911E
:10B7A000C90080688093C9000895BC01990F880B77
:10B7B000990B0E9407650C94516642E00E94236534
:10B7C0000C94516680917612833609F48FEF0895B8
:10B7D0004F925F926F927F928F929F92AF92BF92A1
:10B7E000CF92DF92EF92FF922091D1112230D1F0CF
:10B7F0004B012C01712C612C672B09F59FB7F89434
:10B80000809102018460809302019FBFC301B20155
:10B810000E94006A9FB7F894809102018B7F809309
:10B8200002019FBFFF90EF90DF90CF90BF90AF904D
:10B830009F908F907F906F905F904F900895B12C64
:10B84000A12C60E072E18AE790E0A50194010F94D9
:10B85000E59C69017A0181E0C81AD108E108F10884
:10B8600091E0C114D10481E0E806F10484F068E4B9
:10B8700078EE81E090E0A50194010F94E59C6901C8
:10B880007A0181E0C81AD108E108F10893E0BFB657
:10B89000F8948091A100887F892B8093A100A091CA
:10B8A000AC00B091AD00A70196010F94A197209133
:10B8B000720021FF47C02091A8003091A90050E0FC
:10B8C00040E00F947F973093AD002093AC00D0926E
:10B8D000A900C092A80080917200836080937200DA
:10B8E000BFBEC301B2010E94006AFFB6F894809106
:10B8F000A100887F85608093A1002091AC003091E9
:10B90000AD00AFEFB0E00F94AC972091720021FF33
:10B910001EC02091A8003091A90050E040E00F9493
:10B920007F973093AD002093AC008FEF90E0909321
:10B93000A9008093A800809172008C7F8093720090
:10B94000FFBE68CF2FEF30E040E050E0BACF2FEFDE
:10B9500030E040E050E0E3CF0F931F93CF93DF93AD
:10B96000EC010F94CA948C018036910508F085C0D3
:10B970008091EB11811105C00E94775C81E080937A
:10B98000EB114091CF115091D0118091E00F909127
:10B99000E10F4817590741F42091D6113091D71182
:10B9A000121613060CF469C02091DE0F3091DF0FE0
:10B9B000121613060CF041C09C012F593F4F8417FB
:10B9C0009507E8F544505109401B510B42175307A6
:10B9D0000CF453C05093D0114093CF118091CF11EC
:10B9E0009091D011FC01EE51F04F23E02083BE0175
:10B9F0008B51904F0F94C3948091D6119091D71191
:10BA000001969093D7118093D61182E99DE90E9407
:10BA1000FE6384E69DE90E94FE638091CF119091C0
:10BA2000D0118B51904F0E94D26782E69DE9DF9141
:10BA3000CF911F910F910C9405679C01C0CFC80155
:10BA400004964817590728F044505109401B510BE0
:10BA5000C1CF89EE91E0BC01601B710B8B016217B5
:10BA600073075CF070E060E082EE9FE00F94399D18
:10BA70001093D0110093CF11B1CF8BE89DE90E94B4
:10BA8000FE6384E69DE90E94FE63CE010E94FE6390
:10BA90008BE49DE9CCCFAB01BC0188E196E10E942B
:10BAA0005E70811102C080E0089588E196E10E94F5
:10BAB000E56F8823C1F32091391630913A1623524D
:10BAC000324F309334162093331608958F929F92FD
:10BAD000AF92BF92CF92DF92EF92FF920F931F939C
:10BAE000CF93DF93CDB7DEB7EE970FB6F894DEBFF6
:10BAF0000FBECDBF8091D6138F938091D5138F93B6
:10BB000085E19DE99F938F938E010F5D1F4F1F93DA
:10BB10000F930F9423960F900F900F900F900F900C
:10BB20000F90F12CF80101900020E9F73197E01B0C
:10BB3000F10BFE1684F46801CF0CD11CF7FCDA94EB
:10BB4000F6018081082E000C990B0F941B9DF601C5
:10BB50008083F394E7CF8EE094E10E94F270A12CF1
:10BB6000CE0101967C0186EEC82E89E6D82E809102
:10BB70001114823008F450C080911614909117145B
:10BB8000A0911814B09119148F719927AA27BB2777
:10BB9000892B8A2B8B2B09F03FC050E040E0B70186
:10BBA0008EE094E10E94A6731816B4F5B12CF7014B
:10BBB00001900020E9F73197EE19FF09BE1674F4E1
:10BBC00047018B0C911CB7FC9A94F401808190E0A2
:10BBD0000F941B9DF4018083B394E9CF8A858E373F
:10BBE00031F245E050E0B801C7010F94799D892BEF
:10BBF00009F0BDCF1F930F93DF92CF920E9474681C
:10BC000061E082EE99E60E94DE670F900F900F9040
:10BC10000F90AA24A394ABCF8FEF9FEFAA2029F017
:10BC20008091D5139091D61301969093D61380935B
:10BC3000D513EE960FB6F894DEBF0FBECDBFDF91E1
:10BC4000CF911F910F91FF90EF90DF90CF90BF9019
:10BC5000AF909F908F9008958F929F92AF92BF92D6
:10BC6000CF92DF92EF92FF920F931F93CF93DF93C8
:10BC700000D01F92CDB7DEB7FC018381813011F077
:10BC800080E060C0818181FFFBCF81899289A38997
:10BC9000B489892B8A2B8B2B09F46EC07F0140E07D
:10BCA00050E0BA01CF010E945E70882349F3F7018A
:10BCB000C18CD28C85889688A788B08C82E090E071
:10BCC000A0E0B0E0F60180839183A283B3839E015C
:10BCD0002F5F3F4FB501A401C6010E94A86E8823C3
:10BCE00079F200E010E09801B501A401C6010E94BC
:10BCF000166E882329F289809A80AB80BC80F60179
:10BD00008789803181F5F8EF8F16FFEF9F06A10438
:10BD1000B104E8F2F701158A168A178A108E118A83
:10BD2000128A138A148A818180688183C7010E94E4
:10BD30000C72882309F4A4CF40E050E0BA01C70197
:10BD40000E945E700F900F900F900F90DF91CF9137
:10BD50001F910F91FF90EF90DF90CF90BF90AF9029
:10BD60009F908F90089588EF88168FEF9806A80609
:10BD70008FE0B80678F6ABCF81E0E4CF2F923F9208
:10BD80004F925F926F927F928F929F92AF92BF92EB
:10BD9000CF92DF92EF92FF920F931F93CF93DF9397
:10BDA000CDB7DEB7C657D1090FB6F894DEBF0FBEC8
:10BDB000CDBF4C016B013A01E5962FAFE597502EB0
:10BDC0002DB63EB6102F11708091A2168F5F809312
:10BDD000A216FB0180859185A285B38580939B1374
:10BDE00090939C13A0939D13B0939E13412C5E01DE
:10BDF000F7E6AF0EB11CF6018381823008F4C0C1B2
:10BE000080859185A285B3858F719927AA27BB2745
:10BE1000892B8A2B8B2B09F0B3C110929F134FE90A
:10BE200053E1BE01695B7F4FC6010E94A6731816DD
:10BE30000CF0A6C18091A216873008F0A1C1289607
:10BE40008FAD2897882309F49BC1853E09F439C139
:10BE50008E3209F436C180919F138E3209F431C1BC
:10BE600063968FAD6397982F9A7009F02AC18871F5
:10BE700091E0803119F090E0803131F4E596FFAD2A
:10BE8000E597FF2309F494C09093D413803161F0B7
:10BE900060968FAD6097873409F013C161968FADBE
:10BEA00061978E3709F40DC1E596FFADE597F13046
:10BEB00009F41BC1F23009F425C1BE01695B7F4F53
:10BEC0008AE893E10E94C45CC4010E94D2678AE8B8
:10BED00093E10E94D26780E20E94E563A7966CAD71
:10BEE0007DAD8EAD9FADA7974AE00E94916451FE53
:10BEF00045C0A1962EAD3FADA19730939A132093E4
:10BF000099136F964EAD5FAD6F9750939813409312
:10BF1000971369968EAD9FAD69972817390750F032
:10BF20002817390799F467962EAD3FAD67974217EA
:10BF3000530760F490939A138093991367968EAD8C
:10BF40009FAD6797909398138093971380919A135E
:10BF50008F93809199138F93809198138F938091F1
:10BF600097138F9322EF3CE93F932F930F94CE9535
:10BF70000F900F900F900F900F900F90112399F04A
:10BF800080919F13882309F4BAC08FE993E19F93AE
:10BF90008F93ECEEFCE9FF93EF930F94CE950F9007
:10BFA0000F900F900F900E9451660F94F92489C052
:10BFB0002DB73EB7E7963FAF2EAFE797BE01695B5F
:10BFC0007F4FC5010E94C45CF4018081882309F47D
:10BFD00086C001900020E9F73197E819F909D501E9
:10BFE0000D900020E9F7EA19FB09EA0FFB1F3196D3
:10BFF0002DB73EB72E1B3F0B0FB6F8943EBF0FBEBA
:10C000002DBFEDB7FEB731967F0167EE72E081116B
:10C01000B401C7010F94729DB501C7010F94539DE0
:10C0200067EE72E0C7010F94539D1123A9F0809130
:10C030009F13811157C0C5019F938F93FF92EF9279
:10C0400021E03DE93F932F930F94CE950F900F90F1
:10C050000F900F900F900F901CA21FA221E0A5013E
:10C06000B601CE0184960E94D77583E2FE01B49694
:10C07000DE01119601900D928A95E1F710FB50F8C0
:10C08000052D20E050E040E0BE016F5F7F4FC7010B
:10C090000F94BE5ECE0101960E944A72112321F0D8
:10C0A00088EF9CE90F94F595CE0184960E944A7220
:10C0B000E796EEADFFADE7970FB6F894FEBF0FBE63
:10C0C000EDBFF60180859185A285B38580939B1392
:10C0D00090939C13A0939D13B0939E138CCEE1E09C
:10C0E000F0E07DCF8FE993E1A7CF8091A0169091EA
:10C0F000A11601969093A1168093A016E2CF8AE82C
:10C1000093E145CFBE01695B7F4F8AE893E10E94CE
:10C11000C45CA1962EAD3FADA19730939A132093A6
:10C1200099136F964EAD5FAD6F97509398134093F0
:10C13000971369968EAD9FAD69972817390750F010
:10C140002817390799F467962EAD3FAD67974217C8
:10C15000530760F490939A138093991367968EAD6A
:10C160009FAD679790939813809397136114710410
:10C1700059F16AE873E1C3010F94409D892B59F589
:10C180008091A21681508093A2160FB6F8943EBEFD
:10C190000FBE2DBECA58DF4F0FB6F894DEBF0FBEDC
:10C1A000CDBFDF91CF911F910F91FF90EF90DF9066
:10C1B000CF90BF90AF909F908F907F906F905F9047
:10C1C0004F903F902F9008958091A0169091A116C6
:10C1D00048161906A9F2439474CFCF92DF92EF92DA
:10C1E000FF920F93CF93DF93CDB7DEB7A3970FB630
:10C1F000F894DEBF0FBECDBF81E3C82E84E1D82EF8
:10C2000083E394E1D6018D939C9320EAE22E26E10C
:10C21000F22EF701118210820E94F27000E00E7F70
:10C220000D7FD601ED91FC9183E2DE011196019024
:10C230000D928A95E1F721E050E040E0BE016F5F8A
:10C240007F4F86EE92E00F94BE5ECE0101960E9473
:10C250004A72F70180819181A3960FB6F894DEBFF0
:10C260000FBECDBFDF91CF910F91FF90EF90DF9088
:10C27000CF900895CF92DF92EF92FF920F93CF93DA
:10C28000DF93CDB7DEB7A3970FB6F894DEBF0FBE2E
:10C29000CDBF6C0181E3E82E84E1F82E83E394E1C5
:10C2A000D7018D939C931092A1161092A0160E9414
:10C2B000F27000E00E7F0D7FD701ED91FC9183E2DB
:10C2C000DE01119601900D928A95E1F722E0A60118
:10C2D000BE016F5F7F4F86EE92E00F94BE5ECE018F
:10C2E00001960E944A72A3960FB6F894DEBF0FBE65
:10C2F000CDBFDF91CF910F91FF90EF90DF90CF9066
:10C300000895EF92FF920F93CF93DF93CDB7DEB7EF
:10C31000A3970FB6F894DEBF0FBECDBF21E3E22E88
:10C3200024E1F22E23E334E1D7012D933C931092C4
:10C33000A1161092A016B0E0A0E0AC01BD01E5E0AE
:10C34000440F551F661F771FEA95D1F7C9010E9458
:10C350005E7000E00E7F0D7FD701ED91FC9183E2CE
:10C36000DE01119601900D928A95E1F722E050E0EE
:10C3700040E0BE016F5F7F4F86EE92E00F94BE5E9D
:10C38000CE0101960E944A72A3960FB6F894DEBFC2
:10C390000FBECDBFDF91CF910F91FF90EF90089529
:10C3A000CF93DF938FE20E94E563C0E0D9E08091F4
:10C3B0002815C81760F4CD9FC001112488529C4EE7
:10C3C0000E94D2678FE20E94E563CF5FF0CF809139
:10C3D0009F13811106C08AE893E1DF91CF910C94FD
:10C3E000D2678FE993E1F9CFCF92DF92EF92FF927C
:10C3F0006B017C0188EA9CE00F941497AB01BC01AF
:10C400004C0D5D1D6E1D7F1D88EA9CE0FF90EF9036
:10C41000DF90CF900D946297CF93DF93EC010F9450
:10C4200014976F3F2FEF72078207920749F440E09D
:10C4300050E0BA01CE010F94629760E070E0CB014A
:10C44000DF91CF9108950F931F93CF93DF930F94B4
:10C450006756882339F12091331630913416E9015B
:10C460001BEF88818B3351F5FE0161916A30E9F74A
:10C47000EF01CF018D5D9D4081309240E4F0CE010F
:10C48000821B930B01970F943B5288E196E10E9427
:10C49000E56F882339F00F9467562DED3DE0E901F3
:10C4A0008111E2CF8DED9FE0909334168093331687
:10C4B000CFEFDFEF34C01150C1F52197CE01821BC1
:10C4C000930B01960F943B52CE010196C881D0E0A8
:10C4D00000912016109121162091221630912316DA
:10C4E0004091291650912A1660912B1670912C16A6
:10C4F0000417150726073707A8F69C012D5D3D4058
:10C500002115324044F088E196E10E94E56F8823CE
:10C5100049F28DED9DE09093341680933316CE0151
:10C52000DF91CF911F910F91089588818B3309F48A
:10C5300098CFC3CF2F923F924F925F926F927F928C
:10C540008F929F92AF92BF92CF92DF92EF92FF9223
:10C550000F931F93CF93DF93CDB7DEB7ED970FB651
:10C56000F894DEBF0FBECDBF10922A151092291588
:10C570001092F4151092F3158091030180FDF7C01D
:10C5800089E09FE00F940C97382E82E0809364023C
:10C590000F94ED606C01009709F4E6C085369105B3
:10C5A00080F032E0331651F08091D00D811106C039
:10C5B00080EE90E60E9463820F94C44DF4E6CF2E85
:10C5C000D12CD0922A15C09229156BE2662E65E116
:10C5D000762EF12CE12C73E3A72E74E1B72E88247C
:10C5E0008394912C8091030180FDC1C00F94F924A4
:10C5F000E114F10409F0D4C090E080E00F943A61B6
:10C6000080919B1390919C13A0919D13B0919E13C8
:10C6100055E0B695A795979587955A95D1F7F3016B
:10C62000819391933F01FFEFEF1AFF0ACE14DF04CD
:10C63000C9F621E0E216F10409F496C032E033169F
:10C6400009F492C02091D00D21118EC09093F41561
:10C650008093F31580ED90E60E946382EE9C90013A
:10C66000EF9C300D300D1124BC01C90196958795C2
:10C670000F94BF203DE2A32E35E1B32E912C812CE7
:10C68000CC24C394D12CC4010F9490208C0C9D1CFD
:10C69000F5010190F081E02DF9AFE8AFCF010F94E3
:10C6A000816180919F136AE873E1882311F06FE93B
:10C6B00073E1CE0101960F94729D60909913709072
:10C6C0009A1320919713309198133BAF2AAF209083
:10C6D000D413BFAAAEAA86018091030180FD47C092
:10C6E0000F94F924C80101979DAF8CAFEEA9FFA963
:10C6F00052904290FFABEEABC2010F9481618091EA
:10C700009F136AE873E1882311F06FE973E1311038
:10C710008AC08091D413281283C08091991390917C
:10C720009A136816790609F06CC08091971390915E
:10C7300098132AAD3BAD8217930708F066C0000F2F
:10C74000111FF801E55DFA4E28AD39AD3183208324
:10C750003FEFC31AD30A82E0A80EB11CEC14FD040B
:10C7600009F091CF0F94B12081E080936402ED969F
:10C770000FB6F894DEBF0FBECDBFDF91CF911F91F2
:10C780000F91FF90EF90DF90CF90BF90AF909F9070
:10C790008F907F906F905F904F903F902F90089573
:10C7A00040919B1350919C1360919D1370919E1327
:10C7B000B0923214A09231149092A1168092A016D9
:10C7C00083E394E10E945E701E7F1D7FE09131142F
:10C7D000F091321483E2DE01119601900D928A9558
:10C7E000E1F7012F22E050E040E0BE016F5F7F4F94
:10C7F00086EE92E00F94BE5ECE0101960E944A72D0
:10C80000FFCE8615970508F49ACFEEA9FFA95382AB
:10C8100042820CAD1DAD0115110509F05DCF8FCF22
:10C82000222099F38CCF31E03312EFCF8091D413D3
:10C83000281207C0CE0101960F94409D97FDE5CFC9
:10C840007ECF2110E2CF7BCFCF92DF92EF92FF928B
:10C850000F931F93CF93DF93CDB7DEB7A3970FB698
:10C86000F894DEBF0FBECDBF7C01062F19821C825B
:10C870008091361493E3C92E94E1D92E811104C01E
:10C880008EE0C82E84E1D82E21E0A701B601CE01AA
:10C8900001960E94D775182F882321F180912815C1
:10C8A000853000F529E0829FC0011124B70188522C
:10C8B0009C4E0F94729DC7010F94969D80912815F0
:10C8C000863080F183E2FE013196A3E3B4E101906A
:10C8D0000D928A95E1F7002309F44CC00F949A62F7
:10C8E000102F0CC082E99DE90E94FE638CEC99E652
:10C8F0000E94FE63C7010E94996810E0CE01019674
:10C900000E944A72812FA3960FB6F894DEBF0FBE25
:10C91000CDBFDF91CF911F910F91FF90EF90DF90EE
:10C92000CF9008958F5F8093281593E28150C8F0CF
:10C93000282F30E0A9014F5F5F4F949FD001959F52
:10C94000B00D1124AA5ABB4E929FF001939FF00D97
:10C950001124EA5AFB4E292F01900D922A95E1F7F6
:10C96000E5CF83E2F601A6E5B4E101900D928A9548
:10C97000E1F7A8CF81E08093D713C0CF8F929F9229
:10C98000AF92BF92CF92DF92EF92FF920F931F93DD
:10C99000CF93DF93CDB7DEB72D970FB6F894DEBFF8
:10C9A0000FBECDBF2EE034E130933214209331140A
:10C9B000DC01ED91FC913097A1F481E02D960FB64A
:10C9C000F894DEBF0FBECDBFDF91CF911F910F91C5
:10C9D000FF90EF90DF90CF90BF90AF909F908F909F
:10C9E000089520812F3209F058C06C0183E2EEE0F7
:10C9F000F4E1A3E3B4E101900D928A95E1F710927E
:10CA0000281583E394E1909332148093311481E0EC
:10CA10008093D713F601008111810F5F1F4F93E3BD
:10CA2000892E94E1992ED8018C91882331F26FE2FE
:10CA300070E0C8010F945E9D5C01009751F10817EA
:10CA4000190738F57C01E01AF10ABDE0EB16F10494
:10CA500018F08CE0E82EF12CA701B801CE01019668
:10CA60000F94879DE1E0F0E0EC0FFD1FEE0DFF1D40
:10CA7000108260E0CE0101960F942464882309F4AB
:10CA80009DCF909232148092311485010F5F1F4F19
:10CA9000CACFF6011183008390CF83E394E1909392
:10CAA00032148093311489CFBF92CF92DF92EF92EC
:10CAB000FF920F931F93CF93DF931F921F92CDB7D7
:10CAC000DEB720918913222309F4EFC07C01809105
:10CAD0001B16882309F404C16111F6C0D0903B16DF
:10CAE000DD2021F087EB9CE90E94AB6782E99DE99C
:10CAF0000E94FE638EE99CE90E94FE63C7010E94CA
:10CB0000D26783E99CE90E94FE6300913B1625E50C
:10CB1000029F80011124005C194E8FE2F80181937D
:10CB20008F01CC24C39483E2B82E80912815D816A7
:10CB3000B0F4DB9CC0011124B8018A5A9B4E0E94BC
:10CB40005072C8018C010196F8012081222329F03E
:10CB5000F4E5FC1510F0C394F5CFD394E6CF27E4A9
:10CB60002C1508F4AEC0B80188E196E10E9450721D
:10CB700080913B16F5E58F9FC0011124805C994E92
:10CB80000E94D2678DE89CE90E94FE6360919C162A
:10CB900070919D1680919E1690919F164AE00E947A
:10CBA00091640E94516680913B1624E0829FF001BF
:10CBB0001124E45CF94E40919C1650919D166091B1
:10CBC0009E1670919F1640835183628373838F5F9B
:10CBD00080933B1688E196E10E944172109288137F
:10CBE000FA82E982CE0101960F94BE64882309F48B
:10CBF0005CC049815A81609131147091321421E0F6
:10CC000088E196E10E94D775882309F477C088E10E
:10CC100096E10E94E56F882309F470C0809139166F
:10CC200090913A168352924F909334168093331614
:10CC300089819A810F943A618091291690912A16E0
:10CC4000A0912B16B0912C16809395169093961662
:10CC5000A0939716B09398168DE59CE90E94FE6309
:10CC60000F94D06185E59CE90E94FE636091951662
:10CC70007091961680919716909198164AE00E94AE
:10CC800091640E94516610929C1610929D1610920B
:10CC90009E1610929F1687E49CE90E94056787E420
:10CCA0009CE90E9494E81092D10D0F900F90DF91B3
:10CCB000CF911F910F91FF90EF90DF90CF90BF9099
:10CCC0000895F801108254CF82E99DE90E94FE6325
:10CCD0008CE79CE90E94FE63C7010E9499687ACFA5
:10CCE00010923B1682E99DE90E94FE638BE69CE967
:10CCF0000E94FE63C7010E94996870CF88EB99E695
:10CD00000E94FE6389819A810E94D2678EE20E940E
:10CD1000E5630E945166C9CF0F94AF0B88E196E19D
:10CD20000E94417280913B16882351F1815080937B
:10CD30003B1625E5829FC001112461E0805C994E7D
:10CD40000F945465E0913B1684E0E89FF0011124B4
:10CD5000E45CF94E608171818281938160939C16BD
:10CD600070939D1680939E1690939F160F944B5D23
:10CD700080918913882341F081E08093881308957E
:10CD8000109288130C945A670895CF92DF92EF9215
:10CD9000FF920F931F93CF93DF93082F1092891365
:10CDA00080911114882321F08EE094E10E94417259
:10CDB0001092F8151092F5150E94336AEB010F944A
:10CDC000C957209A2398229A219A209A289A85E076
:10CDD0008093F61582E58CBD1DBC1AE08FEF0E9492
:10CDE000755D1150D9F72B9A20E030E0A90160E081
:10CDF00085EF95E10E94815D8093F715813061F0A8
:10CE00000E94336A6C1B7D0B613D774068F32B9861
:10CE100081E08093F51522C02B980E94336AEB01C4
:10CE20008AE39CE90E9405678FEF0E94755D0E946E
:10CE30007A5D8093F7158F3FC9F18FEF0E94755D82
:10CE40000E94336A6C1B7D0B6232710580F382E0B5
:10CE50008093F51589E29CE90E9405670F94C957F4
:10CE600082E99DE90E94FE638BEA99E60E940567CC
:10CE700083E2EEE0F4E1A3E3B4E101900D928A9540
:10CE8000E1F78EE094E19093321480933114109284
:10CE90002815002309F499C0DF91CF911F910F91BC
:10CEA000FF90EF90DF90CF900D949A622AEA31E0E4
:10CEB00040E050E068E085EF95E10E94815D82FFEF
:10CEC0002BC081E08093F8158091F815C12CD12CEE
:10CED0007601823029F4C12CD12CE12C80E4F82E8B
:10CEE00020E030E0A90167E385EF95E10E94815DD4
:10CEF000A701960169E285EF95E10E94815D80932B
:10CF0000F7158823B1F00E94336A6C1B7D0B613DDD
:10CF1000774030F38AE07DCF14E00E947A5D809301
:10CF2000F7151150D1F78A3A11F082E072CF82E002
:10CF3000C9CF8091F8158230D1F420E030E0A9010A
:10CF40006AE385EF95E10E94815D882311F088E016
:10CF500060CF0E947A5D807C803C19F483E08093EE
:10CF6000F8150E947A5D0E947A5D0E947A5D0F94A6
:10CF7000C9571092F61581E00F94165581110CC017
:10CF800080E00F941655811107C08BE89DE90E943F
:10CF9000FE6388E999E66ACF6AEF75E18EE094E175
:10CFA0000E94956F811107C08BE89DE90E94FE6386
:10CFB00088E899E65BCF81E08093891382E99DE957
:10CFC0000E94FE638DE799E651CFDF91CF911F91CB
:10CFD0000F91FF90EF90DF90CF9008954F925F9266
:10CFE0006F927F928F929F92AF92BF92CF92DF9279
:10CFF000EF92FF924B015C016091F6117091F71175
:10D00000072E000C880B990B0F949A9120E030E0CA
:10D01000A9010F94B1988823D1F01092CF0DCC24A0
:10D02000CA94DC2C760198EE492E93E0592E612C9F
:10D03000712C8091CF0D81110AC02FEFC216D2063C
:10D04000E206F20689F48091CE0D8230B9F4FF90A9
:10D05000EF90DF90CF90BF90AF909F908F907F9098
:10D060006F905F904F900895F7FCF1CF0E94336A64
:10D070006C197D09683B7B4030F3E9CF0E94336A2D
:10D08000681979098A099B09693E734081059105F0
:10D0900008F442C08091D00D81113AC086E29CE92B
:10D0A0000E94FE636091CA0D7091CB0D8091CC0DF2
:10D0B0009091CD0D41E00E94236582E29CE90E949F
:10D0C000FE6360E070E0CB010E9407658EE19CE9A1
:10D0D0000E94FE63F7FC52C00E94336A460157016A
:10D0E00058EB850E5BE0951EA11CB11CA5019401B7
:10D0F000261B370B480B590BCA01B901A30192013A
:10D100000F947F97CA01B9010E9407650E9451667A
:10D110000E94336A4B015C0190E080E00E946884C9
:10D120003FEFC316D306E306F30609F046C080912D
:10D13000C90D6091F6117091F711882319F1072E2E
:10D14000000C880B990B0F949A9120E030E040E896
:10D150005FE30F94BB979B01AC016091CA0D709186
:10D16000CB0D8091CC0D9091CD0D0F94459A87FDFC
:10D1700060CF0E94336A6B017C015BCF8FE30E941A
:10D18000E563C4CF072E000C880B990B0F949A917E
:10D1900020E030E040E85FE30F94BC979B01AC01D6
:10D1A0006091CA0D7091CB0D8091CC0D9091CD0DF9
:10D1B0000F94B1981816ECF63CCFF7FC3ACF60917B
:10D1C000F6117091F711072E000C880B990B0F9434
:10D1D0009A919B01AC016091CA0D7091CB0D809129
:10D1E000CC0D9091CD0D0F94BB979F7720E030E050
:10D1F00040EA50E40F94459A18160CF01ACFB9CFB4
:10D200001F93CF93DF93EC01162F8091621283302E
:10D2100009F44EC08C3109F452C08091871290916C
:10D2200088128C179D0779F1D0938812C0938712CA
:10D2300010938912CE010F949F1AE82FF0E0EE0FA1
:10D24000FF1FEE5AF4468591949102960F948F1A1F
:10D25000C130D105C1F0CC3080E8D807A1F0C93287
:10D2600080E8D80781F00F94EC19CE0188279E77CB
:10D27000892B49F080919512909196120196909386
:10D28000961280939512809174128823D9F011E040
:10D290001093C80DCE010F94F01B8F3F99F010939F
:10D2A00075128FE39BE9DF91CF911F910C94056775
:10D2B000109292120F94A1191092C60DAECF109237
:10D2C0009112F8CF109275128091C70D811106C08E
:10D2D000CE01DF91CF911F910D94E450DF91CF915A
:10D2E0001F9108959FB7F89480E1E0ECF6E0A0ED7F
:10D2F000B6E001900D928A95E1F79FBF089589E00D
:10D300008093E106ECE7FAE9859194910E946382AB
:10D310000C9494E81F93CF93DF93EC01162F0F9496
:10D32000AF0BFE0134962591359145915491FE0144
:10D3300065917591859194910F94B04B28961150F9
:10D3400081F70F94AF0BDF91CF911F910D948D1A40
:10D350000E943C60811104C085E699E60E9494E831
:10D360001092E106089580918F12823011F081E0D1
:10D37000089580E008952F923F924F925F926F92AE
:10D380007F928F929F92AF92BF92CF92DF92EF9255
:10D39000FF920F931F93CF93DF9300D000D000D064
:10D3A0001F921F92CDB7DEB78B83209163022D832E
:10D3B00081E0809363029B81923009F45BC1A92FC5
:10D3C000B0E0BA83A983FD01E25AF64624912C838A
:10D3D0008D01000F111F000F111FF801E753FD4FC2
:10D3E0004080518062807380409265025092660254
:10D3F0006092670270926802C301B2010E94995F55
:10D400004B015C01C80186509E4E1C01DC011D923F
:10D410001D921D921C9213970F944D170E949E60AF
:10D42000BC816B2FBB0F770B880B990B0F949A91D4
:10D430006B017C01F801E455F94FFB87EA8720E096
:10D4400030E040E450EC0F94D991AA85BB856D93F0
:10D450007D938D939C931397C501B4010F94574905
:10D460000F94AF0B0F941B1610926302F101108200
:10D470001182128213820F944D17AA85BB85CD921B
:10D48000DD92ED92FC921397C501B4010F945749B8
:10D490000F94AF0BB1E0B0936302F801EE5AF64679
:10D4A00085919591A591B4918E839F83A887B98723
:10D4B0002DEC3CEC4CE85FE3C701B6010F94D99129
:10D4C0002E813F81488559850F94D991AA85BB85C6
:10D4D0006D937D938D939C931397C501B4010F9425
:10D4E00057490F94AF0B0F941B1610926302F10172
:10D4F00010821182128213820F944D1720E030E0C7
:10D5000040E251ECC701B6010F94D991AA85BB85C1
:10D510006D937D938D939C931397C501B4010F94E4
:10D5200057490F94AF0B0F941B16B1E0B0936302F1
:10D5300020E030E040E351E4C701B6010F94D991F7
:10D54000EA85FB85608371838283938320E030E0EA
:10D5500040E05FE3C301B2010F94D991609365028B
:10D560007093660280936702909368020E94995FAD
:10D570006B017C010F9457490F94AF0B0F941B164E
:10D58000109263028B810E94A05FE981FA81E454CA
:10D59000F94F21E020838C81992781950CF4909597
:10D5A000BC01072E000C880B990B0F949A912AE06E
:10D5B00037ED43E25CE30F94D99120E030E040E89E
:10D5C00052E40F94D9914B015C01AC019B01D10154
:10D5D0006D917D918D919C910F94BB97F10160832A
:10D5E0007183828393830F944D17D1012D913D91C7
:10D5F0004D915C91C501B4010F94BC97F10160831A
:10D60000718382839383AA85BB856D937D938D936C
:10D610009C93139720E030E040E05FE3C701B60140
:10D620000F94D9910F9457490F94AF0B1092650244
:10D630001092660210926702109268022D81209368
:10D6400063022B960FB6F894DEBF0FBECDBFDF91FD
:10D65000CF911F910F91FF90EF90DF90CF90BF90EF
:10D66000AF909F908F907F906F905F904F903F9082
:10D670002F900895E0E6F9E9B491B983109202126F
:10D680001092031210920412109205120F944D176B
:10D69000EAE5F9E985909590A590B490E9816E2F1F
:10D6A000EE0F770B880B990B0F949A916B017C010D
:10D6B00020E030E040EC5FE3C501B4010F94D99164
:10D6C000A70196010F94D9916093B4067093B506A3
:10D6D0008093B6069093B70680E090E0A8E4B4E4A7
:10D6E0008093650290936602A0936702B0936802EC
:10D6F000BC01CD010E94995F4B015C010F94574919
:10D700000F94AF0B10920212109203121092041297
:10D71000109205120F944D170EE419E9F801659166
:10D720007591859194919058A70196010F94D99184
:10D730006093B4067093B5068093B6069093B706CF
:10D74000C501B4010F9457490F94AF0BF8016591CF
:10D750007591859194919B01AC010F94BC97A701A1
:10D7600096010F94D9916093B4067093B506809397
:10D77000B6069093B70680E090E0A8ECB3E48093FF
:10D78000650290936602A0936702B0936802BC01A1
:10D79000CD010E94995F0F9457490F94AF0B82E01F
:10D7A0000E94A05F8091021290910312A091041236
:10D7B000B09105128093B4069093B506A093B60677
:10D7C000B093B7061092650210926602109267023B
:10D7D000109268020F941B16F1E0F093BE062ECF54
:10D7E0002F923F924F925F926F927F928F929F9271
:10D7F000AF92BF92CF92DF92EF92FF920F931F935F
:10D80000CF93DF93CDB7DEB72C970FB6F894DEBF7A
:10D810000FBECDBF27E932E13A83298338872F83B2
:10D82000EF81F88581859285A385B485818F928F5C
:10D83000A38FB48F85819681A781B08585879687D0
:10D84000A787B08B01E010E00330110509F48EC00A
:10D85000B801012E000C880B990B0F949A9120E0CF
:10D8600030E048E052E40F94D99120E030E040EC01
:10D8700051E40F94BC976B017C0120E030E04CEF49
:10D8800052E40F94BB972B013C0120E030E044E6CA
:10D8900053E4C701B6010F94BB974B015C0120E034
:10D8A00030E040EC51E4C701B6010F94BB976B0127
:10D8B0007C011801220C331C220C331C2F8138856B
:10D8C000220E331EF9012181328143815481C3012B
:10D8D000B2010F94D991A50194010F94D99120E040
:10D8E00030E942EA56E40F94BB986B837C838D83C6
:10D8F0009E83EF81F8852585368547855089C70148
:10D90000B6010F94D991A50194010F94D99120E00B
:10D9100030E942E256EC0F94BB989B01AC016B815D
:10D920007C818D819E810F94BC974B015C01EF81BE
:10D93000F885218D328D438D548DC701B6010F942A
:10D94000D991A30192010F94D99120E030E942EAE4
:10D9500056E40F94BB989B01AC01C501B4010F9430
:10D96000BC97F10161837283838394830F5F1F4FA0
:10D970000630110509F068CF2F813885245E3F4FAE
:10D9800038872F832B5E324109F04ACF0CEE12E12B
:10D9900080E4282E83E1382EE981FA8181AD92ADB1
:10D9A000A3ADB4ADF10180839183A283B383E981F8
:10D9B000FA81858D968DA78DB0A1F8018083918322
:10D9C000A283B38329813A813C832B8381E090E059
:10D9D0009C878B87EB85FC85E330F10509F484C0D7
:10D9E000BF01FF0F880B990B0F949A9120E030E054
:10D9F00048E052E40F94D99120E030E040EC50E44C
:10DA00000F94BC976B017C0120E030E048ED52E4BC
:10DA10000F94BB972B013C0120E030E042E553E43A
:10DA2000C701B6010F94BB974B015C0120E030E0C9
:10DA300040EC50E4C701B6010F94BB976B017C0129
:10DA4000E981FA812181328143815481C301B2018C
:10DA50000F94D991A50194010F94D99120E030E958
:10DA600042EA56E40F94BB986F83788789879A8738
:10DA7000F8012081318142815381C701B6010F94A1
:10DA8000D991A50194010F94D99120E030E942E2A7
:10DA900056EC0F94BB989B01AC016F81788589850A
:10DAA0009A850F94BC974B015C01F1012081318173
:10DAB00042815381C701B6010F94D991A30192010C
:10DAC0000F94D99120E030E942EA56E40F94BB98D4
:10DAD0009B01AC01C501B4010F94BC97EB81FC81A3
:10DAE000658F768F878F90A32B853C852F5F3F4F67
:10DAF0003C872B878B819C814C969C838B83263023
:10DB0000310509F067CFE981FA813496FA83E98318
:10DB10000C5F1F4FF4E02F0E311C29813A81235BEB
:10DB2000324109F039CF2C960FB6F894DEBF0FBE04
:10DB3000CDBFDF91CF911F910F91FF90EF90DF90BC
:10DB4000CF90BF90AF909F908F907F906F905F909D
:10DB50004F903F902F9008956091021270910312A0
:10DB600080910412909105126093A4067093A5060B
:10DB70008093A6069093A7062091D7053091D805EB
:10DB80004091D9055091DA050F94D9910F94F99AE3
:10DB90006093C8067093C9068093CA069093CB061B
:10DBA0000D9472692F923F924F925F926F927F9283
:10DBB0008F929F92AF92BF92CF92DF92EF92FF929D
:10DBC0000F931F93CF93DF9300D0CDB7DEB74B01F8
:10DBD0005C01042F81E08093CA05209163022983B0
:10DBE0008093630280E00F94FF15182F0F940D1699
:10DBF0008092021290920312A0920412B092051227
:10DC000065E575E585E591E40F946D4B0F94C91CAE
:10DC10000F940D168B83882309F4EBC01A82C12C54
:10DC2000D12C7601312C8A81801708F0A4C0609134
:10DC3000021270910312809104129091051220E05B
:10DC400030E040E05FE3311004C02DEC3CEC4CE4EC
:10DC50005EE30F94BC972B013C014092021250925C
:10DC60000312609204127092051265E575E585E570
:10DC700091E40F946D4B8092021290920312A09245
:10DC80000412B092051265E575E585E590E40F9400
:10DC90006D4B0F94C91CA301920160910212709107
:10DCA000031280910412909105120F94BB979F77F5
:10DCB0002DEC3CEC4CEC5CE30F94B19887FF16C064
:10DCC00060E070E080E09FE30E94B5628092021203
:10DCD00090920312A0920412B092051265E575E5C8
:10DCE00085E590E40F946D4B0F94C91C0F940D16AD
:10DCF000282E882309F47DC0409002125090031210
:10DD000060900412709005129A819923D9F0692FBE
:10DD100070E090E080E00F949A919B01AC01C70104
:10DD2000B6010F94BB989B01AC01C301B2010F94E3
:10DD3000BB979F772DEC3CEC4CE45DE30F94459A48
:10DD4000181664F0A3019201C701B6010F94BC97A5
:10DD50006B017C018A818F5F8A8365CF311049C056
:10DD600084EF91E00E946884322C2FEF2A83C12C2B
:10DD7000D12C7601EFCF023038F5C0920212D0924A
:10DD80000312E0920412F0920512998190936302BB
:10DD9000812F0F94FF151092CA058B810F900F9061
:10DDA0000F90DF91CF911F910F91FF90EF90DF9037
:10DDB000CF90BF90AF909F908F907F906F905F902B
:10DDC0004F903F902F900895602F70E090E080E09A
:10DDD0000F9498919B01AC01C701B6010F94BB98B9
:10DDE00060930212709303128093041290930512B1
:10DDF000CCCF298120936302812F0F94FF151092BD
:10DE0000CA051B82CACF2F923F924F925F926F92A8
:10DE10007F928F929F92AF92BF92CF92DF92EF92BA
:10DE2000FF920F931F93CF93DF93CDB7DEB7CD5BF8
:10DE3000D1400FB6F894DEBF0FBECDBFC357DE4F43
:10DE400099838883CD58D140C157DE4F7983688349
:10DE5000CF58D140CE56DE4F59834883C259D14066
:10DE600084E1CF56DE4F8883C159D140CE56DE4F74
:10DE7000A881B981C259D1408D919D910D90BC91DD
:10DE8000A02DC656DE4F88839983AA83BB83CA59C7
:10DE9000D140C157DE4FA881B981CF58D1408D9173
:10DEA0009D910D90BC91A02DCA54DE4F888399831B
:10DEB000AA83BB83C65BD140C357DE4FA881B9811B
:10DEC000CD58D1408D919D910D90BC91A02DC654FF
:10DED000DE4F88839983AA83BB83CA5BD140FE014E
:10DEE000E75FFE4FC855DE4FF983E883C85AD1403B
:10DEF000CE018B579F4FCA55DE4F99838883C65AF0
:10DF0000D140DE011196C856DE4FB983A883C859A7
:10DF1000D140312C212CB101032C000C880B990B22
:10DF20000F949A912AE138EF42E45EE30F94D9917D
:10DF30006B017C010F947C9BC256DE4F6883798312
:10DF40008A839B83CE59D140C701B6010F94B698FE
:10DF5000CE55DE4F688379838A839B83C25AD14032
:10DF60009B01AC01C656DE4F688179818A819B8115
:10DF7000CA59D1400F94D991C654DE4F28813981B6
:10DF80004A815B81CA5BD1400F94BC976B017C01D5
:10DF900020E030E0A9010F94B19818160CF07AC275
:10DFA000C256DE4F288139814A815B81CE59D140EA
:10DFB000C656DE4F688179818A819B81CA59D140DA
:10DFC0000F94D991CA54DE4F288139814A815B81EF
:10DFD000C65BD1400F94BC974B015C0120E030E060
:10DFE000A9010F94B19818160CF054C220E030E04B
:10DFF00048EF51E4C701B6010F94459A87FF4AC222
:10E0000020E030E048EF51E4C501B4010F94459A97
:10E0100087FF40C2C701B6010F9463999B01AC0111
:10E02000C701B6010F94BB972B013C01C501B40198
:10E030000F9463999B01AC01C501B4010F94BB9788
:10E04000CC56DE4F688379838A839B83C459D14041
:10E05000A301920160E070E080E89FE30F94BB971A
:10E06000C255DE4F688379838A839B83CE5AD14021
:10E07000CC56DE4F288139814A815B81C459D14019
:10E0800060E070E080E89FE30F94BB97CE54DE4FD2
:10E09000688379838A839B83C25BD140C701B601C1
:10E0A0000F9434996B01FB013196C655DE4FF9830D
:10E0B000E883CA5AD140C501B4010F9434998B0149
:10E0C00095E0000F111F9A95E1F7C8018096C4559D
:10E0D000DE4F99838883CC5AD140F801EC0DFD1DA9
:10E0E000EE51F94F608170E090E080E00F949A91DA
:10E0F0004B015C01CE54DE4F288139814A815B811E
:10E10000C25BD140C255DE4F688179818A819B8193
:10E11000CE5AD1400F94D9919B01AC01C501B401F5
:10E120000F94D9914B015C01C455DE4FE881F98110
:10E13000CC5AD140EC0DFD1DEE51F94F608170E0DD
:10E1400090E080E00F949A916B017C01C255DE4F04
:10E15000288139814A815B81CE5AD140CC56DE4F2D
:10E16000688179818A819B81C459D1400F94D9916A
:10E170009B01AC01C701B6010F94D9919B01AC0181
:10E18000C501B4010F94BC976B017C01C655DE4FED
:10E19000A881B981CA5AD1400A0F1B1FF801EE515C
:10E1A000F94F608170E090E080E00F949A914B010C
:10E1B0005C01CE54DE4F288139814A815B81C25B8C
:10E1C000D140C301B2010F94D9919B01AC01C501AB
:10E1D000B4010F94D9919B01AC01C701B6010F9412
:10E1E000BC976B017C01C655DE4FE881F981CA5AA4
:10E1F000D140C455DE4F88819981CC5AD140E80F77
:10E20000F91FEE51F94F608170E090E080E00F94CB
:10E210009A914B015C01CC56DE4F288139814A81AD
:10E220005B81C459D140C301B2010F94D9919B01C4
:10E23000AC01C501B4010F94D9919B01AC01C70198
:10E24000B6010F94BC9720E030E040E052E40F9418
:10E25000BB976B017C01AC019B01CE55DE4F688101
:10E2600079818A819B81C25AD1400F94D991C85536
:10E27000DE4FA881B981C85AD1406D937D938D93AB
:10E280009D93C855DE4FB983A883C85AD140A701D2
:10E290009601C256DE4F688179818A819B81CE5971
:10E2A000D1400F94D991CA55DE4FE881F981C65A01
:10E2B000D1406193719381939193CA55DE4FF98355
:10E2C000E883C65AD140C856DE4FA881B981C859E3
:10E2D000D140CD92DD92ED92FD92C856DE4FB983CA
:10E2E000A883C859D140BFEF2B1A3B0AE1E22E1692
:10E2F000310409F010CE40E050E060E07DE3CE0153
:10E30000875F9E4F0F944A529B01AC01C357DE4F6B
:10E31000A881B981CD58D1406D917D918D919C910D
:10E320000F94BC97C357DE4FE881F981CD58D14097
:10E33000608371838283938340E050E060E07DE3FB
:10E34000CE018B579F4F0F944A529B01AC01C1578E
:10E35000DE4FA881B981CF58D1406D917D918D91CB
:10E360009C910F94BC97C157DE4FE881F981CF583B
:10E37000D140608371838283938340E050E060E802
:10E380007CE3CE0101960F944A52CE56DE4FA8810F
:10E39000B981C259D1402D913D914D915C910F941D
:10E3A000BC97162F072FF82EE92E20E030E040E032
:10E3B00050E40F94B19818162CF010E000E0F12C06
:10E3C00080E4E82EA8019701852F902FA32FBE2D62
:10E3D000CE56DE4FE881F981C259D14080839183C6
:10E3E000A283B383CF56DE4FF881C159D140F1509B
:10E3F000CF56DE4FF883C159D140F11137CDEF929E
:10E40000FF920F931F93C157DE4FA881B981CF5858
:10E41000D14013968C9113978F9312968C911297EB
:10E420008F9311968C9111978F938C918F93C357E3
:10E43000DE4FE881F981CD58D14083818F9382816D
:10E440008F9381818F9380818F938AE299E99F9343
:10E450008F930F94CE950FB6F894DEBF0FBECDBF4D
:10E46000C354DE4F0FB6F894DEBF0FBECDBFDF91B1
:10E47000CF911F910F91FF90EF90DF90CF90BF90C1
:10E48000AF909F908F907F906F905F904F903F9054
:10E490002F90089560E070E0CB01D5CE2F923F928F
:10E4A0004F925F926F927F928F929F92AF92BF92A4
:10E4B000CF92DF92EF92FF920F931F93CF93DF9350
:10E4C00000D01F921F92CDB7DEB72B011A01F12C9D
:10E4D000E12C1C821D8210E050E066246394712CB4
:10E4E00070E060E097012E51394F3A832983862EE0
:10E4F000C980DA80C60ED71EFC0100E040E030E0A3
:10E5000020E0AEEFA40FAB83442319F04B3009F0A9
:10E510007DC0AEEFA20FA83008F47AC02F5F3F4F46
:10E520002C30310589F74F5F20E2C20ED11C3296A4
:10E530004C3029F73C81301718F40C835D83182D7B
:10E540006F5F7F4F6431710591F65F5FA0E2EA0E65
:10E55000F11C543129F6EC816E2F70E090E080E0E0
:10E560000F949A9123EC35EF48EA5FE30F94BB9840
:10E570009F938F937F936F93FD816F2F70E090E057
:10E5800080E00F949A9120E030E040EB50E40F944B
:10E59000BC979F938F937F936F93612F70E090E070
:10E5A00080E00F949A9120E030E040EB50E40F942B
:10E5B000BC979F938F937F936F9386E099E99F9386
:10E5C0008F930F94CE95F20110832D81F10120835A
:10E5D0000FB6F894DEBF0FBECDBF8C810F900F90A9
:10E5E0000F900F900F90DF91CF911F910F91FF909F
:10E5F000EF90DF90CF90BF90AF909F908F907F90E3
:10E600006F905F904F903F902F900895222311F0CC
:10E610002B3021F4AB81A83008F080CF992493945B
:10E62000D601A20FB31FAC91A13108F4912CA080A8
:10E63000B180D301022E02C0AA0FBB1F0A94E2F7D9
:10E64000AA21BB21BB24B394AB2B09F4B12C9B10A2
:10E6500065CF0F5F63CF2F923F924F925F926F9281
:10E660007F928F929F92AF92BF92CF92DF92EF9262
:10E67000FF920F931F93CF93DF93CDB7DEB7CA55A9
:10E68000D1090FB6F894DEBF0FBECDBF63969FAF22
:10E690008EAF63978B016A017E0125E4E20EF11CC7
:10E6A00080E197E2F7019183808385EF98E99F935A
:10E6B0008F930F94CE9522EE36E061963FAF2EAF4A
:10E6C0006197C801805E93402B969FAF8EAF2B97CA
:10E6D0000F900F90E0E4F0E02996FFAFEEAF29979E
:10E6E00063962EAD3FAD6397205E334069963FAF92
:10E6F0002EAF699729964EAC5FAC2997312C639663
:10E700008EAD9FAD639780529C4F6B969FAF8EAF3F
:10E710006B976090D8067090D9068090DA0690903A
:10E72000DB066B96AEACBFAC6B97311004C069963C
:10E73000AEACBFAC69978091D0069091D106A09104
:10E74000D206B091D306F501E81BF90BCF0171F0A9
:10E75000AF01F7FF04C0442755274E1B5F0B692FFD
:10E76000661F6627661F81E00F9494578091D40638
:10E770009091D506A091D606B091D7062B964EADB6
:10E780005FAD2B97481B590B57FDB2C060E0411598
:10E79000510509F0AEC08091D8069091D906A0919C
:10E7A000DA06B091DB06681A790A77FCABC060E044
:10E7B0006114710409F0A7C04091D8065091D906A0
:10E7C0006091DA067091DB0600E028EC30E02B96D1
:10E7D0006EAD7FAD2B97C5010E9446CE632D80E0C4
:10E7E0000E942E815F924F9281EF98E99F938F93C1
:10E7F0000F94CE9563E084E00E9407595F924F9298
:10E8000082EE98E99F938F930E94BD580FB6F894BB
:10E81000DEBF0FBECDBF21E030E0311002C02FEFD0
:10E820003FEF40EC4203C001439F900D11246796D7
:10E830009FAF8EAF679740EE53E0249F4001259F26
:10E84000900C349F900C11246396EEADFFAD63974E
:10E850008E0E9F1E9E012F5F3F4F2D963FAF2EAF16
:10E860002D9761968EAD9FAD61972F969FAF8EAF1E
:10E870002F97712C612CE0E1F7E22796FFAFEEAF06
:10E8800027978091D0069091D106A091D206B091A1
:10E89000D3068401081B190B17FF03C011950195BE
:10E8A000110998013595279565963FAF2EAF65976D
:10E8B0001C9B33C045E0242E6596AEACBFAC65977B
:10E8C000632D822D0E94EDCD31E0A31AB10840F1F5
:10E8D00028EC30E0A70168EE73E0822D0E94BCCCEA
:10E8E000632D822D0E9406CEEFCF3324339411CFB7
:10E8F00062E057FF03C051954195510982E00F94A2
:10E90000945749CF64E0A30177FE03C05195419528
:10E91000510984E00F9494574FCF22242394CCCFF5
:10E920006596EEADFFAD65970E1B1F0B23961FAFCF
:10E930000EAF2397632D822D0E94EDCD9E012F5B9C
:10E940003F4FA70168EE73E0822D0E9463CD8823BC
:10E9500029F0632D822D0E9406CEF0CF60E082E088
:10E960000E942E8120E137E227963FAF2EAF2797F6
:10E970000091D8061091D9062091DA063091DB0675
:10E98000005A164F17FF02C00F5F1F4F15950795CE
:10E990008091D8069091D906A091DA06B091DB0655
:10E9A00080179107F4F41C9B1CC028EC30E0A701F1
:10E9B00068EE73E084E00E94BCCC8091D806909110
:10E9C000D906A091DA06B091DB060196A11DB11D12
:10E9D0008093D8069093D906A093DA06B093DB060D
:10E9E000D7CF1C9B3FC08091D8069091D906A091AB
:10E9F000DA06B091DB06E0E6F9E0E81BF90BCF019F
:10EA0000F7FF02C090E080E025969FAF8EAF25977C
:10EA10001C9B28C08091D8069091D906A091DA0657
:10EA2000B091DB0680369940ECF49E012D5B3F4FA0
:10EA3000A70168EE73E084E00E9463CD8091D80660
:10EA40009091D906A091DA06B091DB060196A11D3E
:10EA5000B11D8093D8069093D906A093DA06B0939F
:10EA6000DB06D6CF60E084E00E94EDCDF701208187
:10EA700031812031F7E23F0758F4A70168E17CEFCC
:10EA800084E00E94BCCC60E084E00E9406CEEECF21
:10EA900061E082E00E942E8120E137E2F7013183BC
:10EAA00020830091D8061091D9062091DA06309182
:10EAB000DB060C0D1D1D17FF02C00F5F1F4F1595C4
:10EAC00007958091D8069091D906A091DA06B09169
:10EAD000DB06081719070CF0D9C01C9BBBC00091BE
:10EAE000D8061091D9062091DA063091DB061C99E0
:10EAF00028C08091D8069091D906A091DA06B091ED
:10EB0000DB068C199D0997FF02C090E080E02596F6
:10EB10009FAF8EAF25971C990CC08091D80690911D
:10EB2000D906A091DA06B091DB06C816D9060CF416
:10EB3000AFC00091D8061091D9062091DA06309125
:10EB4000DB068091D8069091D906A091DA06B091A3
:10EB5000DB06C816D9063CF4F7018081918180312B
:10EB6000974208F4B2C00C191D093110CAC0F30154
:10EB7000EE0FFF1F21E030E02C0F3D1FE20FF31FCF
:10EB800011830083FFEF6F1A7F0A67962EAD3FADAA
:10EB90006797820E931E2D968EAD9FAD2D9702978F
:10EBA0002D969FAF8EAF2D972F96EEADFFAD2F9781
:10EBB00031972F96FFAFEEAF2F97F0E26F167104EB
:10EBC00009F059CE21E0421A510831E033128DCEBE
:10EBD00061968EAD9FAD6197809661969FAF8EAF27
:10EBE00061972B96EEADFFAD2B97E05CFF4F2B9618
:10EBF000FFAFEEAF2B9729962EAD3FAD2997225050
:10EC0000310929963FAF2EAF2997232B09F072CDFA
:10EC100080EE98E99F938F930F94CE950F900F906D
:10EC2000C65ADF4F0FB6F894DEBF0FBECDBFDF91DF
:10EC3000CF911F910F91FF90EF90DF90CF90BF90F9
:10EC4000AF909F908F907F906F905F904F903F908C
:10EC50002F90089528EC30E0A70168EE73E084E07F
:10EC60000E94BCCC8091D8069091D906A091DA067A
:10EC7000B091DB060197A109B1098093D806909362
:10EC8000D906A093DA06B093DB061BCF86012FCFFF
:10EC90009E012D5B3F4FA70168EE73E084E00E9468
:10ECA00063CD8091D8069091D906A091DA06B091F3
:10ECB000DB060197A109B1098093D8069093D90684
:10ECC000A093DA06B093DB0626CF28EC30E0A7014C
:10ECD00068E17CEF84E00E94BCCC8091D8069091E2
:10ECE000D906A091DA06B091DB060197A109B10916
:10ECF0008093D8069093D906A093DA06B093DB06EA
:10ED000020CF2D96EEADFFAD2D9786AD97AD012EA0
:10ED1000000C220B330B080F191F211D311D3695D6
:10ED20002795179507950F3F11052105310529F006
:10ED300020F00FEF10E020E030E02F96EEADFFADB9
:10ED40002F97078F1FCF2F923F924F925F926F9214
:10ED50007F928F929F92AF92BF92CF92DF92EF926B
:10ED6000FF920F931F93CF93DF93CDB7DEB76C97CE
:10ED70000FB6F894DEBF0FBECDBF6C015B014A0138
:10ED8000190118870F83FA82E982D7018D919C912E
:10ED900060ED72E00F94BD9C9C8F8B8F9F938F933F
:10EDA0003F922F931F9284E68F939F928F92BF92F0
:10EDB000AF92DF92CF9288EA98E99F938F930F9456
:10EDC000CE950FB6F894DEBF0FBECDBF22273327F6
:10EDD000221933093A8F298FC401990CAA0BBB0B56
:10EDE00089879A87AB87BC879501BB0C440B550B71
:10EDF000298B3A8B4B8B5C8BC601DD0CAA0BBB0BB2
:10EE00008D8B9E8BAF8BB88F121413040CF0BAC08D
:10EE10008B8D9C8D6CE370E00F94BD9C10E1161BF4
:10EE20002B8D3C8DD1010F94149D0F94989120E06F
:10EE300030E044E354E40F94BB986B017C016F8194
:10EE40007885EB8DFC8D6E0F7F1F90E080E00F9436
:10EE5000989125E33AEF4EE85CE30F94D9914B018A
:10EE60005C010F94B6986B837C838D839E83C50170
:10EE7000B4010F947C9B2B013C0169857A858B85BD
:10EE80009C850F949A914B015C012B8D3C8DA4E6DF
:10EE9000B0E00F94AC970F949A9120E030E044E3F7
:10EEA00054E40F94BB989B01AC01C501B4010F94CD
:10EEB000BB970F942D996D877E878F87988B698973
:10EEC0007A898B899C890F949A914B015C01A301EB
:10EED0009201C701B6010F94D9919B01AC01C50104
:10EEE000B4010F94BC970F942D994B016D897E89C5
:10EEF0008F89988D0F949A912B013C01A70196015F
:10EF00006B817C818D819E810F94D9919B01AC0195
:10EF1000C301B2010F94BC970F942D99CB0101E06E
:10EF200020E431E04D855E85B4010E9446CE212F5C
:10EF300030E08823B9F14B8D5C8D420F531F4F5F3A
:10EF40005F4F5C8F4B8FEB8DFC8DA981BA81ED9368
:10EF5000FC936C960FB6F894DEBF0FBECDBFDF9169
:10EF6000CF911F910F91FF90EF90DF90CF90BF90C6
:10EF7000AF909F908F907F906F905F904F903F9059
:10EF80002F9008952FEC32E0AB8DBC8D2A1B3B0BEC
:10EF9000C9016CE370E00F94BD9C10E1161BA98DB4
:10EFA000BA8D41CF2F5F3F4FAB8DBC8DA20FB31FEA
:10EFB000BC8FAB8FA03DB24008F426CFC4CF1092D7
:10EFC0009712E8E9F2E184ECDF011D928A95E9F7F6
:10EFD00008951F93CF93DF9300D01F921F92CDB758
:10EFE000DEB7162F482F62E5CE0101960F94801AE6
:10EFF00049815A816B817C818D810F94D453109308
:10F0000023120F900F900F900F900F90DF91CF91E0
:10F010001F91089510926E12E7E3FDE9849167E075
:10F020000D94E977E0916E12AE2FB0E0AA0FBB1FEE
:10F03000A859BD4E20913B1230913C122D933C9328
:10F04000EF5FE0936E12E23040F4F0E0E25EF246F1
:10F05000849168E00F94E97788E00895E0916E125A
:10F06000AE2FB0E0AB59BD4E80913B128C93EF5F59
:10F07000E0936E12E33040F010926E12EEE1FDE983
:10F08000849168E00D94E977F0E0E95CF2468491C0
:10F0900067E0F8CFCF93DF9300D000D000D01F926D
:10F0A000CDB7DEB780912A12823409F446C0B8F594
:10F0B000882309F472C084E08093221285E0EAE29A
:10F0C000F2E1DE01169601900D928A95E1F785E056
:10F0D000FE013696A5E2B2E101900D928A95E1F724
:10F0E00040E060E0CE0101960F94801A85E0FE01B9
:10F0F0003196AAE2B2E101900D928A95E1F785E09E
:10F10000809323124091251250912612609127126C
:10F1100070912812809129120F94D4532EC08235F9
:10F12000B1F1873541F660912C1270912D124CE0AF
:10F1300080912B120F943F5411C040912B1262E426
:10F14000CE0101960F94801A49815A816B817C818E
:10F150008D810F94D4538AE08093231240E060E0C5
:10F16000CE0101960F94801A85E0FE013196AAE245
:10F17000B2E101900D928A95E1F781E02A960FB6EF
:10F18000F894DEBF0FBECDBFDF91CF9108956BE045
:10F1900080912B120F94E977E1CF80E0EFCFCF93EE
:10F1A000DF9300D01F921F92CDB7DEB749835A83F9
:10F1B0006B837C838D8385E0FE013196AAE2B2E108
:10F1C00001900D928A95E1F78091231287FF09C083
:10F1D0000F900F900F900F900F90DF91CF910D94A3
:10F1E0004A780F900F900F900F900F90DF91CF9172
:10F1F0000895CF93DF9300D01F921F92CDB7DEB753
:10F20000482F68E5CE0101960F94801A49815A81F2
:10F210006B817C818D810F94CF780F900F900F9030
:10F220000F900F90DF91CF9108951F93CF93DF93AD
:10F2300000D01F921F92CDB7DEB7182F482F63E57D
:10F24000CE0101960F94801A49815A816B817C818D
:10F250008D810F94D453109323120F900F900F9021
:10F260000F900F90DF91CF911F910895CF93DF936F
:10F2700000D01F921F92CDB7DEB740E061E5CE010E
:10F2800001960F94801A49815A816B817C818D810E
:10F290000F94D45384E0809323120F900F900F901B
:10F2A0000F900F90DF91CF910895CF93DF9300D00F
:10F2B0001F921F92CDB7DEB781E08093641241E0C8
:10F2C00066E6CE0101960F94801A49815A816B81BE
:10F2D0007C818D810F94D45386E0809323120F900C
:10F2E0000F900F900F900F90DF91CF910895CF93D3
:10F2F000DF9300D01F921F92CDB7DEB780913A12F4
:10F300008534F1F020F4823439F185E011C086347F
:10F3100059F18035D1F780913B128093621281E0E0
:10F3200090E090936112809360120F94557980E081
:10F330000F900F900F900F900F90DF91CF91089545
:10F3400080913B1290913C129093611280936012D5
:10F350000F94557987E0ECCF80913B128093631234
:10F360000F9455798BE0E4CF90912512809135125E
:10F37000981322C0909126128091361298131CC0C7
:10F380001092621281E090E090936112809360127B
:10F3900082E88093231240E060E0CE0101960F9452
:10F3A000801A85E0FE013196A5E2B2E101900D924E
:10F3B0008A95E1F782E0BCCF83E0BACF1F93CF9369
:10F3C000DF9300D01F921F92CDB7DEB78091C80D9A
:10F3D00081112AC010918A121F3F91F580918912E4
:10F3E000811132C01F3FB9F081E090E0909321126B
:10F3F0008093201290938812809387128FEF8093CE
:10F400008912133009F479C090F1163008F472C0F3
:10F41000173009F476C00F900F900F900F900F9057
:10F42000DF91CF911F91089580918712909188125A
:10F430000F94F01B182F1092C80D8F3F79F6CACF8A
:10F440008FEF80938A12CACF193028F7E12FF0E0AE
:10F450008827E25DF5488E4F0D94049D3A363A3682
:10F460003A363C360A370A377636DE368E3683EB46
:10F470009BE90E94FE63812F90E00F94D55B0F946F
:10F480009A7F80918912813089F48CEA9BE90F94EC
:10F490008F1A412F62E4CE0101960F94801A4981A0
:10F4A0005A816B817C818D810F94CF7880918712F6
:10F4B00090918812843020E8920721F0893090489A
:10F4C00009F0A9CF0F94A756A6CF809187129091EB
:10F4D0008812873820E8920721F08730914809F098
:10F4E0009ACF81E08093C70D60E088EB95E30F949D
:10F4F000232791CF10938D128ECF80E00F94F9784F
:10F500008ACF82E080938F1210923D1210922212C5
:10F5100060E08CEA9CE00F9430977DCF4F925F9231
:10F520006F927F928F929F92AF92BF92CF92DF9213
:10F53000EF92FF920F931F93CF93DF93CDB7DEB778
:10F54000A0970FB6F894DEBF0FBECDBF082F0F9463
:10F55000DE798091231287FD0F944A7890912312CF
:10F5600097FFA5C080912212823009F45BC098F405
:10F57000882391F1109122120F944A7881117AC355
:10F5800082E080933D1283E08093221282E8809390
:10F59000231212E022C0833009F46DC0843051F789
:10F5A0000E94336AAB01BC0180912F1290913012FE
:10F5B000A0913112B091321288519C4FAF4FBF4F82
:10F5C000481759076A077B0708F06EC080916412DC
:10F5D000813011F00F94557910E0809120129091B4
:10F5E00021128130910509F0A2C4123009F45CC3E4
:10F5F00008F049C3112309F4EAC3002309F4B7C38F
:10F60000173009F477C408F06BC4143009F47AC4D5
:10F61000153009F0ACC381E080938F1260E08DE279
:10F6200090E86DC40E94336AAB01BC0180912F1237
:10F6300090913012A0913112B091321288519C4FAA
:10F64000AF4FBF4F481759076A077B0728F283EA75
:10F6500096E10F9438950196D1F781E080933D12A1
:10F66000809322121092441286E08093241280E04C
:10F670000F941579B1CF923809F07CCF0E94336A8C
:10F68000AB01BC0180912F1290913012A0913112E8
:10F69000B091321288519C4FAF4FBF4F4817590756
:10F6A0006A077B0708F466CF0F94367995CFA12CB3
:10F6B000D12CC12C9924939455E0B52E63E0862E6D
:10F6C00074E0772EE2E06E2E66C0233009F4E0C0CD
:10F6D000243009F083C020ED280F2A3008F4F8C048
:10F6E0002FE9280F263008F4F3C08A3009F0FAC059
:10F6F0004090491285E492E10F946F1A4812B8C005
:10F700001092441288E0E5E4F2E1DE0151960190A6
:10F710000D928A95E1F788E0FE017196DE01599617
:10F7200001900D928A95E1F788E0FE017996A5E3B4
:10F73000B2E101900D928A95E1F78CE38983FE0195
:10F740003296ADE4B2E120E0CF01521609F4CDC00B
:10F750003D9140EE430F403608F03EE231932F5F7B
:10F76000F4CF8E3408F056C08B3408F046C0823493
:10F7700009F443C0E0F58A3059F08D3049F0B09279
:10F780004412A11005C11F3609F0CEC3AA24A394C8
:10F790004FEFC41AD40A83EA96E10F94389597FD87
:10F7A00000C1182F20915D1230E0F901E05EFD4E9E
:10F7B00085A77901EFEFEE1AFE0AFFE0EF22FF24A2
:10F7C0005E2CE0925D1220914412223009F448C070
:10F7D00008F07BCF222329F2213051F11A3009F4AD
:10F7E0008FCF1D3009F48CCF10924A12CACF8534C6
:10F7F00030F2873410F0883411F68093451210925D
:10F80000461210924812109247121092491290928A
:10F810004412BECF893540F4873578F720EB280FA6
:10F82000263008F0ACCFE9CF863609F0A8CFE5CF77
:10F8300020ED280F2A3050F02FE9280F263030F025
:10F84000803209F09CCF60924412A2CF0F944E1ADE
:10F85000909146129295907F890F8093461298CF8F
:10F86000873448F4853458F42FEB280F223038F0D1
:10F8700010924A1284CF803511F08235C9F78092F8
:10F88000441280934A1210924C1210924B1280CF65
:10F8900020ED280F2A3048F02FE9280F263028F0D5
:10F8A0008A3231F77092441273CF0F944E1A20911E
:10F8B0004B1230914C1244E0220F331F4A95E1F76E
:10F8C000820F932F911D90934C1280934B1260CF17
:10F8D0000F944E1A909149129295907F890F8093C0
:10F8E000491256CF8D3021F603CFE80EF91EF701ED
:10F8F000108210925D1282E99DE90E94FE638DE7FD
:10F900009DE90E94FE63CE0101960E9499680F94C2
:10F91000E95280912212813009F47FC008F45CCE54
:10F92000833009F4D6C0843009F024CE80912312AC
:10F93000863009F455C108F079C1843009F41AC140
:10F94000853009F0D1C080913A12813409F47CC12C
:10F95000823509F0C9C0109262128DE290E890934E
:10F960006112809360128CE19BE90F94065385E04D
:10F9700080932312409125125091261260912712F4
:10F9800070912812809129120F94D45316E025CE3D
:10F990001B3609F0C9C28DEF9AE90F94065318E09F
:10F9A0001CCECD2819F00F94E95216CE0E94336A6E
:10F9B000AB01BC0180912F1290913012A0913112B5
:10F9C000B09132128053984FAF4FBF4F481759072D
:10F9D0006A077B0708F400CE80912212882309F47D
:10F9E000FBCD1092441281E080933D12809322124D
:10F9F00086E08093241280E00F9415798091341270
:10FA00008A3019F494E09093331281508093341229
:10FA10008111E2CD85ED9AE97EC080912312833079
:10FA200081F160F0863009F44AC0893009F0B3CF23
:10FA30000F94FE54882309F4CFCDCCCD909135128C
:10FA4000933509F015CE90913612891311CE90910D
:10FA50003B12E82FF0E0DF01A159BD4E9C93E65028
:10FA6000F546E4919E1741F09091241291509093A5
:10FA700024129111FDCD8FCF9AE0909334128F5FB5
:10FA8000F7CD80913512833521F480913612833081
:10FA900011F083E0EDCD80913B1290913C12909358
:10FAA00073128093721210926E12EAE3FDE9849150
:10FAB00060916C1270E049E00F943F548DCD82E06C
:10FAC00080933D1283E08093221282E88093231278
:10FAD000EBCD80912312883009F498C008F584306A
:10FAE00039F1873009F48FC081E080933D1282E0C4
:10FAF0008093221283E880932312809134128A30FB
:10FB000019F495E09093331281508093341281114F
:10FB100063CD8BEE9AE90F940653109133125DCDAD
:10FB20008A3009F47CC000F38D3008F423CDDCCF9B
:10FB3000809135128E3468F58B3410F48534A1F63B
:10FB400080913A12863409F44BC084E080932212EB
:10FB500085E0E5E3F2E1DE01119601900D928A95D0
:10FB6000E1F785E0FE013196A5E2B2E101900D9248
:10FB70008A95E1F70F947779182F853009F4B4CF7F
:10FB800008F070C0823009F4F5CC843009F429CF34
:10FB900024CD843508F4A8CF863590F2883509F055
:10FBA000A3CF80913A12863461F0803599F0823487
:10FBB000D1F480913B12809363120F940A781BE07A
:10FBC0000CCD80912512882329F082E8809323129E
:10FBD00013E003CD81E090E0909361128093601276
:10FBE0000F940A78F9CC80913B1290913C1290933B
:10FBF0006112809360120F940A788EE09BE90F9453
:10FC0000065317E0EACC0F942E78E6CC82E80F94E6
:10FC1000127880932312823809F0DECCABCC80912D
:10FC20003A128134E9F60F94F452DACF8830B1F009
:10FC300050F38A3009F058CF80913A12813409F09C
:10FC4000C9CC0F94F452C6CC109262121092611279
:10FC50001092601281E880932312BECC81E80F9449
:10FC60001278F9CF873049F208F47DCE883009F454
:10FC700092CEB3CC143009F48CCC80912212843013
:10FC800009F087CCA9CC133009F471C01B3009F0FE
:10FC9000B4CC8091631280938A128DE29BE90F9419
:10FCA0008F1A0F94DE7963C08091651281115FC055
:10FCB0000E943C60882309F45AC08091C40D909141
:10FCC000C50D8835924009F452C08091EC11811124
:10FCD0004EC080910B1281114AC080910A1281118D
:10FCE00046C09091C30D8091C20D981709F43FC092
:10FCF0008091C30D90E02EE63091C20D381789F047
:10FD0000289FF0011124EE51F94F448555856685F1
:10FD10007785452B462B472B09F09F5F8F5F8F70B0
:10FD2000EBCF992321F18EEB9AE90E940567809130
:10FD3000EC11811105C060E070E0CB010F94DF5938
:10FD40008091EC11882329F060E070E0CB010E94E3
:10FD50003C7F86ED9EE00F940C97813021F40F9448
:10FD6000E25B8F3F89F588E799E60F94AC5C809160
:10FD70003D12823011F410928F1210938E128091E6
:10FD8000E006882351F08091C70D811106C0809153
:10FD90008712909188120F94E450A0960FB6F894B1
:10FDA000DEBF0FBECDBFDF91CF911F910F91FF90AE
:10FDB000EF90DF90CF90BF90AF909F908F907F900B
:10FDC0006F905F904F90089584EB9AE9CECF0091A9
:10FDD000621280918612081709F44DC0E02EF12CB2
:10FDE000809122128430C1F4809125128823A1F0E1
:10FDF00089E08093E106EAE7FAE92EE1E216F104F0
:10FE000028F4F701EE0FFF1FE658F546859194910F
:10FE10000E9463820E9494E8EAE7FAE94EE1E41660
:10FE2000F10428F4F701EE0FFF1FE658F54685911F
:10FE3000949102960F948F1A00938612033049F022
:10FE40000C3109F094CF0F94AF0B81E080939112A5
:10FE50008ECF80912212843031F480912512845506
:10FE6000823008F484CF0F94AF0B81E0809392121C
:10FE70000F94A7567CCF033039F10C3109F077CFBE
:10FE800080919112882309F472CF109291120F94ED
:10FE9000A1191092C60D60916D1270E090E080E0A3
:10FEA0000F9498916B017C0160916C1270E06E5F11
:10FEB0007F4F072E000C880B990B0F949A91A70186
:10FEC00096010F94B04B53CF80919212882309F47E
:10FED0004ECF9091C20D8091C30D981348CFC8CFDB
:10FEE0001830B9F0193009F042CF60E00F94006982
:10FEF00019E03DCF61E080916012909161120F9402
:10FF0000006935CF81E080938F1260E08EE290E847
:10FF1000F6CF82E080938F1210923D12109222123F
:10FF200060E08CE290E8EBCF0F94E952DDCD002346
:10FF3000F9F2DBCF8091901282FF07C08B7F809314
:10FF4000901288E09CE90F948F1A8091901281FFA3
:10FF500053C08091841290918512892B09F44CC072
:10FF60008AEF9BE90F948F1A8091841290918512E9
:10FF70000F94D55B809190128D7F80939012809129
:10FF80008412909185129093F7118093F6118AEA6A
:10FF900090E60E9463820F94554C4AEC5BE962E064
:10FFA00080E00E9419596091CA0D7091CB0D80912B
:10FFB000CC0D9091CD0D0F942D992091F61130918B
:10FFC000F711C901861B970B06976CF081E00E9420
:10FFD000BD8280E00F948E7A0F94F41984E690E04D
:10FFE0000E946884E0CF81E00F942F4C8FED9BE955
:10FFF0000F948F1A0C943A5908950F931F93CF932F
:020000023000CC
:10000000DF9300D01F921F92CDB7DEB7182F062FB7
:100010001092901283E08093640219821A821B82EC
:100020001C821D8290E080E00E9468849091901272
:10003000898192FF37C081111EC0CE0101960E94B6
:10004000C16A8AE29AE90F948F1AE0918E12E25007
:10005000EA3040F7F0E08827EF5CFF478E4F0D94C1
:10006000049DDE35283688358835103788350836C2
:1000700048361E37883540E457E76BE170E0CE0123
:1000800001960E947E6A882301F3809190128B7FF3
:100090008260809390121092F7111092F6118AE10B
:1000A0009AE9D1CF882389F2198284E09AE9CBCFEB
:1000B0000F949A7F0F94CD568091C70D811107C080
:1000C00081EF99E90E94056783E0809374120F9491
:1000D000AF0B81E00F900F900F900F900F90DF917A
:1000E000CF911F910F9108950F94DE79F2CF8091F7
:1000F0007512811197CF812F0F941757802F0F946E
:10010000B1560F94DE798ECF0F949A7F0F94CD560F
:1001100089CF80E0DFCFCF93DF9300D01F921F9273
:10012000CDB7DEB762E181E699E90F948A690F9451
:100130008D1A40E065E5CE0101960F94801A498141
:100140005A816B817C818D810F94CF7861E080E052
:100150000F94FD7F811103C00F94EC19E8CF83E069
:100160000F94241683E680937612809377120F9073
:100170000F900F900F900F90DF91CF910895CF9334
:100180000F94B369C82F882369F088EB9BE00F9424
:10019000AC1C82E00F9424160F947F690F948B801F
:1001A0000F94A8698C2FCF9108950F931F93CF932D
:1001B000DF9300D01F921F92CDB7DEB7082F0F94A8
:1001C000B369182F882351F187E990E60E94638272
:1001D000602F0F941C520F947F690F948D1A402F3B
:1001E0006CE4CE0101960F94801A49815A816B818B
:1001F0007C818D810F94CF7860E080E00F94FD7F4B
:10020000182F811103C00F94EC19E7CF83E00F94EE
:10021000241681E00F942F4C0F94A869812F0F9022
:100220000F900F900F900F90DF91CF911F910F9132
:100230000895FF920F931F93CF93DF9300D01F92E7
:100240001F92CDB7DEB7082FF62E0F94B369182F83
:10025000882399F1FF2039F086E890E60E946382B6
:10026000602F0F941C528091651281110F94BF80F2
:100270000F947F690F948D1A402F65E4CE0101968B
:100280000F94801A49815A816B817C818D810F94F2
:10029000CF7861E080E00F94FD7F182F811103C0BB
:1002A0000F94EC19E7CF0F94A86983E68093761238
:1002B0008093771283E00F942416812F0F900F9074
:1002C0000F900F900F90DF91CF911F910F91FF90A2
:1002D00008951F93CF93DF9300D01F921F92CDB745
:1002E000DEB7182F0F948D1A412F6BE4CE010196C3
:1002F0000F94801A49815A816B817C818D810F9482
:10030000CF7861E080E00F94FD7F811103C00F94EE
:10031000EC19E8CF0F900F900F900F900F90DF9196
:10032000CF911F910895CF93C82F87E790E60E9441
:1003300063826C2F0F941C528091651281110F946F
:10034000BF800F947F698C2F0F9469810F94A869E7
:1003500083E6809376128093771283E00F942416BD
:1003600081E00F942F4C81E0CF9108952F923F921E
:100370004F925F926F927F928F929F92AF92BF92B5
:10038000CF92DF92EF92FF920F931F93CF93DF9361
:10039000CDB7DEB72F970FB6F894DEBF0FBECDBF37
:1003A0006C011B015A01FC011782168283819E0198
:1003B0002F5F3F4F490181FDD2C08FEF9FEFEEC20B
:1003C000F12C512C00E0003238F48B3209F190F41A
:1003D0008032F9F0833209F107FD34C020ED280F97
:1003E0002A3020F506FF1BC0FAE0FF9E200D1124E5
:1003F000F22E05C08D3279F0803371F70160F10182
:1004000093FD859193FF81911F018111DCCF1AC06B
:1004100002600460F4CF0860F2CF0061F0CF3AE0F0
:10042000539E200D1124522E0062E9CF8E3221F40A
:1004300006FDB1C20064E3CF8C3611F40068DFCF53
:100440008836E9F29BEB980F933008F05FC00061AB
:10045000805E06FD02C046E0F42E102F1F73853625
:1004600009F05BC0106417FF61C08F2D9BE39F15DF
:1004700008F48BE344244394480E27E03501F4E06C
:100480006F0E711CF5016081718182819381042D51
:10049000A4010F94C5935C01F981FC87F0FF03C0B0
:1004A0000DE2F3FF07C00BE211FD04C0012F047041
:1004B00012FD00E22C852C70E22E09F46BC00111B4
:1004C000D8C2F3E0E12CF515A0F483E0E52CE81A9E
:1004D00013FD08C0B60180E290E00F947495EA9491
:1004E000E110F8CF002329F0B601802F90E00F949F
:1004F00074953C8528EBA22E2EE6B22E33FD04C067
:100500009CEBA92E9EE6B92E107122C09BE9980F94
:10051000933008F047C10F7E9CCF863611F41068E7
:10052000A2CFFF2009F49FCFFA949DCFE7E02F2DB3
:10053000EF1518F427E037E0F32E412C9FCF11116F
:100540008052B60190E00F9474958FEFA81AB80A04
:10055000F50184918111F3CFE11084C25301F601BA
:100560009381F10193FD859193FF81911F01882370
:1005700009F411C2853241F493FD859193FF819175
:100580001F01853209F01CCFB60190E00F947495DD
:100590003501E4CF17FF6FC04A0CFC85F4FF04C09F
:1005A0008A81813309F44A9414140CF086C028E03F
:1005B000241510F488E0482E85E090E017FF06C06F
:1005C000C501B7FE02C090E080E0019601110196DE
:1005D000FF2031F02F2D30E02F5F3F4F820F931F10
:1005E0005816190619F014F0E52CE81A812F8970B5
:1005F00011F4E11067C0002329F0B601802F90E0CC
:100600000F94749513FD02C0E11063C017FF7CC006
:100610008501B7FE02C010E000E0C5018419910910
:100620002C016F2D70E0EE27FF27E61BF70BFF87ED
:10063000EE870F3F100729F4B6018EE290E00F9489
:100640007495A016B1060CF44BC0401651060CF080
:1006500047C0F501E01BF10BE80DF91D8181015048
:1006600011092E853F8502171307E4F1B60190E0CA
:100670000F947495DECF16FD9FCFEF2DF0E0EA15B5
:10068000FB0534F03CEFA3163FEFB3060CF0106807
:100690003296E80DF91D01C0FA94FF2019F08291FD
:1006A0008033D1F317FF88CF442443944F0CFA14BE
:1006B0001B0431F02CF0FA187FCF442443947CCFF4
:1006C000F12C7ACFB60180E290E00F947495EA9411
:1006D00090CFB60180E390E00F947495EA9494CFA4
:1006E00080E3BDCFA016B10641F49A81963350F451
:1006F000953319F43C8534FF05C0B60190E00F94A2
:1007000074952ACF81E3F9CF8A81813319F09C85D2
:100710009F7E9C87B60190E00F947495FF20A9F00E
:10072000B6018EE290E00F947495F394F394E2E0B6
:1007300001E00E0FE80DF92DF11D8081B60190E06A
:100740000F947495E02F0F11F3CF85E690E014FF1E
:1007500002C085E490E0B6010F947495B7FC06C022
:10076000A114B104C1F4EC85E4FF15C0B194A194C7
:10077000B1088DE2B60190E00F94749580E32AE011
:10078000A216B10454F4B60190E00F947495B6012A
:10079000C501C096B4CF8BE2EDCF8F5FFAE0AF1A00
:1007A000B108EDCF8336C9F0833771F1833509F095
:1007B0005BC03501F2E06F0E711CF501A080B180C5
:1007C0006F2D70E006FD02C06FEF7FEFC5010F9443
:1007D00008959D878C8700680DC0350132E0630E57
:1007E000711CF5018081898321E030E03D872C87F1
:1007F00054010F7703FD06C02C853D855216130664
:1008000009F0A8F4E52C2BC0350132E0630E711C11
:10081000F501A080B1806F2D70E006FD02C06FEF82
:100820007FEFC5010F942D959D878C87E2CFB60190
:1008300080E290E00F9474955A94DECFF50107FDA5
:10084000859107FF81915F01B60190E00F94749547
:10085000E110EA948C859D8501979D878C87EC85B6
:10086000FD85EF2B59F778CE843619F0893609F0DB
:1008700074C0350107FF66C0F4E06F0E711CF5010E
:100880006081718182819381102F1F7697FF08C04C
:1008900090958095709561957F4F8F4F9F4F106811
:1008A0002AE030E0A4010F949B96A82EA818BA2C39
:1008B000012F16FF0AC00E7FAF1438F414FF04C0D6
:1008C00012FD02C0012F0E7EBF2C04FFA3C0FE014B
:1008D000EA0DF11D8081803309F095C0097EF02F6B
:1008E000F870EF2E03FDA5C000FF9FC0FA2CB514D1
:1008F00010F4F50CFB1804FFA2C0B60180E390E0F1
:100900000F94749502FF09C088E790E001FF02C0D0
:1009100088E590E0B6010F947495AF1408F49BC07D
:10092000AA940A2D10E00F5F1F4F080D191DF80142
:1009300082918F01B60190E00F9474958016910614
:10094000B1F70ACEF2E06F0E711CF5016081718182
:10095000072E000C880B990B97CF102F8537A9F421
:100960001F7E2AE030E0350117FF44C0F4E06F0E2F
:10097000711CF5016081718182819381A4010F94C2
:100980009B96A82EA8181F7792CF197F8F3679F1E2
:10099000F0F4883539F1F601868197812F960FB6EC
:1009A000F894DEBF0FBECDBFDF91CF911F910F91A5
:1009B000FF90EF90DF90CF90BF90AF909F908F907F
:1009C0007F906F905F904F903F902F900895803769
:1009D00039F0883701F714FD146020E130E0C3CF0F
:1009E0001061F9CF04FD166020E132E0BCCF28E0B1
:1009F00030E0B9CFF2E06F0E711CF50160817181BA
:100A000090E080E0BBCF02FD02C0B39468CFB39406
:100A1000B39465CF802F867809F461CFF6CFB60105
:100A200080E290E00F947495B394B514C0F3E12C78
:100A300062CFE52CEB18B51408F45DCFF8CF802F0A
:100A4000867809F46ACF8BE201FF80E207FD8DE230
:100A5000B60190E060CFB60180E390E00F9474950A
:100A6000FA945BCFB60180E290E00F947495EA941B
:100A700073CD24E0E12C251508F036CD84E026CD99
:100A8000CF93DF9388E196E10E944A7286E594E174
:100A9000892B51F0C8E2D5E1A397CE010E944A729A
:100AA00084E1C635D807C1F783E394E10E944A7216
:100AB0008EE094E1DF91CF910C944A724F925F9255
:100AC0006F927F928F929F92AF92BF92CF92DF925E
:100AD000EF92FF920F931F93CF93DF93CC24CA948E
:100AE000DC2C76010EEA1FE093E2892E912CA12CDA
:100AF000B12C412C512C3201D0E0C0E08FEFC81650
:100B000009F45DC0C8010F941A97EC01BC01990F5C
:100B1000880B990B0F949A912091D7053091D805A5
:100B20004091D9055091DA050F94BB982B013C01F7
:100B3000C701B6010E94076582E592E70E94FE6345
:100B4000C501B4010E94076582E592E70E94FE6339
:100B5000BE010D2E000C880B990B0E94076582E5E3
:100B600092E70E94FE6320E030E04AE754E4C301CC
:100B7000B2010F94D9910F94DD5B85E0880E911C32
:100B8000A11CB11C0E5F1F4F8FEFC81AD80AE80ACC
:100B9000F80A0A3B8FE0180709F0B0CFDF91CF9138
:100BA0001F910F91FF90EF90DF90CF90BF90AF908B
:100BB0009F908F907F906F905F904F90089586E800
:100BC00094E40E94FE63B8CFFB01118210826AE0B8
:100BD000DC012C9120532A30A0F440815181649F84
:100BE0009001659F300D1124318320834D91CD01FB
:100BF00020533109240F311D47FD3A95318320835D
:100C0000E7CF0895CF92DF92EF92FF920F931F9359
:100C1000CF93DF936C017901C42FD0E0AE010F9424
:100C2000EB94892BB9F4B801C6018C0F9D1F0F946A
:100C3000E485F801208131812E293F2931832083E9
:100C400081E0DF91CF911F910F91FF90EF90DF90A6
:100C5000CF90089580E0F5CFCF93DF9300D000D000
:100C60001F92CDB7DEB7873050F5673040F597E07B
:100C7000E7EAF2E0DE01119601900D929A95E1F714
:100C800046E050E0FA01E61BF10921E030E02C0FCC
:100C90003D1FE20FF31F208130E0481B5109C901BD
:100CA00002C0959587954A95E2F7817027960FB611
:100CB000F894DEBF0FBECDBFDF91CF91089580E0E5
:100CC000F5CFCF93DF93282F30E0F901E953FB47AD
:100CD0008491F901EF58FB47D491F901E55EFB4798
:100CE000C491CC23A1F081110E9420B5EC2FF0E03B
:100CF000EE0FFF1FEF5FFB47A591B491EC91ED2341
:100D000081E090E009F480E0DF91CF91089580E0E8
:100D100090E0FACF0F931F938B010F94E485FC01B1
:100D200020812E3211F080E034C0B8016E5F7F4F19
:100D300001960F94E485FC0120812E32A1F7B801C1
:100D40006C5F7F4F01960F94E48520E430E0F8015A
:100D500037832683FC01DF019191892F8F7DC1F1BB
:100D600087EF890F8230A0F19D3091F19D3299F784
:100D700011969C919234E1F07CF49134A1F60A5FD3
:100D80001F4F28E030E045E067EC73E8CF010F9497
:100D900002861F910F910895943491F0923519F6BF
:100DA0000A5F1F4F20E230E042E06BEB73E8EECFCA
:100DB0000A5F1F4F20E130E044E062EC73E8E6CFC9
:100DC0000A5F1F4F30E020E043E06EEB73E8DECFB8
:100DD00081E0DFCF413041F440E061E00F94E84C26
:100DE000813041F40C943FEF423021F4CB010F9459
:100DF000C44DF8CF08951F93CF93DF931091030450
:100E0000112319F1EC0185EA9DE00F941A978C17D4
:100E10009D07D9F08BE098E40E946382EC0186ED97
:100E200097E40E946382412FBE010F94EA8680916D
:100E3000D00D81110AC01092020460E086E99DEB9A
:100E4000DF91CF911F910D942327DF91CF911F91B7
:100E50000895CF93DF9300D000D000D01F92CDB77C
:100E6000DEB7789484B5826084BD84B5816084BD2A
:100E700085B5826085BD85B5816085BD80916E0038
:100E8000816080936E001092810080918100826069
:100E900080938100809181008160809381008091A6
:100EA00080008160809380008091B1008460809395
:100EB000B1008091B00081608093B000809191007A
:100EC0008260809391008091910081608093910075
:100ED000809190008160809390008091A100826059
:100EE0008093A1008091A10081608093A1008091F6
:100EF000A00081608093A000809121018260809396
:100F00002101809121018160809321018091200144
:100F100081608093200180917A00846080937A00C0
:100F200080917A00826080937A0080917A0081605B
:100F300080937A0080917A00806880937A00109282
:100F4000C1009FB7F894A89584B7877F84BF0FB678
:100F5000F894A89580916000886180936000109259
:100F600060000FBE9FBF9FB7F8941092B00084E05E
:100F70008093B100809170008160809370008091B7
:100F800070008D7F80937000809170008B7F8093C4
:100F900070001092B3009FBF5B98559A539A529A73
:100FA0009C9A809101018068809301019B9A8091B5
:100FB00099038860809399032FEF30E782E02150F6
:100FC00030408040E1F700C0000081E00E944359BA
:100FD00086E39AE59093940380939303109296038B
:100FE0001092950312E010938E03109298031092C2
:100FF00097030E947A598DE791EC90939F03809319
:101000009E0381E597EF90939D0380939C038AE66E
:1010100096E390939B0380939A03809104018B7FC6
:1010200080930401809104018D7F809304019FB718
:10103000F894809105018460809305019FBF9FB75C
:10104000F894809105018260809305019FBF809193
:1010500001018F7B809301019FB7F8948091020179
:101060008064809302019FBF809104018E7F8093F2
:1010700004019FB7F8948091050181608093050178
:101080009FBFAFE9BFE01197F1F700C0000080916A
:101090000301809581708093070444E150E065E688
:1010A00079E68DED93E00F94F99484B1817F84B952
:1010B00084B1876084B985B1817F85B9289A80E53C
:1010C0008CBD1DBC0E943A598DE195E89F938F938A
:1010D00084E295E89F938F930E94BD58809101010F
:1010E00084608093010160E087ED9EE00E949C5B3C
:1010F0008093D11160E088E09FE00E949C5B809328
:10110000D2110F94A45B89EF93E69093120480931D
:101110001104109214041092130410930C041092F2
:1011200016041092150489E094E09093CD168093F4
:10113000CC1660E084EC9FE00E949C5B8093D00D15
:101140000F900F900F900F90882369F081E08093AB
:10115000A00388E00E945F770F94A45B61E087E8BA
:101160009FE00F9430978BE196E80E94056782E933
:101170009DE90E94FE638EE096E80F94F59560E08D
:101180008CEA9CE00E949C5B81110E9484B782E5FE
:1011900095E80E94FE6362E086ED9EE00E949C5B03
:1011A000813009F074C083E798E40E94056714B7A2
:1011B00010FF04C08EEE96E60F94F59511FF04C063
:1011C0008EED96E60F94F59512FF04C08DEC96E631
:1011D0000F94F59513FF04C08DEB96E60F94F595EB
:1011E00015FF04C08DEA96E60F94F59514BE82E9CA
:1011F0009DE90E94FE638DE996E60E94FE6389EFF9
:1012000095E80E94FE6381E996E60E94FE6382EE05
:1012100095E80E94056782E99DE90E94FE6382E8E5
:1012200096E60E94FE638091C6169091C716FE0155
:1012300031967F01BF01009769F1681B790B072E7A
:10124000000C880B990B0E9407658BE696E60E94BE
:10125000FE6380EE96E00F94D55B6AEF70E08EEE51
:101260009EE00E94845B8C016BEC70E08CEE9EE053
:101270000E94845B0A3F110509F0EBC501E08B3C3D
:10128000910509F400E00E943369B82EEAC58DE6A5
:1012900098E48BCF605D7641D2CF81E391E090936B
:1012A000490280934802C090A303D090A403C601D2
:1012B0000E9400C920E030E848E953E40F94459AC1
:1012C000181644F420E1C20ED11CD092A403C0929F
:1012D000A303E9CF80914402909145020F944907FE
:1012E00020E030E040EF51E40F94B19887FF0AC04E
:1012F00080914402909145024097909345028093DB
:101300004402E8CF8091A1039091A2030F94490772
:1013100020E030E04AEF52E40F94459A181654F456
:101320008091A1039091A20340969093A203809391
:10133000A103E8CF9FB7F89416BC8FEF88BD83E375
:1013400084BD12E015BD80916E00816080936E00B7
:101350009FBF80E88093B400809170008460809388
:1013600070002FB7F894809101018460809301018F
:101370009FB7F894809102018B7F809302019FBFF9
:101380008091010180628093010181E08093A0003F
:1013900085E18093A1008FEF90E09093A900809366
:1013A000A8009093AB008093AA009093AD00809327
:1013B000AC00109272002FBF80E695E80F94F5956F
:1013C0008FE580937E0010937D0080917C00806487
:1013D00080937C008FE980937A000E94585D9FB7CC
:1013E000F894809191008F7E80939100809191007C
:1013F000886080939100809190008D7F8093900011
:10140000809190008E7F80939000809190008F73E8
:1014100080939000809190008F7C809390008091C9
:101420009100846080939100809191008D7F8093E2
:101430009100809191008E7F809391001092950091
:10144000109294002BEE31E4309399002093980091
:10145000C19A809171008260809371009FBF109249
:10146000C20D1092C30D80E1E0ECF6E0DF01282F01
:101470001D922A95E9F7ECE9F6E0DF01282F1D928D
:101480002A95E9F7EEEBF3E0DF011D928A95E9F783
:101490001092BA031092BB031092BC031092BD03CA
:1014A0001092B9031092B80384E080936402809193
:1014B000000186FDC5C0BFEFE3EDF0E3B150E040B1
:1014C000F040E1F700C000008091000186FDB8C047
:1014D0000E943A598AEB95E80E94CF588091010109
:1014E0008460809301018091D111823041F09FB7D7
:1014F000F894809102018460809302019FBF8091E3
:10150000000186FFFCCF9FB7F894809102018B7F8A
:10151000809302019FBF2FEF37EA81E621503040D0
:101520008040E1F700C0000080EA95E89A83898353
:1015300085E995E89C838B8387E895E89E838D8376
:101540008AE795E898878F8381E795E89A87898766
:101550000E943A594EE360E080E00E9425590E94C3
:101560004B6310E0D12CC12C80910804F601E80FE8
:10157000F11D87FDFA95EE0FFF1FEE0DFF1D408157
:1015800051816C2D81E00E9419599FEFC91AD90A27
:10159000A4E0CA16D10441F70F94F92481E00E9417
:1015A000BD828091F4039091F503009771F197FF4C
:1015B00012C0115014300CF424C287E00F9424168A
:1015C0008091080418162CF08F5F809308040E9405
:1015D0003A5913E003C01F5F143078F749E655E825
:1015E00060E080E00E941959612F80E00E94075955
:1015F0008EE30E94D3581092F5031092F40364E630
:1016000070E080E090E00E94006A0E9450638823AE
:1016100009F4A8CF80910804180F0E943A5970E08D
:1016200060E084E690E00F94E85B123009F420C299
:1016300008F0F8C1112309F413C2113009F413C2E0
:1016400082E08093640260E08FEF9FE00E949C5BE9
:1016500061E08FE59FE00E949C5B0F94380B85E072
:10166000EEEAF2E0D70101900D928A95E1F7999A9E
:10167000989A809107018068809307019A9A8091D7
:101680000701806480930701809107018062809345
:10169000070180910701886080930701809107010D
:1016A000806180930701670110E0F60161916F018D
:1016B000812F0F94FB0A1F5F1530B9F780910A0143
:1016C000826080930A0180910A01816080930A01FF
:1016D00080910A01846080930A0180910A018064EC
:1016E00080930A010F9A179A0E9A169A0D9A159AD4
:1016F0000C9A149A26982E9A25982D9A24982C9A0A
:101700000998119A389A4098179A1092BC06399AFB
:101710004198169A1092BD063A9A42983B9A43987D
:10172000149A809181008F7E809381008091810046
:10173000886080938100809180008D7F80938000FD
:10174000809180008E7F80938000809180008F73D5
:1017500080938000809180008F7C809380008091B6
:101760008100887F82608093810080E090E4909384
:101770008900809388001092850010928400109256
:10178000D5031092D4038FEF9FEF9093D3038093F0
:10179000D2039093D1038093D0031092CF03109281
:1017A000CE0381E08093630280916F00826080931A
:1017B0006F0078940F949A1E8AEF91E10E946F62F5
:1017C0000F944D1784E99CE00F940C97823459F4E0
:1017D0006FEF84E99CE00F94549785E99CE00F94A7
:1017E0001A970F94C44D159888E00E945F778BEB91
:1017F0009FE00F940C9791E0813009F090E0909376
:10180000F91581E00F94C56660E084E69FE00E94D0
:101810009C5B60E086E69FE00E949C5B60E088E65F
:101820009FE00E949C5B60E085E69FE00E949C5BDD
:1018300070E060E08FEF9EE00E94845B70E060E00B
:1018400085E09FE00E94845B70E060E083E09FE0C1
:101850000E94845B70E060E081E09FE00E94845B16
:1018600070E060E083ED9EE00E94845B70E060E0E9
:1018700080ED9EE00E94845B60E082ED9EE00E942D
:101880009C5B60E08FEC9EE00E949C5B88EA9CE0A1
:101890000F940C6281EA9DE00F940C978F3F71F4D6
:1018A00060E081EA9DE00F94309788EF9FE00F940D
:1018B0001A97BC0180E59DE00F944E9749E4C42E31
:1018C0004DE0D42E10E0B701812F0E94F75BA701F5
:1018D00067E070E0C6010E94655B1F5FFBE0CF0E12
:1018E000D11C183081F781EA9DE00F940C970E947B
:1018F000C75B811102C00E94E95B0E947E6760E0C5
:1019000089E29DE00E949C5B85E09DE00F940C6263
:101910008DEE9FE00F940C6281EF9FE00F940C62BC
:1019200060E08EEC9EE00E949C5B61E087EA9CE0B8
:101930000E949C5B8EEF9FE00F940C970E94F781B2
:10194000811102C00E94F9C060E08FEA9FE00E940E
:101950009C5B86EA9FE00F940C978F3FD9F461E07F
:1019600086EA9FE00F94549730EBE32E3FE0F32E8E
:1019700070E060E0C7010F944E9722E0E20EF11C88
:101980003AEBE3163FE0F30699F760E08FEA9FE059
:101990000F94549760E085EA9FE00E949C5B60E0B2
:1019A00089E09FE00E949C5B61E08CEA9DE00E94E0
:1019B0009C5B63E08BEA9DE00E949C5B63E08AEAAB
:1019C0009DE00E949C5B80934A0261E089EA9DE071
:1019D0000E949C5B84E080936402023009F45CC046
:1019E000033009F4FDC0013009F062C088E39AE4D5
:1019F0000E9463820F94C44D6BEC70E08CEE9EE00D
:101A000055C01F3F09F0EACD87E00F94241680915E
:101A1000080418162CF48150809308040E943A5947
:101A200010E0DCCD133031F1143009F009CE69EA51
:101A300075E880E090E10F94BF2010E000E06FEFC8
:101A4000C8010F943097C8010F9490200F5F1F4F6B
:101A50000115B0E11B0799F70F94B1200E94306087
:101A60000E946681EDCD0E94F55F0F947230E8CD43
:101A70000E94F55F0E94668184E00E9470CF62E060
:101A80008FE59FE00F9454971092D00D60E084ECA6
:101A90009FE00F943097D4CD87E19AE40E9463824F
:101AA0000F94C44D6AEF70E08EEE9EE00F946A973B
:101AB000B11008C080EA99E40E9463820F94C44D7B
:101AC0000E94AE6980E80E945BE38823C9F087EF3B
:101AD0009FE00F940C9760E0813071F48AED95E8F7
:101AE0000E94CEBC67E1882339F08EE599E40E941C
:101AF00063820F94C44D66E186EA9CE00F943097B0
:101B000082ED95E80E94CEBC182F882329F087E14A
:101B10000E945BE311E01827F12CE12CF701E85358
:101B2000FA476491C7010F9430978FEFE81AF80ACB
:101B30009AE0E916F10491F7E2EDF5E86591749108
:101B40008AE090E00F944E97E4EDF5E8659174918A
:101B50008CE090E00F944E97E6EDF5E86591749176
:101B60008EE090E00F944E97E8EDF5E86591749162
:101B700080E190E00F944E978FE59FE00F940C97D3
:101B80008823D9F180E00E9423F183E080936402EE
:101B900081E00F942F4C0E943A5982E00F944C3709
:101BA00083E09DE00F940C97182F8FEF810F8E3FED
:101BB00008F049C080E00F9424160E943A598CE442
:101BC00096E60E94CF581230B1F1133009F416C1D5
:101BD00089E296E6113089F1812F0E947F592FC04A
:101BE0008CED99E40E9463820F94C44D6AEF70E01B
:101BF0008EEE9EE00F946A97FFCE81E01111C3CF65
:101C00000E945BE3811107C08EEE98E40E9463821C
:101C10000F94C44DBACF84E00E945BE3811103C0EE
:101C200086E798E4F3CF80E10E945BE38111ADCFBA
:101C300085E49DE4EBCF88E196E60E94CF5890E0E2
:101C400080E00F94AA256FEF83E09DE00F9430971A
:101C50000E942FE481E08093640288E198E20FB64D
:101C6000F894A895809360000FBE909360008091D7
:101C7000600080648093600085E0D82E90E0E92EBB
:101C800090E0F92ECC24C39424E0B22E1092C60D1D
:101C90008091D511882309F4B4C0B0926402809178
:101CA000D411882309F4B0C08091DC11813009F08F
:101CB000ABC089E793E10E94726A0E945B788091D1
:101CC0004B02882389F068E873E189E996E10E9474
:101CD000436A811109C010924B02809189138823B5
:101CE00009F499C00F94665D8091D6119091D71137
:101CF000892B09F463C01092EB118091861388231D
:101D0000C1F10091CF111091D0110B51104F61E230
:101D100076E8C8010F941395892B09F089C01092B9
:101D20001816F80101900020E9F73197BF01601BF8
:101D3000710BC8010E94F7B762E070E084EE92E098
:101D40000E94F7B780911816882341F08BE89DE92F
:101D50000E94FE6386EF96E60E94056780918713D6
:101D6000882309F460C08091D6119091D711892BF6
:101D700011F00E949B8A8091EB11811119C0809112
:101D8000D6119091D711892B99F0E091CF11F09154
:101D9000D011EE51F04F8081823009F04EC0F8949E
:101DA000D082818192810F94CE1678940E94775CC4
:101DB0008091D00D811102C00E94C77E0F94F9243A
:101DC0008091D4110E94BD828091D603811110921E
:101DD000D60380E00F944C378091D703811107C060
:101DE000C092D70381E00F948E7A1092D703E1144A
:101DF000F10409F44BCF0E94000048CF8AE096E638
:101E00001CCFC09264024BCF60E177E289E793E197
:101E10000E94436A52CF81E00F94C5668091891376
:101E2000811160CF61CF8EE197E60E940567A3CF55
:101E30000F94E6578CE097E6F8CF863009F0B6CFDE
:101E4000809188138111B2CFF894D08281E090E024
:101E5000AACF02E08B3C910509F003E00E941D69C6
:101E6000B12C82EA92EAA0E0B0E08093F016909361
:101E7000F116A093F216B093F3161092B4031092D9
:101E8000B5031092B6031092B70320913706309134
:101E900038064091390650913A0660E070E08FE7CD
:101EA00093E40F94BB986093B0037093B103809355
:101EB000B2039093B3031092AC031092AD0310924F
:101EC000AE031092AF032091430630914406409137
:101ED00045065091460660E070E08FE793E40F946A
:101EE000BB986093A8037093A9038093AA0390936F
:101EF000AB036D9A9D9A80910101886080930101E6
:101F00008091F30390E064E0959587956A95E1F7F9
:101F10008093A7038EE190E09093A6038093A5039E
:101F2000C0904602D0904702C6010E9400C920E03E
:101F300030E040EF51E40F94B19887FFAEC9F0E173
:101F4000CF1AD108D0924702C0924602E9CFCF9370
:101F5000C82F1092E106179A1092BC06169A10929A
:101F6000BD06149A1092F3111092F211682F86EAAE
:101F70009FE00F9430976C2F8FEA9FE00F9430977B
:101F8000CC2389F08EE498E90E94056784EA9BE5FA
:101F90000E9463820F94C44D81E00F942F4C82E025
:101FA000CF910D944C3783E198E90E94056789E849
:101FB0009BE5EECFEF92FF920F931F93CF93DF93AA
:101FC000CDB7DEB72F970FB6F894DEBF0FBECDBFEB
:101FD000E1E1F2E1108212821182ECE0F2E1108282
:101FE0001182128213821482E8E1F2E18AEA9DE909
:101FF00091838083128285E08383E4E1F2E128E922
:102000003DE93183208312828383ECE1F2E1108287
:102010001282118200E212E1EE24E394F12CD80145
:102020001196FC92EE9212961C92129782E81396E9
:102030008C9340E060E085E292E10F94801A40E0EA
:1020400060E08AE292E10F94801AF8011786108A04
:10205000118A128A138A148A40E060E0CE01019648
:102060000F94801A85E0FE013196DE0116960190EC
:102070000D928A95E1F785E0FE013696A5E3B2E17F
:1020800001900D928A95E1F7D8015A961C925A97C1
:102090005C961C921E925B9785E392E10F946F1AF7
:1020A000F801818F158E168E40E060E08FE392E19B
:1020B0000F94801AD80194961C9240E060E0CE0103
:1020C0000B960F94801A85E0FE013B96DE01119677
:1020D00001900D928A95E1F785E0FE013196A5E425
:1020E000B2E101900D928A95E1F7F80112A614A6CB
:1020F00013A685E492E10F946F1AD80199968C93F8
:102100009997DD961C92DD978FE192E1DF969C9383
:102110008E93DE97F0926112E0926012109262123A
:102120001FEF1093631281E0809364121092651286
:102130001092661210926712109269121092681231
:1021400010926B1210926A1210926E1210926F120D
:10215000109270121092711283E080937412109298
:10216000751285E180936C1284E180936D1283E691
:1021700080937612809377121092781210927912CF
:1021800010927A1210927B1210927C1210927D1291
:1021900010927E1210927F12109280121092811271
:1021A0001092821210928312109285121092841251
:1021B000109286128EE290E8909388128093871294
:1021C0001093891210938A1210928C1210928B1213
:1021D00010938D1282E080938E1280938F12109252
:1021E00090121092911210929212109294121092D8
:1021F000931210929612109295120F94DF77E4E6E4
:10220000F3E1108212821182E1E6F3E11082128280
:102210001182ECE5F3E110821182128213821482A2
:102220000E94336AEBE6F3E110821282118210926F
:102230006E13EFE6F3E1108212821182E6E8F3E119
:1022400010920E141092111410923314109236142E
:1022500089E18093F5151092F8151092F9151092F6
:1022600011161092181610921B16109299161092B1
:102270009B1610929A1610922A15109229151092F8
:102280009516109296161092971610929816109214
:102290009C1610929D1610929E1610929F161282F6
:1022A0001382108211821092281510923B16E6E5D7
:1022B000F4E182EDDF011D928A95E9F71092D713C0
:1022C0001092D6131092D51389E996E10E94726A92
:1022D000E1E8F3E110821182128213821482EFEBA3
:1022E000F6E110821182128213821482ECE7F3E18C
:1022F00010821182128213821482E9E7F3E11082C4
:1023000012821182E2E7F3E11182128213821482B7
:102310001582168210832F960FB6F894DEBF0FBE7B
:10232000CDBFDF91CF911F910F91FF90EF90089556
:10233000E89409C097FB3EF490958095709561955F
:102340007F4F8F4F9F4F9923A9F0F92F96E9BB2715
:102350009395F695879577956795B795F111F8CF91
:10236000FAF4BB0F11F460FF1BC06F5F7F4F8F4FFC
:102370009F4F16C0882311F096E911C0772321F0F2
:102380009EE8872F762F05C0662371F096E8862F8A
:1023900070E060E02AF09A95660F771F881FDAF7E1
:1023A000880F9695879597F908959B01AC010D9438
:1023B000D9910F94EC910D945D920F944F9238F057
:1023C0000F94569220F0952311F00D9446920D949F
:1023D0004C9211240D9491920F946E9270F3959FEC
:1023E000C1F3950F50E0551F629FF001729FBB270C
:1023F000F00DB11D639FAA27F00DB11DAA1F649FA8
:102400006627B00DA11D661F829F2227B00DA11D5A
:10241000621F739FB00DA11D621F839FA00D611DE0
:10242000221F749F3327A00D611D231F849F600D01
:10243000211D822F762F6A2F11249F5750409AF02A
:10244000F1F088234AF0EE0FFF1FBB1F661F771FB6
:10245000881F91505040A9F79E3F510580F00D9480
:1024600046920D9491925F3FE4F3983ED4F38695A3
:1024700077956795B795F795E7959F5FC1F7FE2B21
:10248000880F911D9695879597F9089597F99F67FD
:1024900080E870E060E008959FEF80EC08950024EC
:1024A0000A941616170618060906089500240A94B9
:1024B00012161306140605060895092E0394000C3F
:1024C00011F4882352F0BB0F40F4BF2B11F460FFCE
:1024D00004C06F5F7F4F8F4F9F4F089557FD9058F7
:1024E000440F551F59F05F3F71F04795880F97FBD8
:1024F000991F61F09F3F79F0879508951216130692
:102500001406551FF2CF4695F1DF08C016161706C0
:102510001806991FF1CF86957105610508940895F5
:10252000E894BB2766277727CB0197F908953F9258
:102530004F925F926F927F928F929F92AF92BF92D3
:10254000CF92DF92EF92FF920F931F93CF93DF937F
:102550005C016B017A016115710519F0FB01918332
:102560008083E114F10451F0C7010297839730F0A2
:1025700040E030E020E090E06BC05E01E501219694
:10258000F5011081812F90E00F949D94892BA9F77C
:102590001D3201F52196F501118101E0E114F104EC
:1025A00009F4E6C0F0E1EF16F10409F088C0103339
:1025B00059F488818F7D883509F07CC01981229675
:1025C0000260F0E1EF2EF12C812C912CA12C88E0FF
:1025D000B82E92C01B3221F4E5012296F50111813B
:1025E00000E0DCCFEAE0EE16F10409F4C7C0F0E148
:1025F000EF16F10409F073C0E7CF78E0E72EF12C75
:10260000812C912CA12C60E1B62E76C021E0ADC0CA
:10261000302F3170C114D10431F0222371F1219790
:10262000F601D183C08327FF2EC060E070E080E018
:1026300090E8311104C06FEF7FEF8FEF9FE722E248
:1026400030E03093C5162093C416462F372F282F1D
:10265000642F732F822FDF91CF911F910F91FF90E5
:10266000EF90DF90CF90BF90AF909F908F907F9032
:102670006F905F904F903F90089501FF04C02297A4
:10268000F601D183C083332341F0909580957095F6
:1026900061957F4F8F4F9F4FD8CF97FFD6CF82E264
:1026A00090E09093C5168093C4166FEF7FEF8FEF85
:1026B0009FE7CBCF10E3E114F10409F49ECF28E0AB
:1026C000E216F10409F49CCF0CF08CCF812C912CF4
:1026D000A12CE0E4BE2E82E0E816F10469F060E08F
:1026E00070E080E090E897010F2C000C440B550B34
:1026F0000F947F9749015A0120E060E070E0CB0120
:1027000027010F2C000C66087708FE0150ED352ECE
:10271000310E39E0331570F43FEB310F49EC342EB4
:102720003A3138F03FE9310F3A3108F071CF39EAE8
:10273000332E310E3E141F040CF06ACF27FD15C056
:1027400086169706A806B90678F0A30192010F94A1
:102750006F97630D711D811D911D6130710581059C
:1027600020E8920708F452CF2FEF21961081CDCFA9
:10277000103309F41ECF2AE0E22EF12C9CEC892EB6
:10278000982CA82C9CE0B92EB7CF283008F027E071
:102790003327DA01990F311D87FD9160009661059D
:1027A000710539F432602E5F3D9330E32A95E1F7ED
:1027B00008959F3F30F080387105610509F03C5F56
:1027C0003C5F3D93913008F08068911DDF93CF937B
:1027D0001F930F93FF92EF92192F987F9695E92FF1
:1027E00096959695E90FFF27E65EF04999273327DE
:1027F000EE24FF24A701E70105900894079428F42C
:10280000360FE71EF81E491F511D660F771F881FE0
:10281000991F0694A1F70590079428F4E70EF81E77
:10282000491F561FC11D770F881F991F661F0694E9
:10283000A1F70590079428F4F80E491F561FC71FEB
:10284000D11D880F991F661F771F0694A1F7059069
:10285000079420F4490F561FC71FD81F990F661FF2
:10286000771F881F0694A9F784911095177041F07F
:10287000D695C79557954795F794E7941A95C1F75C
:10288000E0ECFEE66894159015913591659195916F
:1028900005907FE27395E118F10A430B560BC90BC3
:1028A000D009C0F7E10CF11E431F561FC91FD01DF0
:1028B0007EF4703311F48A95E6CFE894015030F03D
:1028C000080F0AF40027021708F4202F2395022F7F
:1028D0007A3328F079E37D932A95E9F710C07D9348
:1028E0002A9589F6069497956795379517951794C5
:1028F000E118F10A430B560BC90BD00998F0239548
:102900007E9173957A3308F070E37C932013B8F7C7
:102910007E9170617D9330F0839571E37D9370E3D8
:102920002A95E1F71124EF90FF900F911F91CF911D
:10293000DF91992787FD9095089591110D94F9964F
:10294000803219F089508550C8F70895FB01DC01E9
:1029500002C005900D9241505040D8F70895FB01F8
:10296000DC010D900020E9F7119705900D920020F1
:10297000E1F70895FB01DC018D91059080190110AC
:10298000D9F3990B0895FB01DC0105900D9200200D
:10299000E1F70895FC0105900020E9F780959095F6
:1029A0008E0F9F1F0895FB01DC014150504088F0BD
:1029B0008D9181341CF08B350CF4805E659161340F
:1029C0001CF06B350CF4605E861B611171F3990B82
:1029D0000895881BFCCFFB01DC014150504030F0D2
:1029E0008D910590801919F40020B9F7881B990B77
:1029F0000895FB01DC014150504048F005900D92D4
:102A00000020C9F701C01D9241505040E0F70895E1
:102A1000FC010590615070400110D8F780959095A9
:102A20008E0F9F1F0895FB0155915523A9F0BF01FB
:102A3000DC014D9145174111E1F759F4CD010590A5
:102A4000002049F04D9140154111C9F3FB0141119E
:102A5000EFCF81E090E001970895FC016150704054
:102A600001900110D8F7809590958E0F9F1F0895C3
:102A7000CF93DF93EC012B8120FF1AC026FF0CC0FF
:102A80002F7B2B838E819F8101969F838E838A81EA
:102A900090E0DF91CF91089522FF18C0E881F9817D
:102AA0008081082E000C990B009729F420622B835B
:102AB0008FEF9FEFEECF3196F983E8832E813F8130
:102AC0002F5F3F4F3F832E839927E3CFEA85FB8516
:102AD000199597FFF3CF2B81019621F080E2822B8D
:102AE0008B83E6CF80E1FBCF0F931F93CF93DF93D0
:102AF000182F092FEB018B8181FD09C01FEF0FEF0C
:102B0000812F902FDF91CF911F910F91089582FF18
:102B100014C02E813F818C819D81281739073CF498
:102B2000E881F981CF0101969983888310838E8192
:102B30009F8101969F838E83E3CFE885F985812F5E
:102B40001995892BA1F3DACFEF92FF920F931F9380
:102B5000CF93DF938C017B01DB0113968C91D0E046
:102B6000C0E081FD0FC0CFEFDFEF10C0D701189696
:102B7000ED91FC91B7011995892B11F0CFEFDFEFA3
:102B80000F5F1F4FF80184918111F0CFCE01DF91CB
:102B9000CF911F910F91FF90EF9008950F931F9386
:102BA000CF93DF93CDB7DEB7AE01485F5F4FDA0159
:102BB0006D917D91AD010AEC16E1F801828193815E
:102BC000DC0113962C911397286013962C930F9485
:102BD000B681D8011296ED91FC912381277F238342
:102BE000DF91CF911F910F9108950F931F93CF9372
:102BF000DF938C01E091CC16F091CD168381D0E06B
:102C0000C0E081FD0AC0CFEFDFEF17C01995892B17
:102C100011F0CFEFDFEF0F5F1F4FF801849160914C
:102C2000CC167091CD16DB011896ED91FC918111B7
:102C3000EDCF8AE01995892B31F7CE01DF91CF9145
:102C40001F910F9108950F931F93CF93DF93CDB7EB
:102C5000DEB72E970FB6F894DEBF0FBECDBF0E893C
:102C60001F898EE08C831A8309838FEF9FE79E83F1
:102C70008D83AE01465E5F4F688D798DCE010196E2
:102C80000F94B6812F813885020F131FF80110822F
:102C90002E960FB6F894DEBF0FBECDBFDF91CF9159
:102CA0001F910F910895CF93DF93EC018B81886082
:102CB0008B83CE010F94B6812B81277F2B83DF91ED
:102CC000CF9108950F931F93CF93DF93CDB7DEB7C6
:102CD0002E970FB6F894DEBF0FBECDBF8C01FA0160
:102CE0008EE08C831A83098377FF02C060E070E86E
:102CF000615071097E836D83A901BF01CE010196E8
:102D00000F94B6814D815E8157FD0AC02F813885B1
:102D1000421753070CF49A01020F131FF801108297
:102D20002E960FB6F894DEBF0FBECDBFDF91CF91C8
:102D30001F910F910895FA01AA27283051F12031EF
:102D400081F1E8946F936E7F6E5F7F4F8F4F9F4F3F
:102D5000AF4FB1E03ED0B4E03CD0670F781F891F81
:102D60009A1FA11D680F791F8A1F911DA11D6A0F4F
:102D7000711D811D911DA11D20D009F468943F9102
:102D80002AE0269F11243019305D3193DEF6CF0101
:102D90000895462F4770405D4193B3E00FD0C9F7C7
:102DA000F6CF462F4F70405D4A3318F0495D31FD34
:102DB0004052419302D0A9F7EACFB4E0A695979587
:102DC000879577956795BA95C9F70097610571055D
:102DD00008959B01AC010A2E0694579547953795A7
:102DE0002795BA95C9F7620F731F841F951FA01D01
:102DF0000895992788270895DC01CB01FC01F999F2
:102E0000FECF06C0F2BDE1BDF89A319600B40D9236
:102E100041505040B8F70895F999FECF92BD81BD59
:102E2000F89A992780B50895A6E1B0E044E050E013
:102E30000D94FE96A8E1B0E042E050E00D94FE96BD
:102E4000DC01A40FB51F4150504048F0CB01840F66
:102E5000951F2E910F94319741505040D0F708950F
:102E6000262FF999FECF92BD81BDF89A019700B443
:102E7000021639F01FBA20BD0FB6F894FA9AF99AE3
:102E80000FBE08950396272F0F9431970F94309714
:102E9000252F0F943197242F0D9431970196272FCA
:102EA0000F9431970D943097262FF999FECF1FBAC2
:102EB00092BD81BD20BD0FB6F894FA9AF99A0FBE63
:102EC00001960895242F0F945597252F0F94559709
:102ED0000D946A970F945497272F0D945597DB0103
:102EE0008F939F930F94A197BF91AF91A29F800D55
:102EF000911DA39F900DB29F900D11240895A1E202
:102F00001A2EAA1BBB1BFD010DC0AA1FBB1FEE1F63
:102F1000FF1FA217B307E407F50720F0A21BB30BAE
:102F2000E40BF50B661F771F881F991F1A9469F72A
:102F300060957095809590959B01AC01BD01CF0186
:102F400008950F94AC97A59F900DB49F900DA49FEA
:102F5000800D911D11240895A29FB001B39FC0015F
:102F6000A39F700D811D1124911DB29F700D811DB5
:102F70001124911D08955058BB27AA270F94D39769
:102F80000D945D920F944F9238F00F94569220F06A
:102F900039F49F3F19F426F40D944C920EF4E09509
:102FA000E7FB0D944692E92F0F946E9258F3BA17EF
:102FB000620773078407950720F079F4A6F50D944E
:102FC00090920EF4E0950B2EBA2FA02D0B01B901B3
:102FD00090010C01CA01A0011124FF27591B99F08F
:102FE000593F50F4503E68F11A16F040A22F232F9B
:102FF000342F4427585FF3CF469537952795A795EB
:10300000F0405395C9F77EF41F16BA0B620B730B91
:10301000840BBAF09150A1F0FF0FBB1F661F771F02
:10302000881FC2F70EC0BA0F621F731F841F48F4B7
:10303000879577956795B795F7959E3F08F0B0CF40
:103040009395880F08F09927EE0F97958795089527
:103050000F944F9260F080E891E009F49EEF0F9496
:10306000569228F040E851E071F45EEF0CC00D94E8
:103070004C920D949092E92FE0780F946E9240F369
:10308000092E052AB1F3261737074807590738F0E4
:103090000E2E07F8E02569F0E025E0640AC0EF6332
:1030A00007F8009407FADB01B9019D01DC01CA01B0
:1030B000AD01EF930F94D2980F945D920F946B989B
:1030C0005F91552339F02BED3FE049E450FD49EC89
:1030D0000D94BC970895DF93DD27B92FBF7740E8A3
:1030E0005FE31616170648075B0718F4D92F0F94ED
:1030F000B79A9F938F937F936F930F94D591E6E345
:10310000FAE60F94C7990F945D922F913F914F91DA
:103110005F910F94EC91DD2351F09058A2EA2AEDD3
:103120003FE049EC5FE3D0785D270F94D397DF91C0
:103130000D945D920F942D9A90F09F3748F4911161
:1031400016F40D94919260E070E080E89FE308959A
:1031500026F01B16611D711D811D0D949E990D9405
:10316000B9990F947A9908F481E008950F94F09931
:10317000E3950D94199A0F94CF980D945D920F9446
:10318000569258F00F944F9240F029F45F3F29F087
:103190000D94469251110D9491920D944C920F946E
:1031A0006E9268F39923B1F3552391F3951B550B58
:1031B000BB27AA2762177307840738F09F5F5F4F0A
:1031C000220F331F441FAA1FA9F335D00E2E3AF049
:1031D000E0E832D091505040E695001CCAF72BD061
:1031E000FE2F29D0660F771F881FBB1F26173707B2
:1031F0004807AB07B0E809F0BB0B802DBF01FF27E4
:1032000093585F4F3AF09E3F510578F00D944692E7
:103210000D9491925F3FE4F3983ED4F386957795B1
:103220006795B795F7959F5FC9F7880F911D96959C
:10323000879597F90895E1E0660F771F881FBB1FF8
:10324000621773078407BA0720F0621B730B840BA5
:10325000BA0BEE1F88F7E09508950F94349968949F
:10326000B1110D94919208950F94769288F09F5722
:1032700098F0B92F9927B751B0F0E1F0660F771F9A
:10328000881F991F1AF0BA95C9F714C0B13091F090
:103290000F949092B1E008950D949092672F782F3B
:1032A0008827B85F39F0B93FCCF386957795679555
:1032B000B395D9F73EF490958095709561957F4FC1
:1032C0008F4F9F4F08950F942D9A90F09F3748F499
:1032D000911116F00D94919260E070E080E89FEB00
:1032E000089526F41B16611D711D811D0D949E9974
:1032F0000D94B999990F0008550FAA0BE0E8FEEF5D
:1033000016161706E807F907C0F012161306E407A9
:10331000F50798F0621B730B840B950B39F40A26A2
:1033200061F0232B242B252B21F408950A2609F480
:10333000A140A6958FEF811D811D0895882371F40A
:10334000772321F09850872B762F07C0662311F43E
:1033500099270DC09051862B70E060E02AF09A9575
:10336000660F771F881FDAF7880F9695879597F96C
:1033700008959F3F31F0915020F487957795679598
:10338000B795880F911D9695879597F90895DF93C6
:10339000CF931F930F93FF92EF92DF927B018C01EB
:1033A000689406C0DA2EEF010F94EC91FE01E894C8
:1033B000A5912591359145915591A6F3EF010F9473
:1033C000D397FE019701A801DA9469F7DF90EF9097
:1033D000FF900F911F91CF91DF9108950D944C9222
:1033E0000F947692D8F3E894E0E0BB279F57F0F073
:1033F0002AED3FE049EC06C0EE0FBB0F661F771FBA
:10340000881F28F0B23A62077307840728F0B25A7F
:10341000620B730B840BE3959A9572F7803830F446
:103420009A95BB0F661F771F881FD2F790480D949F
:10343000BB99EF93E0FF07C0A2EA2AED3FE049EC19
:103440005FEB0F94D3970F945D920F90039401FC60
:103450009058E3E6FAE60D940B9C0F947692A0F058
:10346000BEE7B91788F4BB279F3860F41616B11D64
:10347000672F782F8827985FF7CF86957795679580
:10348000B11D93959639C8F308950F947A9908F46D
:103490008FEF08950F944F9229F00F94569211F0E8
:1034A0000D944C920D944692B901CA010D94B999AC
:1034B0009F775F770F946E9268F39923A9F3552352
:1034C000A9F3FF27951758F4E52FE91BED3060F7B6
:1034D0005E3B10F0F1E41CC09034E0F40AC0E92F28
:1034E000E51BED3018F79E3B10F0F1E411C05034AD
:1034F00088F4F9EA88232AF09A95660F771F881FC7
:10350000DAF744232AF05A95220F331F441FDAF7C3
:103510009F1B5F1BFF931F930F93FF92EF92790105
:103520008A01BB27AB2F9B01AC010F94EF91970150
:10353000A801BF937B018C01AA27BA2FB901CA0148
:103540000F94EF91AF919701A801EF90FF900F9129
:103550001F910F94D3970F945D920F948A9B4F9174
:1035600040FF0895552747FD50950D94C39A9B0140
:10357000AC0160E070E080E89FE30D94BB980D948F
:1035800046920D94B9990F947692D8F39923C9F382
:10359000940F511DA3F39150504094F059F088239B
:1035A00032F0660F771F881F91505040C1F79E3F41
:1035B00051052CF7880F911D9695879597F90895D9
:1035C0005F3FACF0983E9CF0BB278695779567955A
:1035D000B79508F4B1609395C1F7BB0F58F711F494
:1035E00060FFE8CF6F5F7F4F8F4F9F4FE3CF0D940A
:1035F00091920F94769258F19E5760F19851A0F0F5
:10360000E9F0983020F5092E9927660F771F881F5B
:10361000991F0A94D1F712C0062E672F782F88279A
:10362000985F11F4000C07C0993FB4F38695779525
:1036300067959395D9F7611D711D811D3EF4909595
:103640008095709561957F4F8F4F9F4F0895689437
:103650000D9491920D949092FA01EE0FFF1F309607
:1036600021053105A1F16115710561F48038BFE3D1
:103670009B0749F168949038810561F08038BFEF6D
:103680009B0741F099234AF5FF3FE10531052105EC
:1036900019F1E8940894E795D901AA2329F4AB2FEE
:1036A000BE2FF85FD0F310C0FF5F70F4A695E0F76F
:1036B000F73950F019F0FF3A38F49F779F930DD007
:1036C0000F9007FC9058089546F00D944C9260E0DE
:1036D00070E080E89FE308954FE79F775F934F93F3
:1036E0003F932F930F94279C2F913F914F915F9180
:1036F0000F94D9910D94D29B9F930F94F0990F90B2
:1037000007FCEE5F0D94199A19F416F40D944C927F
:103710000D94B9990F947692B8F39923C9F3B6F33F
:103720009F57550B87FF0F94049C0024A0E640EAA6
:10373000900180585695979528F4805C660F771F06
:10374000881F20F026173707480730F4621B730BD9
:10375000840B202931294A2BA695179407942025FC
:1037600031254A2758F7660F771F881F20F0261744
:103770003707480730F4620B730B840B200D311DA3
:10378000411DA09581F7B901842F9158880F969516
:103790008795089529F416F00D9446920D94909211
:1037A0000D944C920F947692A8F39638A0F707F8F0
:1037B0000F92E8942BE33AEA48EB5FE70F94EF911E
:1037C0000F920F920F924DB75EB70F920F946F9CAE
:1037D000E1E8FAE60F94C7994F915F91EF91FF915D
:1037E000E595EE1FFF1F49F0FE57E0684427EE0FF6
:1037F000441FFA95E1F74195550B0F94C39A0F902A
:1038000007FE0D94B79A089591505040660F771FA8
:10381000881FD2F708959F938F937F936F93FF93A1
:10382000EF939B01AC010F94D991EF91FF910F940D
:10383000C7992F913F914F915F910D94D99116F0B7
:103840000D94B9990D944C9268940D9446920F94EE
:103850007692A8F39923C1F3AEF3DF93CF931F932E
:103860000F93FF92C92FDD2788232AF02197660F37
:10387000771F881FDAF720E030E040E85FEB9FE336
:10388000883920F0803E38F021968F770F94BC97CE
:10389000E9EAFAE604C00F94BC97E6EDFAE60F9465
:1038A000C7998B01BE01EC01FB2E6F57710975950D
:1038B000771F880B990B0F949A9128E132E741E327
:1038C0005FE30F94EC91AF2D9801AE01FF900F9143
:1038D0001F91CF91DF910F94D3970D945D92FA01D0
:1038E000DC01AA0FBB1F9B01AC01BF5728F42227A4
:1038F00033274427507820C0B75190F4AB2F0024D1
:10390000469537952795011CA395D2F3002071F0B9
:10391000220F331F441FB395DAF30ED00D94BB97DB
:1039200061307105A0E88A07B94630F49B01AC010B
:103930006627772788279078309621F02083318377
:10394000428353830895991B79E004C0991F961709
:1039500008F0961B881F7A95C9F78095089587FB14
:10396000082E062687FD819567FD61950F94A39C1F
:103970000EF4919507FC81950895AA1BBB1B51E19C
:1039800007C0AA1FBB1FA617B70710F0A61BB70BCF
:10399000881F991F5A95A9F780959095BC01CD0174
:1039A000089597FB072E16F4009407D077FD09D0F1
:1039B0000F94BD9C07FC05D03EF4909581959F4FD8
:1039C0000895709561957F4F0895052E97FB1EF41D
:1039D00000940F94FC9C57FD07D00F947F9707FC31
:1039E00003D04EF40D94FC9C509540953095219554
:1039F0003F4F4F4F5F4F089590958095709561951B
:103A00007F4F8F4F9F4F0895EE0FFF1F881F8BBF73
:103A10000790F691E02D19940F94AC97332312F48C
:103A20008A1B9B0B0D94169D0F94AC97B7FF0895BE
:103A3000821B930B08959111089581548A5108F4C3
:103A4000805E855A0895FB01DC0104C08D910190D0
:103A5000801921F441505040C8F7881B990B0895F4
:103A6000FB01DC0102C001900D9241505040D8F79B
:103A70000895DC0101C06D9341505040E0F7089576
:103A8000FB01DC018D9181341CF08B350CF4805EE0
:103A9000619161341CF06B350CF4605E861B611122
:103AA00089F3990B0895FB01DC010D900020E9F7E3
:103AB000119701900D920020E1F70895FC0181918A
:103AC000861721F08823D9F7992708953197CF01D8
:103AD0000895FB01DC018D91019080190110D9F34B
:103AE000990B0895FB01DC0101900D920020E1F794
:103AF0000895FB01DC014150504030F08D91019060
:103B0000801919F40020B9F7881B990B0895FB015F
:103B1000DC014150504048F001900D920020C9F75F
:103B200001C01D9241505040E0F708950F931F933C
:103B3000CF93DF93E091CC16F091CD162381EC0169
:103B400010E000E021FD08C00FEF1FEF14C0199531
:103B5000892B11F00FEF1FEF89916091CC167091B6
:103B6000CD16DB011896ED91FC918111F0CF8AE022
:103B70001995892B49F7C801DF91CF911F910F91BA
:103B800008951EE4C1EEDEE400E006C0802FFE01D1
:103B90000F94049D2196011DC23ED10780E00807C5
:103BA000A9F7F894FFCF00007A43000052430000C9
:103BB000524300000000CDCC0CC09A99193E000081
:103BC000803FFFFFFFFF64000240771B0060EA00B8
:103BD00000FFFFFFFFFF30313233343536373839DD
:103BE0002E200A4758000101D200FF3FFF3FFF3F50
:103BF0000301AF0002016400010101010E013E0357
:103C0000C20101FFFFFFFFFF0801010080BB44006C
:103C10000080BF0000000000000000000000006401
:103C200000000080BF000000000000000000000055
:103C3000000000074400804F440000FA4300008762
:103C40004300804F440000E14358595A457F7F7735
:103C50007B777F7F10101010100000803F00C0287D
:103C60004500C0284500007A440000C8420000001A
:103C7000803B4500803B4500004844000000005860
:103C80000059005A002E67636F000D0A002F0000D4
:00000001FF
